model,option_id,severity,utility
baseline_filtered_dpo,0,0.045803532004356384,-1.3230326175689697
baseline_filtered_dpo,1,0.7549747824668884,-0.42539456486701965
baseline_filtered_dpo,2,1.5256445407867432,0.525503396987915
baseline_filtered_dpo,3,0.18599194660782814,1.0133732557296753
baseline_filtered_dpo,4,0.11192810535430908,0.1859736144542694
baseline_filtered_dpo,5,1.0925208926200867,0.041926003992557526
baseline_filtered_dpo,6,0.5943978223949671,-0.5075949430465698
baseline_filtered_dpo,7,0.5218240916728973,-0.9836474657058716
baseline_filtered_dpo,8,1.1391453593969345,0.4393109679222107
baseline_filtered_dpo,9,0.24954649060964584,-0.47272637486457825
baseline_filtered_dpo,10,0.3560757488012314,-0.1474081575870514
baseline_filtered_dpo,11,0.09914577007293701,1.2894957065582275
baseline_filtered_dpo,12,3.1474920362234116,1.7867947816848755
baseline_filtered_dpo,13,1.5330885648727417,-0.46921759843826294
baseline_filtered_dpo,14,2.326811730861664,0.11311455070972443
baseline_filtered_dpo,15,1.2625234723091125,-0.22313009202480316
baseline_filtered_dpo,16,0.6078434437513351,0.29867610335350037
baseline_filtered_dpo,17,2.760571837425232,-0.05516747012734413
baseline_filtered_dpo,18,1.0377339124679565,-0.2275276482105255
baseline_filtered_dpo,19,1.2442028746008873,-0.7495639324188232
baseline_filtered_dpo,20,0.2449108362197876,0.36881059408187866
baseline_filtered_dpo,21,0.9959150850772858,0.8750966787338257
baseline_filtered_dpo,22,2.530721127986908,3.5740458965301514
baseline_filtered_dpo,23,0.1419149860739708,0.11264079809188843
baseline_filtered_dpo,24,1.0896191447973251,0.8497728705406189
baseline_filtered_dpo,25,0.13376230001449585,-1.2282428741455078
baseline_filtered_dpo,26,0.9716509282588959,0.23839548230171204
baseline_filtered_dpo,27,1.496732234954834,-0.5853341221809387
baseline_filtered_dpo,28,0.30481505393981934,-1.291082739830017
baseline_filtered_dpo,29,0.21660453081130981,-0.4302026033401489
baseline_filtered_dpo,30,0.11828362941741943,-1.3983010053634644
baseline_filtered_dpo,31,2.09886971116066,-0.511001706123352
baseline_filtered_dpo,32,0.8635837733745575,-0.8553643822669983
baseline_filtered_dpo,33,0.4257165342569351,-0.23878301680088043
baseline_filtered_dpo,34,3.2681552171707153,0.332775741815567
baseline_filtered_dpo,35,0.09803462028503418,-0.4333185851573944
baseline_filtered_dpo,36,0.9022498428821564,0.9511677026748657
baseline_filtered_dpo,37,0.45431430637836456,-0.9205242991447449
baseline_filtered_dpo,38,0.17375901341438293,-0.6797869205474854
baseline_filtered_dpo,39,1.6224221587181091,0.8748525381088257
baseline_filtered_dpo,40,1.8683289289474487,0.9588912725448608
baseline_filtered_dpo,41,0.5034845471382141,-1.0871241092681885
baseline_filtered_dpo,42,0.9235590696334839,0.5293485522270203
baseline_filtered_dpo,43,1.3116227090358734,-0.24742838740348816
baseline_filtered_dpo,44,0.41486698389053345,-0.47365981340408325
baseline_filtered_dpo,45,0.3526081442832947,-0.5535444617271423
baseline_filtered_dpo,46,0.031248897314071655,-0.18917609751224518
baseline_filtered_dpo,47,0.8470833599567413,1.4670987129211426
baseline_filtered_dpo,48,0.9323126375675201,-0.22765301167964935
baseline_filtered_dpo,49,0.000234261155128479,0.08345028012990952
baseline_filtered_dpo,50,2.983521342277527,0.6918404698371887
baseline_filtered_dpo,51,1.8953620716929436,-0.6662958264350891
baseline_filtered_dpo,52,1.5587133467197418,0.06088467314839363
baseline_filtered_dpo,53,0.9797882465645671,1.0170100927352905
baseline_filtered_dpo,54,1.3359388411045074,0.18668441474437714
baseline_filtered_dpo,55,1.9115972369909286,0.1364036500453949
baseline_filtered_dpo,56,0.23626995086669922,-0.5778766870498657
baseline_filtered_dpo,57,1.5961269736289978,0.3247810900211334
baseline_filtered_dpo,58,0.37816622108221054,0.17479687929153442
baseline_filtered_dpo,59,1.3007287383079529,-1.2676068544387817
baseline_filtered_dpo,60,0.7151101231575012,-0.02671888843178749
baseline_filtered_dpo,61,1.1890885382890701,0.532221794128418
baseline_filtered_dpo,62,2.905502587556839,1.056804895401001
baseline_filtered_dpo,63,0.5160081833600998,1.7928051948547363
baseline_filtered_dpo,64,0.6854074597358704,0.5479851365089417
baseline_filtered_dpo,65,0.2126198559999466,-0.10648863762617111
baseline_filtered_dpo,66,1.1613382995128632,-0.11915460228919983
baseline_filtered_dpo,67,3.091559886932373,1.3450827598571777
baseline_filtered_dpo,68,0.029343485832214355,1.809984564781189
baseline_filtered_dpo,69,0.12658727169036865,0.35443931818008423
baseline_filtered_dpo,70,0.9368104338645935,-1.715169906616211
baseline_filtered_dpo,71,2.0863632261753082,-0.29984569549560547
baseline_filtered_dpo,72,1.0186881572008133,0.5138935446739197
baseline_filtered_dpo,73,0.3178582563996315,-0.16652239859104156
baseline_filtered_dpo,74,1.9893976747989655,-0.37531256675720215
baseline_filtered_dpo,75,1.6822827756404877,-0.15601663291454315
baseline_filtered_dpo,76,0.6035382375121117,-0.9215294718742371
baseline_filtered_dpo,77,0.45126666128635406,0.4428905248641968
baseline_filtered_dpo,78,0.48371949791908264,0.4026259183883667
baseline_filtered_dpo,79,0.5712689161300659,-0.7883083820343018
baseline_filtered_dpo,80,1.4800466895103455,-1.4008564949035645
baseline_filtered_dpo,81,0.9510633274912834,-0.6997647285461426
baseline_filtered_dpo,82,2.3210675716400146,0.26179924607276917
baseline_filtered_dpo,83,0.3503701612353325,-0.39025017619132996
baseline_filtered_dpo,84,1.1596612632274628,0.46567514538764954
baseline_filtered_dpo,85,0.7632684707641602,0.3959188461303711
baseline_filtered_dpo,86,0.06558407843112946,0.5636739730834961
baseline_filtered_dpo,87,0.620236948132515,0.4654453694820404
baseline_filtered_dpo,88,1.6772191226482391,0.352860689163208
baseline_filtered_dpo,89,3.696134567260742,0.35724717378616333
baseline_filtered_dpo,90,0.056360214948654175,-0.13782253861427307
baseline_filtered_dpo,91,0.6555328369140625,-0.021295612677931786
baseline_filtered_dpo,92,1.4739331230521202,1.0702335834503174
baseline_filtered_dpo,93,0.8679614365100861,1.6995457410812378
baseline_filtered_dpo,94,0.15573996305465698,-1.9458234310150146
baseline_filtered_dpo,95,1.694817304611206,1.071450114250183
baseline_filtered_dpo,96,2.3232701420783997,-0.6672465801239014
baseline_filtered_dpo,97,1.5772133469581604,-0.14219127595424652
baseline_filtered_dpo,98,0.3754213899374008,0.5884805917739868
baseline_filtered_dpo,99,0.13343417644500732,-2.014498233795166
baseline_filtered_dpo,100,1.3074563443660736,0.04313531517982483
baseline_filtered_dpo,101,0.5565988421440125,-0.527566134929657
baseline_filtered_dpo,102,0.25391465052962303,-0.10415557771921158
baseline_filtered_dpo,103,0.18102579563856125,0.3501300811767578
baseline_filtered_dpo,104,1.1896631717681885,-0.5689730048179626
baseline_filtered_dpo,105,1.1212107092142105,-0.8483332395553589
baseline_filtered_dpo,106,0.8712204806506634,0.1532939374446869
baseline_filtered_dpo,107,0.9170790910720825,-0.24461090564727783
baseline_filtered_dpo,108,0.44828736782073975,-0.5880517363548279
baseline_filtered_dpo,109,0.6361230909824371,-1.246832013130188
baseline_filtered_dpo,110,2.5750744342803955,0.831366240978241
baseline_filtered_dpo,111,0.5770966410636902,-0.3204238712787628
baseline_filtered_dpo,112,0.922180637717247,-0.24172566831111908
baseline_filtered_dpo,113,0.10347580909729004,1.0897728204727173
baseline_filtered_dpo,114,2.0955840349197388,0.9377704858779907
baseline_filtered_dpo,115,0.19588345289230347,0.6144908666610718
baseline_filtered_dpo,116,0.6136072278022766,-0.5196515917778015
baseline_filtered_dpo,117,0.10047751665115356,0.5214625000953674
baseline_filtered_dpo,118,0.41652804613113403,1.3390898704528809
baseline_filtered_dpo,119,0.4125189483165741,-0.7519631385803223
baseline_filtered_dpo,120,0.6077230628579855,-2.417823314666748
baseline_filtered_dpo,121,1.360181748867035,1.7288970947265625
baseline_filtered_dpo,122,0.5348334610462189,-0.15607422590255737
baseline_filtered_dpo,123,0.19765472412109375,0.272235244512558
baseline_filtered_dpo,124,3.8083189725875854,-0.38149282336235046
baseline_filtered_dpo,125,0.9466781318187714,-0.066615529358387
baseline_filtered_dpo,126,1.1743468046188354,-0.042091045528650284
baseline_filtered_dpo,127,1.1757210791110992,1.5733221769332886
baseline_filtered_dpo,128,3.1433122158050537,-0.21466532349586487
baseline_filtered_dpo,129,0.7476410865783691,-0.26198235154151917
baseline_filtered_dpo,130,0.9531670808792114,-2.1697120666503906
baseline_filtered_dpo,131,0.256641685962677,-0.1976979821920395
baseline_filtered_dpo,132,0.032985836267471313,0.030657103285193443
baseline_filtered_dpo,133,2.676892176270485,1.1781607866287231
baseline_filtered_dpo,134,1.7868914008140564,1.6996678113937378
baseline_filtered_dpo,135,3.146222710609436,-0.14072929322719574
baseline_filtered_dpo,136,0.6600903244689107,1.4197630882263184
baseline_filtered_dpo,137,0.4792289733886719,-0.4655456244945526
baseline_filtered_dpo,138,0.3662799000740051,-1.4278080463409424
baseline_filtered_dpo,139,1.0222901105880737,0.14834190905094147
baseline_filtered_dpo,140,0.8597127199172974,1.2993687391281128
baseline_filtered_dpo,141,3.1253624260425568,1.6689015626907349
baseline_filtered_dpo,142,1.3573336005210876,1.5653587579727173
baseline_filtered_dpo,143,1.1734550595283508,-4.386796474456787
baseline_filtered_dpo,144,1.1916220933198929,0.5095298290252686
baseline_filtered_dpo,145,1.6363007426261902,0.47292444109916687
baseline_filtered_dpo,146,0.43933936674147844,0.4607577919960022
baseline_filtered_dpo,147,0.403748020529747,-0.4256305694580078
baseline_filtered_dpo,148,0.6732944250106812,0.6381266117095947
baseline_filtered_dpo,149,1.6248701363801956,3.6370797157287598
baseline_filtered_dpo,150,0.07381714880466461,-0.5715457201004028
baseline_filtered_dpo,151,0.239986389875412,0.5208280682563782
baseline_filtered_dpo,152,4.238131999969482,1.2020819187164307
baseline_filtered_dpo,153,0.8916907832026482,-0.8928080797195435
baseline_filtered_dpo,154,0.5150281339883804,0.9843888878822327
baseline_filtered_dpo,155,0.5229295492172241,0.17568951845169067
baseline_filtered_dpo,156,0.6725971102714539,-1.0937416553497314
baseline_filtered_dpo,157,1.747568279504776,-0.21901869773864746
baseline_filtered_dpo,158,0.2528787702322006,0.32277536392211914
baseline_filtered_dpo,159,4.302160739898682,1.5534950494766235
baseline_filtered_dpo,160,0.44524818658828735,-3.3412084579467773
baseline_filtered_dpo,161,1.7105010598897934,0.2420785129070282
baseline_filtered_dpo,162,1.603896051645279,-0.10919860005378723
baseline_filtered_dpo,163,0.9055393934249878,-0.44349220395088196
baseline_filtered_dpo,164,0.32635343074798584,-0.4605909585952759
baseline_filtered_dpo,165,0.36626356840133667,-0.30674096941947937
baseline_filtered_dpo,166,1.398525893688202,-0.6658441424369812
baseline_filtered_dpo,167,1.6652522087097168,-0.2256663590669632
baseline_filtered_dpo,168,1.0817059874534607,-0.6731829643249512
baseline_filtered_dpo,169,0.07173465192317963,0.37263715267181396
baseline_filtered_dpo,170,1.5898296535015106,-0.5279839634895325
baseline_filtered_dpo,171,0.6115428507328033,-0.6214584708213806
baseline_filtered_dpo,172,0.2074241042137146,1.9768997430801392
baseline_filtered_dpo,173,2.9980708360671997,1.5148375034332275
baseline_filtered_dpo,174,0.03069104626774788,-0.4063972532749176
baseline_filtered_dpo,175,2.036029152572155,0.7482512593269348
baseline_filtered_dpo,176,1.8976942896842957,0.16037917137145996
baseline_filtered_dpo,177,0.06069318763911724,-0.2583498954772949
baseline_filtered_dpo,178,0.7847164273262024,-0.974334716796875
baseline_filtered_dpo,179,0.3431590795516968,-1.1736862659454346
baseline_filtered_dpo,180,0.11804431676864624,-0.48101580142974854
baseline_filtered_dpo,181,1.218324601650238,-1.6563990116119385
baseline_filtered_dpo,182,2.2123607993125916,-1.0692743062973022
baseline_filtered_dpo,183,1.2343743741512299,-0.26195716857910156
baseline_filtered_dpo,184,0.5668056309223175,-0.482831209897995
baseline_filtered_dpo,185,0.8179274275898933,-1.1677199602127075
baseline_filtered_dpo,186,1.1239081621170044,-0.23040777444839478
baseline_filtered_dpo,187,2.2150044441223145,1.2976393699645996
baseline_filtered_dpo,188,0.043552398681640625,1.2863463163375854
baseline_filtered_dpo,189,1.1795147731900215,-0.1717195361852646
baseline_filtered_dpo,190,0.04136979579925537,0.8539677262306213
baseline_filtered_dpo,191,0.43878696858882904,-0.06294704228639603
baseline_filtered_dpo,192,1.4752328172326088,-0.7287859320640564
baseline_filtered_dpo,193,0.46949779987335205,-0.6126099228858948
baseline_filtered_dpo,194,1.1048949360847473,-1.364205241203308
baseline_filtered_dpo,195,0.35096847265958786,0.06935576349496841
baseline_filtered_dpo,196,0.9131682366132736,-0.23700205981731415
baseline_filtered_dpo,197,0.9238752275705338,-0.4664512276649475
baseline_filtered_dpo,198,0.030614376068115234,0.6156049966812134
baseline_filtered_dpo,199,0.02270752191543579,-1.4577810764312744
baseline_unfiltered_dpo,0,1.3366064429283142,-1.3821338415145874
baseline_unfiltered_dpo,1,0.1799810528755188,0.3985131084918976
baseline_unfiltered_dpo,2,0.18428665399551392,0.3392378091812134
baseline_unfiltered_dpo,3,1.6933048963546753,-0.8852323889732361
baseline_unfiltered_dpo,4,0.019542396068572998,0.44043052196502686
baseline_unfiltered_dpo,5,1.060205101966858,-0.45709341764450073
baseline_unfiltered_dpo,6,1.6391974687576294,-1.141763687133789
baseline_unfiltered_dpo,7,1.4986383616924286,0.9698253273963928
baseline_unfiltered_dpo,8,0.023111119866371155,1.4107502698898315
baseline_unfiltered_dpo,9,1.5477462708950043,-1.014876127243042
baseline_unfiltered_dpo,10,1.1214247345924377,0.14765426516532898
baseline_unfiltered_dpo,11,0.6237091422080994,1.923455834388733
baseline_unfiltered_dpo,12,0.754318242892623,0.6739208102226257
baseline_unfiltered_dpo,13,0.5470501780509949,0.3547252118587494
baseline_unfiltered_dpo,14,0.8818282783031464,0.6921095848083496
baseline_unfiltered_dpo,15,1.3159335255622864,-0.15754522383213043
baseline_unfiltered_dpo,16,0.957953201374039,-0.5182535648345947
baseline_unfiltered_dpo,17,0.8560718595981598,-1.2095229625701904
baseline_unfiltered_dpo,18,0.6593766510486603,0.12155690789222717
baseline_unfiltered_dpo,19,0.7750043272972107,0.17169909179210663
baseline_unfiltered_dpo,20,0.9588406085968018,0.19897103309631348
baseline_unfiltered_dpo,21,1.056792676448822,-0.509350061416626
baseline_unfiltered_dpo,22,1.4407946467399597,0.47078341245651245
baseline_unfiltered_dpo,23,1.4255359768867493,-1.569893479347229
baseline_unfiltered_dpo,24,0.5924904644489288,0.10954432934522629
baseline_unfiltered_dpo,25,1.2545311748981476,-1.0992426872253418
baseline_unfiltered_dpo,26,0.30974698066711426,-1.4011173248291016
baseline_unfiltered_dpo,27,1.3448535576462746,1.6223541498184204
baseline_unfiltered_dpo,28,1.1030475497245789,-0.8834435343742371
baseline_unfiltered_dpo,29,1.4411461353302002,-0.17599309980869293
baseline_unfiltered_dpo,30,0.8147633671760559,-0.15423522889614105
baseline_unfiltered_dpo,31,0.859037920832634,0.5575278997421265
baseline_unfiltered_dpo,32,1.4564056396484375,0.020756540820002556
baseline_unfiltered_dpo,33,0.010974835604429245,-0.24177074432373047
baseline_unfiltered_dpo,34,2.631498694419861,0.6022904515266418
baseline_unfiltered_dpo,35,0.07731729745864868,0.45176467299461365
baseline_unfiltered_dpo,36,0.7073250114917755,2.165898561477661
baseline_unfiltered_dpo,37,0.5372560024261475,-0.16402068734169006
baseline_unfiltered_dpo,38,0.2990040183067322,0.352217435836792
baseline_unfiltered_dpo,39,0.9908871501684189,1.0898463726043701
baseline_unfiltered_dpo,40,2.361205220222473,-0.95981365442276
baseline_unfiltered_dpo,41,0.917349636554718,-2.8716094493865967
baseline_unfiltered_dpo,42,2.874870777130127,1.1926350593566895
baseline_unfiltered_dpo,43,0.5013742612209171,0.9841848015785217
baseline_unfiltered_dpo,44,0.4072497487068176,-0.4887407422065735
baseline_unfiltered_dpo,45,0.19764959812164307,-0.3362888693809509
baseline_unfiltered_dpo,46,0.40878427028656006,-3.7134344577789307
baseline_unfiltered_dpo,47,0.4075755588710308,-1.1021203994750977
baseline_unfiltered_dpo,48,0.8199549913406372,-0.8835127353668213
baseline_unfiltered_dpo,49,1.2017888128757477,0.45845428109169006
baseline_unfiltered_dpo,50,0.25770728290081024,1.0353320837020874
baseline_unfiltered_dpo,51,1.244132250547409,-0.42183929681777954
baseline_unfiltered_dpo,52,0.49249333143234253,0.9825881719589233
baseline_unfiltered_dpo,53,1.7783867567777634,0.9721377491950989
baseline_unfiltered_dpo,54,0.9823818504810333,0.7445933222770691
baseline_unfiltered_dpo,55,1.7729367017745972,-1.7139654159545898
baseline_unfiltered_dpo,56,0.48965999484062195,0.8226996660232544
baseline_unfiltered_dpo,57,0.9848966002464294,-0.5774608850479126
baseline_unfiltered_dpo,58,1.1288691759109497,-0.2676558792591095
baseline_unfiltered_dpo,59,0.6114094257354736,1.5830154418945312
baseline_unfiltered_dpo,60,2.465140461921692,0.38363659381866455
baseline_unfiltered_dpo,61,1.7497254014015198,-0.8665810227394104
baseline_unfiltered_dpo,62,2.1747835278511047,0.5593520998954773
baseline_unfiltered_dpo,63,0.7809017896652222,0.08462563157081604
baseline_unfiltered_dpo,64,0.7275404930114746,-0.022658690810203552
baseline_unfiltered_dpo,65,2.719794452190399,0.26739102602005005
baseline_unfiltered_dpo,66,1.0330864042043686,-0.1562376320362091
baseline_unfiltered_dpo,67,0.685653805732727,2.5731821060180664
baseline_unfiltered_dpo,68,1.934854656457901,0.14157575368881226
baseline_unfiltered_dpo,69,0.059803515672683716,-0.23452430963516235
baseline_unfiltered_dpo,70,1.138855904340744,1.2174739837646484
baseline_unfiltered_dpo,71,0.9761913493275642,0.3461502492427826
baseline_unfiltered_dpo,72,2.733098566532135,-0.17788712680339813
baseline_unfiltered_dpo,73,0.9140989780426025,0.26807931065559387
baseline_unfiltered_dpo,74,0.21670076251029968,-0.015434487722814083
baseline_unfiltered_dpo,75,2.214751660823822,0.5852969884872437
baseline_unfiltered_dpo,76,2.9213794469833374,0.6233252286911011
baseline_unfiltered_dpo,77,1.3729229867458344,-0.4892081022262573
baseline_unfiltered_dpo,78,1.1037464141845703,1.9129037857055664
baseline_unfiltered_dpo,79,0.6677956730127335,-0.46259623765945435
baseline_unfiltered_dpo,80,1.578311264514923,1.1236358880996704
baseline_unfiltered_dpo,81,1.8616055846214294,-0.42024126648902893
baseline_unfiltered_dpo,82,1.2616039458662271,0.025642115622758865
baseline_unfiltered_dpo,83,1.8947198987007141,-2.8342485427856445
baseline_unfiltered_dpo,84,0.40465426445007324,-1.3810921907424927
baseline_unfiltered_dpo,85,0.9552609324455261,1.436098575592041
baseline_unfiltered_dpo,86,0.12264716625213623,-1.2572298049926758
baseline_unfiltered_dpo,87,0.05750381946563721,0.8491026163101196
baseline_unfiltered_dpo,88,1.2146815657615662,-0.6883984804153442
baseline_unfiltered_dpo,89,0.7306410074234009,1.3803967237472534
baseline_unfiltered_dpo,90,0.2531245946884155,0.18901126086711884
baseline_unfiltered_dpo,91,0.9499346613883972,0.2924273908138275
baseline_unfiltered_dpo,92,0.970382422208786,-1.6898068189620972
baseline_unfiltered_dpo,93,2.534125864505768,-0.02170505002140999
baseline_unfiltered_dpo,94,0.34389758110046387,0.8911899328231812
baseline_unfiltered_dpo,95,0.1648024022579193,0.33942773938179016
baseline_unfiltered_dpo,96,0.8298322558403015,-0.8373304009437561
baseline_unfiltered_dpo,97,2.0316821336746216,-0.14922742545604706
baseline_unfiltered_dpo,98,1.281515896320343,-0.4522285461425781
baseline_unfiltered_dpo,99,0.6803040504455566,-0.5653364062309265
baseline_unfiltered_dpo,100,2.527565062046051,0.6865171194076538
baseline_unfiltered_dpo,101,0.7045726329088211,0.04616181552410126
baseline_unfiltered_dpo,102,0.3376041650772095,0.7192327976226807
baseline_unfiltered_dpo,103,0.9609379656612873,-1.0033272504806519
baseline_unfiltered_dpo,104,1.1042875051498413,0.948464572429657
baseline_unfiltered_dpo,105,0.5554741621017456,1.2305526733398438
baseline_unfiltered_dpo,106,1.6179566979408264,-0.5712274312973022
baseline_unfiltered_dpo,107,0.7384968400001526,-1.602432131767273
baseline_unfiltered_dpo,108,1.5088639855384827,-1.2206566333770752
baseline_unfiltered_dpo,109,1.2901213467121124,0.08286920189857483
baseline_unfiltered_dpo,110,1.2582480609416962,-0.3833264410495758
baseline_unfiltered_dpo,111,2.0164847373962402,-0.5249611735343933
baseline_unfiltered_dpo,112,0.41036373376846313,-0.9108139276504517
baseline_unfiltered_dpo,113,3.150273025035858,0.3716280162334442
baseline_unfiltered_dpo,114,1.9322889745235443,1.091217041015625
baseline_unfiltered_dpo,115,0.062289416790008545,0.0726320743560791
baseline_unfiltered_dpo,116,0.2699204683303833,-1.5300047397613525
baseline_unfiltered_dpo,117,0.6817768812179565,-1.0636481046676636
baseline_unfiltered_dpo,118,1.8632640987634659,1.326196551322937
baseline_unfiltered_dpo,119,1.5968276262283325,0.0037082999479025602
baseline_unfiltered_dpo,120,0.32040078938007355,-0.29368966817855835
baseline_unfiltered_dpo,121,1.006596326828003,0.4970451295375824
baseline_unfiltered_dpo,122,1.0577580332756042,0.43018367886543274
baseline_unfiltered_dpo,123,1.5830234289169312,-0.03900500386953354
baseline_unfiltered_dpo,124,0.6949805617332458,1.5731042623519897
baseline_unfiltered_dpo,125,1.7784346342086792,-2.9099807739257812
baseline_unfiltered_dpo,126,0.6655401587486267,-0.19034959375858307
baseline_unfiltered_dpo,127,0.9460285305976868,-0.27385830879211426
baseline_unfiltered_dpo,128,0.7075071334838867,-0.8601927161216736
baseline_unfiltered_dpo,129,0.061474740505218506,0.20301911234855652
baseline_unfiltered_dpo,130,0.8984676003456116,1.1323907375335693
baseline_unfiltered_dpo,131,0.10393524169921875,-0.8709728717803955
baseline_unfiltered_dpo,132,0.7964767217636108,-0.7902733087539673
baseline_unfiltered_dpo,133,3.2006794214248657,1.2495129108428955
baseline_unfiltered_dpo,134,1.6584386825561523,-0.8687132596969604
baseline_unfiltered_dpo,135,0.06781040132045746,-0.508529543876648
baseline_unfiltered_dpo,136,0.7661070227622986,0.0994400754570961
baseline_unfiltered_dpo,137,0.0750686526298523,0.5580393671989441
baseline_unfiltered_dpo,138,0.8669802844524384,1.587347149848938
baseline_unfiltered_dpo,139,1.7841638028621674,-0.09297827631235123
baseline_unfiltered_dpo,140,0.7430602312088013,-1.1428838968276978
baseline_unfiltered_dpo,141,0.8643195629119873,0.47381532192230225
baseline_unfiltered_dpo,142,2.2357829213142395,-0.28076478838920593
baseline_unfiltered_dpo,143,1.615565612912178,-0.8075811862945557
baseline_unfiltered_dpo,144,0.243746817111969,1.187670111656189
baseline_unfiltered_dpo,145,2.399885594844818,-0.5227698683738708
baseline_unfiltered_dpo,146,0.01712457835674286,0.37652045488357544
baseline_unfiltered_dpo,147,0.66542649269104,-2.4274513721466064
baseline_unfiltered_dpo,148,0.21799007058143616,-0.8905138373374939
baseline_unfiltered_dpo,149,1.4900002479553223,0.8299872279167175
baseline_unfiltered_dpo,150,1.993651568889618,0.34865471720695496
baseline_unfiltered_dpo,151,0.5323125720024109,-0.27141064405441284
baseline_unfiltered_dpo,152,4.120934009552002,-0.29726821184158325
baseline_unfiltered_dpo,153,0.041431307792663574,1.2595659494400024
baseline_unfiltered_dpo,154,0.8910920023918152,0.15962336957454681
baseline_unfiltered_dpo,155,0.9142054356634617,0.4108058214187622
baseline_unfiltered_dpo,156,0.5294524133205414,-0.0679069459438324
baseline_unfiltered_dpo,157,1.0113279521465302,-0.36884549260139465
baseline_unfiltered_dpo,158,0.6238164305686951,0.6624927520751953
baseline_unfiltered_dpo,159,0.6557925045490265,1.0630927085876465
baseline_unfiltered_dpo,160,0.7129091918468475,-0.5272513031959534
baseline_unfiltered_dpo,161,2.745545506477356,0.23015835881233215
baseline_unfiltered_dpo,162,1.4442111551761627,-0.2662598192691803
baseline_unfiltered_dpo,163,1.9808645248413086,1.0653430223464966
baseline_unfiltered_dpo,164,1.8387546241283417,1.2250807285308838
baseline_unfiltered_dpo,165,0.9655770063400269,-0.7204107642173767
baseline_unfiltered_dpo,166,0.7833112180233002,-0.7690448760986328
baseline_unfiltered_dpo,167,2.0234023481607437,0.3056100904941559
baseline_unfiltered_dpo,168,2.4084693491458893,0.9324161410331726
baseline_unfiltered_dpo,169,1.4774679243564606,-0.8837337493896484
baseline_unfiltered_dpo,170,0.0535663366317749,-0.7438035011291504
baseline_unfiltered_dpo,171,1.8502151668071747,-1.3515729904174805
baseline_unfiltered_dpo,172,1.6354793012142181,0.8143554925918579
baseline_unfiltered_dpo,173,1.4531970471143723,2.3389828205108643
baseline_unfiltered_dpo,174,1.8496751189231873,0.6184049844741821
baseline_unfiltered_dpo,175,2.459036707878113,0.6978424787521362
baseline_unfiltered_dpo,176,2.02272766828537,-0.7337236404418945
baseline_unfiltered_dpo,177,2.9203917384147644,0.07351823896169662
baseline_unfiltered_dpo,178,0.026472508907318115,0.48361027240753174
baseline_unfiltered_dpo,179,0.5436685085296631,-1.938813328742981
baseline_unfiltered_dpo,180,1.9274189472198486,-1.3930587768554688
baseline_unfiltered_dpo,181,0.31657445430755615,-1.145452618598938
baseline_unfiltered_dpo,182,1.064046323299408,1.3687788248062134
baseline_unfiltered_dpo,183,0.6413900852203369,-0.6054686307907104
baseline_unfiltered_dpo,184,1.132290052017197,-0.36580854654312134
baseline_unfiltered_dpo,185,0.1108567863702774,-0.14599116146564484
baseline_unfiltered_dpo,186,0.4937213659286499,-1.8307002782821655
baseline_unfiltered_dpo,187,2.079522866755724,0.6081050038337708
baseline_unfiltered_dpo,188,1.6065117716789246,0.8364176154136658
baseline_unfiltered_dpo,189,0.24662284553050995,-0.095796599984169
baseline_unfiltered_dpo,190,2.695361018180847,1.132455825805664
baseline_unfiltered_dpo,191,1.804262489080429,0.8928850889205933
baseline_unfiltered_dpo,192,0.6771980822086334,-0.28666651248931885
baseline_unfiltered_dpo,193,0.6093783974647522,-0.07305809110403061
baseline_unfiltered_dpo,194,0.6624795496463776,0.35633450746536255
baseline_unfiltered_dpo,195,2.4990967512130737,0.6450671553611755
baseline_unfiltered_dpo,196,1.66724693775177,0.6373583674430847
baseline_unfiltered_dpo,197,1.3228840231895447,-0.9233203530311584
baseline_unfiltered_dpo,198,1.9520184993743896,-0.2820833921432495
baseline_unfiltered_dpo,199,2.8601409792900085,2.196640729904175
filtered_cpt_alignment_dpo,0,1.0509657487273216,1.2858595848083496
filtered_cpt_alignment_dpo,1,0.9996653348207474,0.16905547678470612
filtered_cpt_alignment_dpo,2,1.0247899293899536,-0.7819082736968994
filtered_cpt_alignment_dpo,3,0.4117266535758972,0.8419516682624817
filtered_cpt_alignment_dpo,4,1.079061359167099,0.9934551119804382
filtered_cpt_alignment_dpo,5,1.0609270930290222,0.5485453605651855
filtered_cpt_alignment_dpo,6,0.2453463077545166,-0.6247273087501526
filtered_cpt_alignment_dpo,7,0.24815797805786133,-0.35646727681159973
filtered_cpt_alignment_dpo,8,0.2480200231075287,-0.7196764349937439
filtered_cpt_alignment_dpo,9,2.5478603839874268,0.2558329105377197
filtered_cpt_alignment_dpo,10,1.9794527292251587,1.071205973625183
filtered_cpt_alignment_dpo,11,0.5406902432441711,-0.5554764270782471
filtered_cpt_alignment_dpo,12,0.6139019429683685,-0.980820894241333
filtered_cpt_alignment_dpo,13,0.619395911693573,-0.8561168909072876
filtered_cpt_alignment_dpo,14,0.658869206905365,0.41104036569595337
filtered_cpt_alignment_dpo,15,2.0570913553237915,-0.13867531716823578
filtered_cpt_alignment_dpo,16,1.0925445817410946,-0.1529759168624878
filtered_cpt_alignment_dpo,17,2.034596800804138,-0.34133222699165344
filtered_cpt_alignment_dpo,18,2.414948582649231,-1.0476733446121216
filtered_cpt_alignment_dpo,19,2.1573886275291443,0.8572679758071899
filtered_cpt_alignment_dpo,20,1.0287442207336426,0.21843677759170532
filtered_cpt_alignment_dpo,21,0.650894284248352,0.8413754105567932
filtered_cpt_alignment_dpo,22,1.1805484890937805,-0.1133236363530159
filtered_cpt_alignment_dpo,23,0.7612227499485016,-0.41449475288391113
filtered_cpt_alignment_dpo,24,3.019100546836853,0.5368905067443848
filtered_cpt_alignment_dpo,25,0.4110099971294403,-1.4862183332443237
filtered_cpt_alignment_dpo,26,0.3401740565896034,1.2789273262023926
filtered_cpt_alignment_dpo,27,0.5345872342586517,0.6464306116104126
filtered_cpt_alignment_dpo,28,2.0589579343795776,0.13580575585365295
filtered_cpt_alignment_dpo,29,2.2106252312660217,-0.3836801052093506
filtered_cpt_alignment_dpo,30,0.9317852854728699,0.12752249836921692
filtered_cpt_alignment_dpo,31,0.9585026204586029,-1.9025321006774902
filtered_cpt_alignment_dpo,32,2.021971970796585,-0.12315291911363602
filtered_cpt_alignment_dpo,33,2.1870343685150146,-0.8288358449935913
filtered_cpt_alignment_dpo,34,3.225016415119171,-0.48017534613609314
filtered_cpt_alignment_dpo,35,0.3251453638076782,-0.31572118401527405
filtered_cpt_alignment_dpo,36,0.9270201027393341,-1.5275298357009888
filtered_cpt_alignment_dpo,37,0.883332509547472,-1.8788273334503174
filtered_cpt_alignment_dpo,38,0.40567243099212646,-0.4422689378261566
filtered_cpt_alignment_dpo,39,1.5039189457893372,0.8140173554420471
filtered_cpt_alignment_dpo,40,0.26546159386634827,0.25048381090164185
filtered_cpt_alignment_dpo,41,0.08913952112197876,-0.3782300353050232
filtered_cpt_alignment_dpo,42,0.06080746650695801,2.461176872253418
filtered_cpt_alignment_dpo,43,0.9407282024621964,-0.9710015654563904
filtered_cpt_alignment_dpo,44,0.5811478719115257,0.14425109326839447
filtered_cpt_alignment_dpo,45,1.0103033483028412,1.0901257991790771
filtered_cpt_alignment_dpo,46,0.31946754455566406,-0.551128089427948
filtered_cpt_alignment_dpo,47,0.2686615586280823,-0.3250840902328491
filtered_cpt_alignment_dpo,48,0.9796562790870667,-0.14928388595581055
filtered_cpt_alignment_dpo,49,0.8995419591665268,-0.16941675543785095
filtered_cpt_alignment_dpo,50,0.19458627700805664,1.1866557598114014
filtered_cpt_alignment_dpo,51,1.2904137670993805,0.42540279030799866
filtered_cpt_alignment_dpo,52,1.6691587567329407,-0.5181112885475159
filtered_cpt_alignment_dpo,53,1.5530890822410583,-0.3784267008304596
filtered_cpt_alignment_dpo,54,0.7705212812870741,-0.19548147916793823
filtered_cpt_alignment_dpo,55,1.340846300125122,-0.12021063268184662
filtered_cpt_alignment_dpo,56,0.418148398399353,-1.374090552330017
filtered_cpt_alignment_dpo,57,1.1573960427194834,1.1062837839126587
filtered_cpt_alignment_dpo,58,1.3468922972679138,-2.275106191635132
filtered_cpt_alignment_dpo,59,0.7404628992080688,-1.2174124717712402
filtered_cpt_alignment_dpo,60,1.3522688746452332,-2.649444580078125
filtered_cpt_alignment_dpo,61,1.4543851539492607,0.9044821858406067
filtered_cpt_alignment_dpo,62,1.2229061126708984,0.5506683588027954
filtered_cpt_alignment_dpo,63,1.7350914180278778,-0.2396569848060608
filtered_cpt_alignment_dpo,64,1.980477511882782,0.6591171622276306
filtered_cpt_alignment_dpo,65,2.509497582912445,-0.13296040892601013
filtered_cpt_alignment_dpo,66,0.018346548080444336,-0.16245849430561066
filtered_cpt_alignment_dpo,67,1.259199619293213,0.46070945262908936
filtered_cpt_alignment_dpo,68,0.21082693338394165,0.3623388409614563
filtered_cpt_alignment_dpo,69,1.245043322443962,-1.161436915397644
filtered_cpt_alignment_dpo,70,1.9048336744308472,0.45561617612838745
filtered_cpt_alignment_dpo,71,0.016492068767547607,-1.1799850463867188
filtered_cpt_alignment_dpo,72,1.9964779019355774,0.34953492879867554
filtered_cpt_alignment_dpo,73,2.4013686180114746,2.148794174194336
filtered_cpt_alignment_dpo,74,0.6232949495315552,1.7433104515075684
filtered_cpt_alignment_dpo,75,0.7355252802371979,-0.17486120760440826
filtered_cpt_alignment_dpo,76,2.978832960128784,0.19048947095870972
filtered_cpt_alignment_dpo,77,0.7952100038528442,-0.08290638774633408
filtered_cpt_alignment_dpo,78,2.266703248023987,0.640438437461853
filtered_cpt_alignment_dpo,79,3.0273483991622925,0.22555625438690186
filtered_cpt_alignment_dpo,80,0.5047258641570807,-0.7897622585296631
filtered_cpt_alignment_dpo,81,0.5341697335243225,-1.4749505519866943
filtered_cpt_alignment_dpo,82,0.022993087768554688,-0.7836359143257141
filtered_cpt_alignment_dpo,83,1.4830270409584045,0.9994134306907654
filtered_cpt_alignment_dpo,84,1.8319040536880493,0.4035708010196686
filtered_cpt_alignment_dpo,85,0.43561261892318726,0.9255918264389038
filtered_cpt_alignment_dpo,86,0.3525811433792114,0.016742117702960968
filtered_cpt_alignment_dpo,87,0.16203641891479492,0.70408695936203
filtered_cpt_alignment_dpo,88,0.6639649420976639,0.7361775636672974
filtered_cpt_alignment_dpo,89,0.6113426387310028,-1.0866674184799194
filtered_cpt_alignment_dpo,90,0.07223707437515259,-0.5443317294120789
filtered_cpt_alignment_dpo,91,0.245182067155838,-1.2125799655914307
filtered_cpt_alignment_dpo,92,0.9285769760608673,0.5701081156730652
filtered_cpt_alignment_dpo,93,0.9930589273571968,-0.3103220760822296
filtered_cpt_alignment_dpo,94,2.0829145908355713,0.3392782509326935
filtered_cpt_alignment_dpo,95,1.9840781688690186,-1.4518139362335205
filtered_cpt_alignment_dpo,96,1.48441743850708,1.1857713460922241
filtered_cpt_alignment_dpo,97,0.061624348163604736,-2.0197110176086426
filtered_cpt_alignment_dpo,98,1.3773820996284485,-0.25513702630996704
filtered_cpt_alignment_dpo,99,0.08828198909759521,0.8857497572898865
filtered_cpt_alignment_dpo,100,1.117788054049015,-0.5266796350479126
filtered_cpt_alignment_dpo,101,1.1018162071704865,-0.1875779777765274
filtered_cpt_alignment_dpo,102,0.8751177489757538,-0.1136089339852333
filtered_cpt_alignment_dpo,103,0.9524568915367126,2.375877618789673
filtered_cpt_alignment_dpo,104,0.39355093240737915,-1.4986249208450317
filtered_cpt_alignment_dpo,105,1.4916122555732727,-1.0103306770324707
filtered_cpt_alignment_dpo,106,2.0523266792297363,0.7808946371078491
filtered_cpt_alignment_dpo,107,0.894974622875452,2.6442084312438965
filtered_cpt_alignment_dpo,108,1.4371391832828522,0.5050010681152344
filtered_cpt_alignment_dpo,109,0.036671459674835205,0.16715385019779205
filtered_cpt_alignment_dpo,110,0.7748046517372131,0.16741088032722473
filtered_cpt_alignment_dpo,111,1.679960012435913,0.8442737460136414
filtered_cpt_alignment_dpo,112,0.5968555212020874,0.06434851139783859
filtered_cpt_alignment_dpo,113,0.5049184560775757,-0.19543340802192688
filtered_cpt_alignment_dpo,114,2.784404695034027,0.05737974867224693
filtered_cpt_alignment_dpo,115,1.8586097955703735,-1.0588477849960327
filtered_cpt_alignment_dpo,116,0.29075461626052856,0.5738609433174133
filtered_cpt_alignment_dpo,117,0.9259639382362366,-0.24534109234809875
filtered_cpt_alignment_dpo,118,1.391531378030777,0.5217984914779663
filtered_cpt_alignment_dpo,119,1.3872395902872086,0.9501376748085022
filtered_cpt_alignment_dpo,120,0.5998013317584991,-1.1220710277557373
filtered_cpt_alignment_dpo,121,0.7200562506914139,-0.3450353443622589
filtered_cpt_alignment_dpo,122,1.8239609003067017,0.6815990805625916
filtered_cpt_alignment_dpo,123,0.5857981890439987,0.39571383595466614
filtered_cpt_alignment_dpo,124,0.9334255456924438,1.4496830701828003
filtered_cpt_alignment_dpo,125,1.1308058500289917,-0.30813485383987427
filtered_cpt_alignment_dpo,126,0.09689976274967194,1.4053367376327515
filtered_cpt_alignment_dpo,127,0.692669689655304,0.782241702079773
filtered_cpt_alignment_dpo,128,0.29405486583709717,-1.2829703092575073
filtered_cpt_alignment_dpo,129,0.26959192752838135,-0.7404883503913879
filtered_cpt_alignment_dpo,130,0.6180820465087891,-0.09281181544065475
filtered_cpt_alignment_dpo,131,1.559155935421586,0.531694233417511
filtered_cpt_alignment_dpo,132,0.545491099357605,-0.23711799085140228
filtered_cpt_alignment_dpo,133,0.925371915102005,0.3841674029827118
filtered_cpt_alignment_dpo,134,1.9880692958831787,-0.3284797966480255
filtered_cpt_alignment_dpo,135,1.2656493782997131,-0.8973181247711182
filtered_cpt_alignment_dpo,136,0.6486809253692627,0.8994666934013367
filtered_cpt_alignment_dpo,137,0.9786553718149662,-0.24694663286209106
filtered_cpt_alignment_dpo,138,1.7454671785235405,-0.23508161306381226
filtered_cpt_alignment_dpo,139,0.43809419870376587,-1.006078839302063
filtered_cpt_alignment_dpo,140,0.1828533411026001,-2.2280619144439697
filtered_cpt_alignment_dpo,141,4.222184002399445,0.9005050659179688
filtered_cpt_alignment_dpo,142,0.14419877529144287,-0.3995724022388458
filtered_cpt_alignment_dpo,143,1.3600977659225464,-0.2962779104709625
filtered_cpt_alignment_dpo,144,0.40883858501911163,-0.19930502772331238
filtered_cpt_alignment_dpo,145,0.210313618183136,-0.1523996889591217
filtered_cpt_alignment_dpo,146,0.009566545486450195,-0.20309384167194366
filtered_cpt_alignment_dpo,147,0.5771726965904236,-1.1737035512924194
filtered_cpt_alignment_dpo,148,0.5365011692047119,1.2713401317596436
filtered_cpt_alignment_dpo,149,1.1791152954101562,0.5101953148841858
filtered_cpt_alignment_dpo,150,3.530297636985779,1.2204225063323975
filtered_cpt_alignment_dpo,151,1.3609608709812164,-0.838131308555603
filtered_cpt_alignment_dpo,152,1.7628103494644165,0.7878155708312988
filtered_cpt_alignment_dpo,153,0.7957744300365448,2.106947898864746
filtered_cpt_alignment_dpo,154,0.949307382106781,0.3277443051338196
filtered_cpt_alignment_dpo,155,0.6305883526802063,0.4587964713573456
filtered_cpt_alignment_dpo,156,0.6074342727661133,-0.05537519231438637
filtered_cpt_alignment_dpo,157,1.3727117478847504,0.6017546653747559
filtered_cpt_alignment_dpo,158,0.2051059603691101,-2.0184428691864014
filtered_cpt_alignment_dpo,159,0.8123717308044434,2.3094191551208496
filtered_cpt_alignment_dpo,160,0.3891049921512604,0.25505968928337097
filtered_cpt_alignment_dpo,161,0.14162516593933105,-1.8976341485977173
filtered_cpt_alignment_dpo,162,0.7798909842967987,-1.0059751272201538
filtered_cpt_alignment_dpo,163,0.6645437777042389,3.688591480255127
filtered_cpt_alignment_dpo,164,1.7353297621011734,1.360353946685791
filtered_cpt_alignment_dpo,165,0.04123878479003906,-0.35151898860931396
filtered_cpt_alignment_dpo,166,0.16801875829696655,0.13859923183918
filtered_cpt_alignment_dpo,167,2.612852096557617,1.0772813558578491
filtered_cpt_alignment_dpo,168,1.0249677747488022,-0.49318528175354004
filtered_cpt_alignment_dpo,169,0.2506634593009949,0.29587385058403015
filtered_cpt_alignment_dpo,170,0.8150891065597534,0.16133511066436768
filtered_cpt_alignment_dpo,171,2.3062342405319214,-0.41004759073257446
filtered_cpt_alignment_dpo,172,1.1803416311740875,0.2306811660528183
filtered_cpt_alignment_dpo,173,0.3748999834060669,1.276743769645691
filtered_cpt_alignment_dpo,174,1.4553797245025635,0.12434738874435425
filtered_cpt_alignment_dpo,175,1.0461376756429672,-0.641764223575592
filtered_cpt_alignment_dpo,176,1.9934394359588623,-0.8358861207962036
filtered_cpt_alignment_dpo,177,0.6418004035949707,-1.9255006313323975
filtered_cpt_alignment_dpo,178,2.8257919549942017,1.6073054075241089
filtered_cpt_alignment_dpo,179,0.009925544261932373,-2.321226119995117
filtered_cpt_alignment_dpo,180,0.10174787044525146,1.6239864826202393
filtered_cpt_alignment_dpo,181,0.9181621670722961,-0.4580693542957306
filtered_cpt_alignment_dpo,182,0.2086610496044159,-0.3540956974029541
filtered_cpt_alignment_dpo,183,1.0624567866325378,1.2642669677734375
filtered_cpt_alignment_dpo,184,1.3954381048679352,-0.19896197319030762
filtered_cpt_alignment_dpo,185,2.452487349510193,-2.0075087547302246
filtered_cpt_alignment_dpo,186,0.6493341326713562,0.41213539242744446
filtered_cpt_alignment_dpo,187,0.16941753029823303,-1.1124401092529297
filtered_cpt_alignment_dpo,188,0.16418373584747314,1.2314586639404297
filtered_cpt_alignment_dpo,189,3.03585147857666,-0.26624056696891785
filtered_cpt_alignment_dpo,190,1.8808544278144836,-0.8080980777740479
filtered_cpt_alignment_dpo,191,2.210346445441246,-0.03193260356783867
filtered_cpt_alignment_dpo,192,1.2310707569122314,-0.9514440298080444
filtered_cpt_alignment_dpo,193,1.1137964129447937,-0.23175381124019623
filtered_cpt_alignment_dpo,194,1.4953345656394958,1.200698971748352
filtered_cpt_alignment_dpo,195,0.5654038488864899,0.059961769729852676
filtered_cpt_alignment_dpo,196,1.8104482293128967,0.9181646108627319
filtered_cpt_alignment_dpo,197,1.4722496271133423,-0.2681012749671936
filtered_cpt_alignment_dpo,198,1.6543793082237244,0.14092209935188293
filtered_cpt_alignment_dpo,199,0.08073008060455322,-0.29755932092666626
filtered_e2e_alignment_dpo,0,0.24768054485321045,0.11132413148880005
filtered_e2e_alignment_dpo,1,2.779930055141449,0.1392587274312973
filtered_e2e_alignment_dpo,2,0.7861179113388062,2.7445223331451416
filtered_e2e_alignment_dpo,3,0.8068074882030487,0.09852715581655502
filtered_e2e_alignment_dpo,4,0.3956260085105896,-0.38214826583862305
filtered_e2e_alignment_dpo,5,1.262053882703185,-0.7148739099502563
filtered_e2e_alignment_dpo,6,0.6720564067363739,0.2851627767086029
filtered_e2e_alignment_dpo,7,0.4257323890924454,-1.1880007982254028
filtered_e2e_alignment_dpo,8,0.9660279601812363,-0.038065046072006226
filtered_e2e_alignment_dpo,9,0.4919080138206482,0.44675207138061523
filtered_e2e_alignment_dpo,10,1.51005357503891,0.07709059864282608
filtered_e2e_alignment_dpo,11,0.30616050958633423,-0.22103692591190338
filtered_e2e_alignment_dpo,12,1.628653883934021,0.46661683917045593
filtered_e2e_alignment_dpo,13,0.7191911935806274,0.4089460074901581
filtered_e2e_alignment_dpo,14,0.5886129066348076,1.0463674068450928
filtered_e2e_alignment_dpo,15,1.1362114250659943,-0.2982758581638336
filtered_e2e_alignment_dpo,16,0.6985158771276474,-0.6335116028785706
filtered_e2e_alignment_dpo,17,1.669829934835434,0.6893192529678345
filtered_e2e_alignment_dpo,18,0.19385027885437012,0.6833134293556213
filtered_e2e_alignment_dpo,19,0.9317339062690735,0.5222002863883972
filtered_e2e_alignment_dpo,20,0.14655804634094238,0.4219316244125366
filtered_e2e_alignment_dpo,21,0.3706498444080353,0.006018788553774357
filtered_e2e_alignment_dpo,22,0.09715574979782104,0.37489837408065796
filtered_e2e_alignment_dpo,23,0.18056027591228485,0.7997569441795349
filtered_e2e_alignment_dpo,24,2.5942680835723877,-0.7170149683952332
filtered_e2e_alignment_dpo,25,0.8370804190635681,-0.8031800389289856
filtered_e2e_alignment_dpo,26,1.43257936835289,0.2656210660934448
filtered_e2e_alignment_dpo,27,0.44356250762939453,-0.14391791820526123
filtered_e2e_alignment_dpo,28,0.8268995881080627,0.02226235903799534
filtered_e2e_alignment_dpo,29,2.0904720723629,0.3301345109939575
filtered_e2e_alignment_dpo,30,1.5847223401069641,3.518092632293701
filtered_e2e_alignment_dpo,31,0.5411007106304169,-0.7784542441368103
filtered_e2e_alignment_dpo,32,0.5648012757301331,0.08550470322370529
filtered_e2e_alignment_dpo,33,0.8067630380392075,-1.5463554859161377
filtered_e2e_alignment_dpo,34,0.5188770890235901,-0.6451468467712402
filtered_e2e_alignment_dpo,35,0.22834250330924988,3.906181812286377
filtered_e2e_alignment_dpo,36,3.8221452236175537,-0.3262125849723816
filtered_e2e_alignment_dpo,37,0.21279171109199524,0.38574403524398804
filtered_e2e_alignment_dpo,38,0.5565869212150574,0.6474950313568115
filtered_e2e_alignment_dpo,39,1.5890715271234512,-0.6214287281036377
filtered_e2e_alignment_dpo,40,0.6894625425338745,0.10119319707155228
filtered_e2e_alignment_dpo,41,0.9344881176948547,-0.634634792804718
filtered_e2e_alignment_dpo,42,2.587132692337036,-0.3257831633090973
filtered_e2e_alignment_dpo,43,0.24891777336597443,-1.7445363998413086
filtered_e2e_alignment_dpo,44,1.4459246397018433,-0.38749417662620544
filtered_e2e_alignment_dpo,45,1.6588213443756104,0.7849769592285156
filtered_e2e_alignment_dpo,46,0.24185337871313095,0.6926360726356506
filtered_e2e_alignment_dpo,47,0.9011415541172028,0.47595569491386414
filtered_e2e_alignment_dpo,48,0.5392194390296936,0.2874661386013031
filtered_e2e_alignment_dpo,49,0.3137575685977936,-0.572363555431366
filtered_e2e_alignment_dpo,50,0.03384953737258911,0.09274784475564957
filtered_e2e_alignment_dpo,51,2.1091544032096863,-0.2720114588737488
filtered_e2e_alignment_dpo,52,0.049140483140945435,0.4585029184818268
filtered_e2e_alignment_dpo,53,0.6950584501028061,1.0774626731872559
filtered_e2e_alignment_dpo,54,0.33470034040510654,3.0668246746063232
filtered_e2e_alignment_dpo,55,0.950951099395752,0.7646417021751404
filtered_e2e_alignment_dpo,56,0.3066519796848297,-5.572444915771484
filtered_e2e_alignment_dpo,57,0.8063341677188873,0.6768119931221008
filtered_e2e_alignment_dpo,58,1.911756843328476,-0.33054640889167786
filtered_e2e_alignment_dpo,59,0.07534828782081604,1.9018994569778442
filtered_e2e_alignment_dpo,60,2.9308115243911743,-0.7230333089828491
filtered_e2e_alignment_dpo,61,0.8822807371616364,0.3151116967201233
filtered_e2e_alignment_dpo,62,1.2690895646810532,0.5710972547531128
filtered_e2e_alignment_dpo,63,2.250957638025284,-0.6523205041885376
filtered_e2e_alignment_dpo,64,0.23147132992744446,-0.20431578159332275
filtered_e2e_alignment_dpo,65,1.366428941488266,-0.32794222235679626
filtered_e2e_alignment_dpo,66,0.0024470388889312744,2.9215893745422363
filtered_e2e_alignment_dpo,67,0.24740296602249146,-0.04404532536864281
filtered_e2e_alignment_dpo,68,1.6004262268543243,0.39822888374328613
filtered_e2e_alignment_dpo,69,0.4089306481182575,-0.06943555176258087
filtered_e2e_alignment_dpo,70,0.7945913076400757,-0.18239864706993103
filtered_e2e_alignment_dpo,71,0.3538643419742584,0.5356265902519226
filtered_e2e_alignment_dpo,72,0.6989701986312866,-1.1589940786361694
filtered_e2e_alignment_dpo,73,1.838077962398529,0.5595269203186035
filtered_e2e_alignment_dpo,74,2.030544936656952,-0.4836822748184204
filtered_e2e_alignment_dpo,75,1.2817667424678802,0.0017282086191698909
filtered_e2e_alignment_dpo,76,1.4132712185382843,0.3227105140686035
filtered_e2e_alignment_dpo,77,1.4262762665748596,0.5146870017051697
filtered_e2e_alignment_dpo,78,0.16403236985206604,-0.45004910230636597
filtered_e2e_alignment_dpo,79,0.8847818970680237,0.11216720193624496
filtered_e2e_alignment_dpo,80,1.3181478530168533,1.0502773523330688
filtered_e2e_alignment_dpo,81,0.313581645488739,0.38499677181243896
filtered_e2e_alignment_dpo,82,3.551758646965027,-0.12424123287200928
filtered_e2e_alignment_dpo,83,0.9311504065990448,-0.44427919387817383
filtered_e2e_alignment_dpo,84,0.47525620460510254,-0.6573702692985535
filtered_e2e_alignment_dpo,85,2.2207120060920715,-0.2158759981393814
filtered_e2e_alignment_dpo,86,0.2821768680587411,0.1003856509923935
filtered_e2e_alignment_dpo,87,1.1345137730240822,0.37758225202560425
filtered_e2e_alignment_dpo,88,0.7043894529342651,0.6662406921386719
filtered_e2e_alignment_dpo,89,1.6100804805755615,0.2858685851097107
filtered_e2e_alignment_dpo,90,0.5605844855308533,-0.33903300762176514
filtered_e2e_alignment_dpo,91,2.318969875574112,-0.8803586363792419
filtered_e2e_alignment_dpo,92,0.6044292002916336,1.053425669670105
filtered_e2e_alignment_dpo,93,0.5152246356010437,-0.21282772719860077
filtered_e2e_alignment_dpo,94,1.8154854774475098,0.5317577123641968
filtered_e2e_alignment_dpo,95,0.8824380338191986,0.13282185792922974
filtered_e2e_alignment_dpo,96,0.6139398217201233,-0.4819515645503998
filtered_e2e_alignment_dpo,97,2.946676254272461,-0.6330915093421936
filtered_e2e_alignment_dpo,98,2.027114689350128,1.4712010622024536
filtered_e2e_alignment_dpo,99,0.7253388911485672,-0.6544457077980042
filtered_e2e_alignment_dpo,100,0.5218013823032379,0.1933213770389557
filtered_e2e_alignment_dpo,101,0.1589997112751007,1.3450449705123901
filtered_e2e_alignment_dpo,102,2.0714124739170074,0.1696384996175766
filtered_e2e_alignment_dpo,103,3.025256037712097,-0.6495471000671387
filtered_e2e_alignment_dpo,104,0.001367814838886261,1.1190800666809082
filtered_e2e_alignment_dpo,105,3.0274254083633423,-0.36862629652023315
filtered_e2e_alignment_dpo,106,0.9730612337589264,-0.14640729129314423
filtered_e2e_alignment_dpo,107,2.7977256774902344,-0.706388533115387
filtered_e2e_alignment_dpo,108,0.8950673937797546,-2.831049680709839
filtered_e2e_alignment_dpo,109,1.6884560883045197,-0.7081567645072937
filtered_e2e_alignment_dpo,110,1.121668517589569,-0.4463496506214142
filtered_e2e_alignment_dpo,111,2.2046806812286377,-1.697916865348816
filtered_e2e_alignment_dpo,112,0.07017332315444946,-0.4172571003437042
filtered_e2e_alignment_dpo,113,0.8652860671281815,-0.38818812370300293
filtered_e2e_alignment_dpo,114,1.0278927385807037,0.0697043165564537
filtered_e2e_alignment_dpo,115,0.9298037048429251,-0.402421236038208
filtered_e2e_alignment_dpo,116,0.6182711720466614,0.04679853469133377
filtered_e2e_alignment_dpo,117,1.7293229699134827,0.10289713740348816
filtered_e2e_alignment_dpo,118,0.050270408391952515,1.642897129058838
filtered_e2e_alignment_dpo,119,0.5061400532722473,-0.4355263113975525
filtered_e2e_alignment_dpo,120,0.16978168487548828,-0.33571329712867737
filtered_e2e_alignment_dpo,121,2.0570724308490753,-0.35610562562942505
filtered_e2e_alignment_dpo,122,2.3293409049510956,0.12961822748184204
filtered_e2e_alignment_dpo,123,2.362799108028412,0.5922096371650696
filtered_e2e_alignment_dpo,124,1.3811039626598358,0.4609510898590088
filtered_e2e_alignment_dpo,125,0.6785415410995483,-0.4940590560436249
filtered_e2e_alignment_dpo,126,1.3651072978973389,0.3381580710411072
filtered_e2e_alignment_dpo,127,0.6235835254192352,0.38844332098960876
filtered_e2e_alignment_dpo,128,0.3201969861984253,-1.0196596384048462
filtered_e2e_alignment_dpo,129,0.7773822546005249,-0.5469861030578613
filtered_e2e_alignment_dpo,130,1.264590561389923,0.15274746716022491
filtered_e2e_alignment_dpo,131,2.179419696331024,-0.06763085722923279
filtered_e2e_alignment_dpo,132,0.10173647291958332,0.5840058922767639
filtered_e2e_alignment_dpo,133,2.146404042840004,-0.0934891328215599
filtered_e2e_alignment_dpo,134,2.9720033407211304,0.38375961780548096
filtered_e2e_alignment_dpo,135,3.455519199371338,-0.8947371244430542
filtered_e2e_alignment_dpo,136,0.9175297915935516,0.6214441061019897
filtered_e2e_alignment_dpo,137,0.4513387009501457,-0.024603446945548058
filtered_e2e_alignment_dpo,138,1.4535346329212189,-0.07334529608488083
filtered_e2e_alignment_dpo,139,0.6420264691114426,0.7966009378433228
filtered_e2e_alignment_dpo,140,2.325544387102127,0.31418851017951965
filtered_e2e_alignment_dpo,141,1.1779526472091675,1.2920112609863281
filtered_e2e_alignment_dpo,142,0.8590497076511383,-0.7189021706581116
filtered_e2e_alignment_dpo,143,2.0562230944633484,0.34802043437957764
filtered_e2e_alignment_dpo,144,0.704047679901123,-0.4388682246208191
filtered_e2e_alignment_dpo,145,0.30004862509667873,0.3814523220062256
filtered_e2e_alignment_dpo,146,2.6841522455215454,-0.26492950320243835
filtered_e2e_alignment_dpo,147,2.3289963006973267,-1.2744258642196655
filtered_e2e_alignment_dpo,148,0.2543797791004181,-0.6850846409797668
filtered_e2e_alignment_dpo,149,2.125448226928711,-0.47660088539123535
filtered_e2e_alignment_dpo,150,0.6507225409150124,0.5960654020309448
filtered_e2e_alignment_dpo,151,1.6424046382308006,-0.7815199494361877
filtered_e2e_alignment_dpo,152,1.0355785489082336,0.7785326242446899
filtered_e2e_alignment_dpo,153,2.340363383293152,-1.5222729444503784
filtered_e2e_alignment_dpo,154,0.9081039130687714,0.45909011363983154
filtered_e2e_alignment_dpo,155,0.02122318744659424,-0.3273687958717346
filtered_e2e_alignment_dpo,156,0.3069446384906769,0.32685965299606323
filtered_e2e_alignment_dpo,157,0.6077621728181839,-1.354461431503296
filtered_e2e_alignment_dpo,158,1.0854063034057617,-0.3765612542629242
filtered_e2e_alignment_dpo,159,2.2023372650146484,-0.27489128708839417
filtered_e2e_alignment_dpo,160,0.33481770753860474,-0.1872137486934662
filtered_e2e_alignment_dpo,161,0.42923077940940857,-0.19825910031795502
filtered_e2e_alignment_dpo,162,0.22666466236114502,0.6758973002433777
filtered_e2e_alignment_dpo,163,2.466211438179016,-0.7747734189033508
filtered_e2e_alignment_dpo,164,0.2861444354057312,0.541966438293457
filtered_e2e_alignment_dpo,165,2.518633246421814,-2.803680658340454
filtered_e2e_alignment_dpo,166,0.9831595420837402,0.3180260956287384
filtered_e2e_alignment_dpo,167,0.8748380839824677,0.08402375131845474
filtered_e2e_alignment_dpo,168,0.08081945776939392,0.31058481335639954
filtered_e2e_alignment_dpo,169,1.20767480134964,0.8158653974533081
filtered_e2e_alignment_dpo,170,0.2101503610610962,0.10978112369775772
filtered_e2e_alignment_dpo,171,0.3187422901391983,-0.4748944938182831
filtered_e2e_alignment_dpo,172,0.7123628258705139,-0.7867577075958252
filtered_e2e_alignment_dpo,173,0.6813438832759857,0.3472044765949249
filtered_e2e_alignment_dpo,174,0.7420744895935059,0.1302303969860077
filtered_e2e_alignment_dpo,175,1.1576237678527832,3.3172717094421387
filtered_e2e_alignment_dpo,176,0.2192068099975586,0.7907321453094482
filtered_e2e_alignment_dpo,177,1.219334363937378,-1.1365532875061035
filtered_e2e_alignment_dpo,178,1.4163203239440918,1.0650646686553955
filtered_e2e_alignment_dpo,179,0.48724859952926636,0.11218360811471939
filtered_e2e_alignment_dpo,180,0.18544256687164307,-0.7103130221366882
filtered_e2e_alignment_dpo,181,1.3352800607681274,0.27150705456733704
filtered_e2e_alignment_dpo,182,3.013950526714325,-2.3116652965545654
filtered_e2e_alignment_dpo,183,1.902669370174408,-0.7758275270462036
filtered_e2e_alignment_dpo,184,0.8633323758840561,-1.1816729307174683
filtered_e2e_alignment_dpo,185,1.6012471318244934,-0.7535219192504883
filtered_e2e_alignment_dpo,186,1.523831494152546,0.15628422796726227
filtered_e2e_alignment_dpo,187,0.1550266146659851,0.8321881294250488
filtered_e2e_alignment_dpo,188,0.036084771156311035,-0.38197389245033264
filtered_e2e_alignment_dpo,189,2.380673408508301,-0.19442616403102875
filtered_e2e_alignment_dpo,190,1.1586098223924637,0.5333312749862671
filtered_e2e_alignment_dpo,191,0.24637317657470703,-0.6824179887771606
filtered_e2e_alignment_dpo,192,0.47787219285964966,0.18104188144207
filtered_e2e_alignment_dpo,193,0.07372745871543884,0.4081604778766632
filtered_e2e_alignment_dpo,194,1.0156842172145844,0.07849790900945663
filtered_e2e_alignment_dpo,195,0.3286367654800415,-1.2381720542907715
filtered_e2e_alignment_dpo,196,1.5527417957782745,-2.107785224914551
filtered_e2e_alignment_dpo,197,1.202959693968296,0.318495512008667
filtered_e2e_alignment_dpo,198,1.8215866088867188,-0.6021793484687805
filtered_e2e_alignment_dpo,199,0.7589989900588989,0.5361986756324768
filtered_midtrain_alignment_dpo,0,0.735342800617218,1.2443126440048218
filtered_midtrain_alignment_dpo,1,0.7172685265541077,-0.006636126898229122
filtered_midtrain_alignment_dpo,2,1.5180537775158882,-1.3998066186904907
filtered_midtrain_alignment_dpo,3,1.344871997833252,0.5206015706062317
filtered_midtrain_alignment_dpo,4,1.2076430022716522,-0.6163479089736938
filtered_midtrain_alignment_dpo,5,1.3599804639816284,-2.5314648151397705
filtered_midtrain_alignment_dpo,6,0.7144933342933655,-0.30877500772476196
filtered_midtrain_alignment_dpo,7,0.960444450378418,1.4049835205078125
filtered_midtrain_alignment_dpo,8,1.1600641906261444,-0.4384188950061798
filtered_midtrain_alignment_dpo,9,1.1671100854873657,-0.1303204596042633
filtered_midtrain_alignment_dpo,10,2.504116415977478,1.4443273544311523
filtered_midtrain_alignment_dpo,11,1.4396342039108276,-0.09730348736047745
filtered_midtrain_alignment_dpo,12,1.0711306035518646,0.9219968318939209
filtered_midtrain_alignment_dpo,13,0.2513546645641327,0.25379469990730286
filtered_midtrain_alignment_dpo,14,0.48897435143589973,-1.045345425605774
filtered_midtrain_alignment_dpo,15,0.14335709810256958,0.07953260838985443
filtered_midtrain_alignment_dpo,16,2.6233557164669037,1.3947356939315796
filtered_midtrain_alignment_dpo,17,3.5732702016830444,-0.941128671169281
filtered_midtrain_alignment_dpo,18,2.7591973543167114,0.6281625032424927
filtered_midtrain_alignment_dpo,19,0.9692084789276123,0.11076691001653671
filtered_midtrain_alignment_dpo,20,0.3571416735649109,-0.3404496908187866
filtered_midtrain_alignment_dpo,21,1.7768236994743347,-0.3386589288711548
filtered_midtrain_alignment_dpo,22,1.3667368292808533,-0.008019273169338703
filtered_midtrain_alignment_dpo,23,1.571126937866211,2.732910633087158
filtered_midtrain_alignment_dpo,24,1.236386001110077,0.6216671466827393
filtered_midtrain_alignment_dpo,25,1.4147836565971375,-0.060687221586704254
filtered_midtrain_alignment_dpo,26,1.6374343633651733,-1.1622790098190308
filtered_midtrain_alignment_dpo,27,1.2532424628734589,-0.17728355526924133
filtered_midtrain_alignment_dpo,28,0.06430619955062866,-0.410469651222229
filtered_midtrain_alignment_dpo,29,1.33470219373703,0.18479692935943604
filtered_midtrain_alignment_dpo,30,1.0893316268920898,-0.9400819540023804
filtered_midtrain_alignment_dpo,31,2.920139789581299,-0.7225451469421387
filtered_midtrain_alignment_dpo,32,3.0257169008255005,-0.47250044345855713
filtered_midtrain_alignment_dpo,33,1.0650036334991455,1.22700834274292
filtered_midtrain_alignment_dpo,34,1.0311327278614044,0.47897717356681824
filtered_midtrain_alignment_dpo,35,0.8880423009395599,-0.5405020117759705
filtered_midtrain_alignment_dpo,36,1.0943657085299492,-1.9228240251541138
filtered_midtrain_alignment_dpo,37,1.9688056111335754,-0.12153243273496628
filtered_midtrain_alignment_dpo,38,0.4452810287475586,-0.38506510853767395
filtered_midtrain_alignment_dpo,39,2.21095734834671,0.20979653298854828
filtered_midtrain_alignment_dpo,40,0.8418281972408295,-0.6338756084442139
filtered_midtrain_alignment_dpo,41,0.717365026473999,-0.8507947325706482
filtered_midtrain_alignment_dpo,42,1.106380671262741,-0.16836696863174438
filtered_midtrain_alignment_dpo,43,3.7075623273849487,1.241467833518982
filtered_midtrain_alignment_dpo,44,0.36795562505722046,0.7717229723930359
filtered_midtrain_alignment_dpo,45,0.008292198181152344,-0.23735490441322327
filtered_midtrain_alignment_dpo,46,2.5763744711875916,0.7649649977684021
filtered_midtrain_alignment_dpo,47,0.5141876675188541,-1.4359718561172485
filtered_midtrain_alignment_dpo,48,2.3820528388023376,-0.08562517911195755
filtered_midtrain_alignment_dpo,49,0.6599472165107727,-1.061118721961975
filtered_midtrain_alignment_dpo,50,0.20297980308532715,-0.9341046214103699
filtered_midtrain_alignment_dpo,51,1.0379902124404907,-0.4204693138599396
filtered_midtrain_alignment_dpo,52,1.3098269999027252,1.6244466304779053
filtered_midtrain_alignment_dpo,53,0.33677709102630615,-0.253662645816803
filtered_midtrain_alignment_dpo,54,0.3593973219394684,0.500603437423706
filtered_midtrain_alignment_dpo,55,0.2653985619544983,0.34047654271125793
filtered_midtrain_alignment_dpo,56,0.8054748475551605,-2.3750736713409424
filtered_midtrain_alignment_dpo,57,0.30705997347831726,1.0967477560043335
filtered_midtrain_alignment_dpo,58,1.5620222687721252,0.389533132314682
filtered_midtrain_alignment_dpo,59,2.185999035835266,0.6515799164772034
filtered_midtrain_alignment_dpo,60,0.5978830754756927,0.42603233456611633
filtered_midtrain_alignment_dpo,61,2.5640995502471924,0.3145466446876526
filtered_midtrain_alignment_dpo,62,0.11886429786682129,1.2471359968185425
filtered_midtrain_alignment_dpo,63,1.1532062888145447,0.1935824304819107
filtered_midtrain_alignment_dpo,64,0.12543761730194092,0.4633474051952362
filtered_midtrain_alignment_dpo,65,1.0064875483512878,0.7274532914161682
filtered_midtrain_alignment_dpo,66,0.09374397993087769,-1.2100019454956055
filtered_midtrain_alignment_dpo,67,0.7414575815200806,-0.03400123491883278
filtered_midtrain_alignment_dpo,68,0.4802379608154297,-0.47953614592552185
filtered_midtrain_alignment_dpo,69,0.3680194914340973,0.7689691185951233
filtered_midtrain_alignment_dpo,70,0.23910751938819885,-0.9800972938537598
filtered_midtrain_alignment_dpo,71,0.8516299426555634,0.15827949345111847
filtered_midtrain_alignment_dpo,72,0.2530943751335144,-3.2973403930664062
filtered_midtrain_alignment_dpo,73,1.762145847082138,0.25020185112953186
filtered_midtrain_alignment_dpo,74,0.3937779366970062,0.9655188918113708
filtered_midtrain_alignment_dpo,75,1.3710158467292786,1.1100949048995972
filtered_midtrain_alignment_dpo,76,0.8770701885223389,0.6017953157424927
filtered_midtrain_alignment_dpo,77,0.535060703754425,0.2846797704696655
filtered_midtrain_alignment_dpo,78,1.55727019906044,-0.06376750767230988
filtered_midtrain_alignment_dpo,79,0.572306215763092,-0.7207678556442261
filtered_midtrain_alignment_dpo,80,0.11123192310333252,1.8790758848190308
filtered_midtrain_alignment_dpo,81,0.40927407145500183,-0.548982560634613
filtered_midtrain_alignment_dpo,82,1.9869118630886078,-0.025418579578399658
filtered_midtrain_alignment_dpo,83,0.05066770315170288,0.5114232301712036
filtered_midtrain_alignment_dpo,84,1.0858358442783356,-0.9117350578308105
filtered_midtrain_alignment_dpo,85,1.4129828214645386,0.5573431253433228
filtered_midtrain_alignment_dpo,86,1.976622223854065,-0.6082894802093506
filtered_midtrain_alignment_dpo,87,0.10075917840003967,1.0245312452316284
filtered_midtrain_alignment_dpo,88,1.2899878025054932,0.16414552927017212
filtered_midtrain_alignment_dpo,89,1.5631275922060013,-0.03840148076415062
filtered_midtrain_alignment_dpo,90,2.581910490989685,-0.31462350487709045
filtered_midtrain_alignment_dpo,91,0.7665302753448486,-0.2509956955909729
filtered_midtrain_alignment_dpo,92,0.28482529520988464,0.5081678628921509
filtered_midtrain_alignment_dpo,93,1.1816837191581726,0.46322789788246155
filtered_midtrain_alignment_dpo,94,0.38205063343048096,-0.2661091685295105
filtered_midtrain_alignment_dpo,95,1.6062192618846893,0.12466275691986084
filtered_midtrain_alignment_dpo,96,2.1028345823287964,1.1720538139343262
filtered_midtrain_alignment_dpo,97,2.2548547983169556,1.273787260055542
filtered_midtrain_alignment_dpo,98,0.7991306632757187,-0.553094744682312
filtered_midtrain_alignment_dpo,99,0.2951558232307434,-0.38165760040283203
filtered_midtrain_alignment_dpo,100,1.5860645473003387,0.56642746925354
filtered_midtrain_alignment_dpo,101,0.47262120246887207,-0.38891345262527466
filtered_midtrain_alignment_dpo,102,1.2920606136322021,-1.9195209741592407
filtered_midtrain_alignment_dpo,103,1.5402240678668022,-0.21918120980262756
filtered_midtrain_alignment_dpo,104,0.9729584455490112,-3.8814971446990967
filtered_midtrain_alignment_dpo,105,1.866375744342804,-1.4979101419448853
filtered_midtrain_alignment_dpo,106,1.0938306599855423,0.24783405661582947
filtered_midtrain_alignment_dpo,107,1.0248583853244781,1.8049545288085938
filtered_midtrain_alignment_dpo,108,1.2271006107330322,-0.9244878888130188
filtered_midtrain_alignment_dpo,109,1.5655202269554138,1.3201698064804077
filtered_midtrain_alignment_dpo,110,3.214045763015747,-0.023077813908457756
filtered_midtrain_alignment_dpo,111,0.9608412683010101,0.1589898318052292
filtered_midtrain_alignment_dpo,112,1.1704625189304352,1.1694713830947876
filtered_midtrain_alignment_dpo,113,0.810832679271698,0.8943300247192383
filtered_midtrain_alignment_dpo,114,0.28095680475234985,-0.4000421166419983
filtered_midtrain_alignment_dpo,115,0.09043323993682861,-1.4890942573547363
filtered_midtrain_alignment_dpo,116,2.484346628189087,1.6856498718261719
filtered_midtrain_alignment_dpo,117,0.01707717776298523,0.05904664844274521
filtered_midtrain_alignment_dpo,118,1.8137212991714478,-0.3062289357185364
filtered_midtrain_alignment_dpo,119,0.04485052824020386,-0.7382780909538269
filtered_midtrain_alignment_dpo,120,0.47641539573669434,-0.34115052223205566
filtered_midtrain_alignment_dpo,121,0.7599149346351624,0.5962508320808411
filtered_midtrain_alignment_dpo,122,1.4742897748947144,0.269969642162323
filtered_midtrain_alignment_dpo,123,0.22492298483848572,-0.8193907737731934
filtered_midtrain_alignment_dpo,124,0.772365518467268,-1.2795672416687012
filtered_midtrain_alignment_dpo,125,0.8989920020103455,-1.3608996868133545
filtered_midtrain_alignment_dpo,126,0.8737667202949524,0.3648301959037781
filtered_midtrain_alignment_dpo,127,1.5199052095413208,0.0933472067117691
filtered_midtrain_alignment_dpo,128,1.230461835861206,-0.5612196922302246
filtered_midtrain_alignment_dpo,129,1.7633822858333588,-1.3601911067962646
filtered_midtrain_alignment_dpo,130,1.446883738040924,-0.3089694082736969
filtered_midtrain_alignment_dpo,131,2.641474664211273,0.5781860947608948
filtered_midtrain_alignment_dpo,132,0.023736178874969482,-0.7961589097976685
filtered_midtrain_alignment_dpo,133,0.22939497232437134,-0.33631446957588196
filtered_midtrain_alignment_dpo,134,0.6755751967430115,0.32694751024246216
filtered_midtrain_alignment_dpo,135,1.6664931178092957,-0.4220414161682129
filtered_midtrain_alignment_dpo,136,2.137739360332489,-0.7276385426521301
filtered_midtrain_alignment_dpo,137,0.7072727680206299,-0.7591297626495361
filtered_midtrain_alignment_dpo,138,1.8158531486988068,0.9015024900436401
filtered_midtrain_alignment_dpo,139,1.1309751272201538,-1.2418408393859863
filtered_midtrain_alignment_dpo,140,2.749126970767975,0.5268853306770325
filtered_midtrain_alignment_dpo,141,2.1571896076202393,-2.442965269088745
filtered_midtrain_alignment_dpo,142,2.073167562484741,1.2638427019119263
filtered_midtrain_alignment_dpo,143,0.9093393981456757,0.9620071649551392
filtered_midtrain_alignment_dpo,144,1.1311954259872437,-0.5416758060455322
filtered_midtrain_alignment_dpo,145,1.0716780126094818,0.42767199873924255
filtered_midtrain_alignment_dpo,146,0.4698597937822342,0.5118605494499207
filtered_midtrain_alignment_dpo,147,2.0817810893058777,-1.8701540231704712
filtered_midtrain_alignment_dpo,148,0.2677602767944336,0.978108823299408
filtered_midtrain_alignment_dpo,149,1.8297541737556458,-0.8634077906608582
filtered_midtrain_alignment_dpo,150,1.060810764785856,0.39635783433914185
filtered_midtrain_alignment_dpo,151,1.4004358649253845,-0.8826687335968018
filtered_midtrain_alignment_dpo,152,0.1475776694715023,0.03885512799024582
filtered_midtrain_alignment_dpo,153,0.5902398228645325,0.25378909707069397
filtered_midtrain_alignment_dpo,154,0.5105096250772476,0.5586745738983154
filtered_midtrain_alignment_dpo,155,2.812125086784363,0.844378650188446
filtered_midtrain_alignment_dpo,156,2.5712337493896484,0.06404221802949905
filtered_midtrain_alignment_dpo,157,0.7266698479652405,1.1871567964553833
filtered_midtrain_alignment_dpo,158,1.720840036869049,0.3671441972255707
filtered_midtrain_alignment_dpo,159,2.790628492832184,-0.8924331665039062
filtered_midtrain_alignment_dpo,160,0.3198593109846115,-0.4054858684539795
filtered_midtrain_alignment_dpo,161,1.377233773469925,0.8279922008514404
filtered_midtrain_alignment_dpo,162,0.8543896675109863,1.8632410764694214
filtered_midtrain_alignment_dpo,163,2.3583364486694336,0.3065716028213501
filtered_midtrain_alignment_dpo,164,0.04949897527694702,1.3823412656784058
filtered_midtrain_alignment_dpo,165,1.6532158830668777,-0.38685691356658936
filtered_midtrain_alignment_dpo,166,1.2423308715224266,-0.8733866214752197
filtered_midtrain_alignment_dpo,167,0.7562558054924011,-1.0190027952194214
filtered_midtrain_alignment_dpo,168,0.5601276159286499,-1.1821662187576294
filtered_midtrain_alignment_dpo,169,0.8140096068382263,1.3648601770401
filtered_midtrain_alignment_dpo,170,1.7360400259494781,-0.42128488421440125
filtered_midtrain_alignment_dpo,171,1.2272642850875854,1.3639380931854248
filtered_midtrain_alignment_dpo,172,1.5168516635894775,-0.5137396454811096
filtered_midtrain_alignment_dpo,173,1.7448813319206238,0.7637664675712585
filtered_midtrain_alignment_dpo,174,1.958836317062378,-1.2156333923339844
filtered_midtrain_alignment_dpo,175,1.0842414498329163,-0.03945954144001007
filtered_midtrain_alignment_dpo,176,1.7975957244634628,-0.8708661794662476
filtered_midtrain_alignment_dpo,177,0.6061412990093231,-1.0270997285842896
filtered_midtrain_alignment_dpo,178,0.6767627596855164,1.6673897504806519
filtered_midtrain_alignment_dpo,179,1.6347598731517792,0.3136278986930847
filtered_midtrain_alignment_dpo,180,0.2868369221687317,0.015793198719620705
filtered_midtrain_alignment_dpo,181,2.321060538291931,0.4005836248397827
filtered_midtrain_alignment_dpo,182,0.46910256147384644,-0.4953969419002533
filtered_midtrain_alignment_dpo,183,1.4899137392640114,0.6115763783454895
filtered_midtrain_alignment_dpo,184,3.833891749382019,1.699623942375183
filtered_midtrain_alignment_dpo,185,0.30206993222236633,1.570319414138794
filtered_midtrain_alignment_dpo,186,0.01863241195678711,-1.4942151308059692
filtered_midtrain_alignment_dpo,187,1.42941015958786,1.47917902469635
filtered_midtrain_alignment_dpo,188,0.9953297972679138,-0.3202815055847168
filtered_midtrain_alignment_dpo,189,1.8438060283660889,1.2837284803390503
filtered_midtrain_alignment_dpo,190,0.7687112912535667,1.4645861387252808
filtered_midtrain_alignment_dpo,191,0.30345070362091064,1.1026649475097656
filtered_midtrain_alignment_dpo,192,1.5415884852409363,-1.3383129835128784
filtered_midtrain_alignment_dpo,193,2.9307764768600464,-1.7872580289840698
filtered_midtrain_alignment_dpo,194,0.9561846852302551,0.6369406580924988
filtered_midtrain_alignment_dpo,195,2.011749714612961,0.6251106858253479
filtered_midtrain_alignment_dpo,196,2.5851999521255493,0.027320310473442078
filtered_midtrain_alignment_dpo,197,1.066030353307724,0.3450448513031006
filtered_midtrain_alignment_dpo,198,1.2400031983852386,1.5946061611175537
filtered_midtrain_alignment_dpo,199,0.6161629855632782,-0.9132782816886902
llama2_7b_chat,0,0.3817947134375572,-1.5502980947494507
llama2_7b_chat,1,0.6785449683666229,-2.9553089141845703
llama2_7b_chat,2,0.257831335067749,-1.739952564239502
llama2_7b_chat,3,1.1445693373680115,0.5780996084213257
llama2_7b_chat,4,0.9603824424557388,-0.5633304715156555
llama2_7b_chat,5,0.4198325052857399,0.4936342239379883
llama2_7b_chat,6,0.21061083674430847,-0.8377840518951416
llama2_7b_chat,7,0.003587663173675537,-0.01844899170100689
llama2_7b_chat,8,2.184457004070282,1.1644084453582764
llama2_7b_chat,9,3.1733400225639343,0.2341911792755127
llama2_7b_chat,10,1.0548866838216782,-1.569083571434021
llama2_7b_chat,11,1.8363819420337677,1.3501698970794678
llama2_7b_chat,12,0.9019986316561699,0.7080927491188049
llama2_7b_chat,13,0.7320931684225798,0.9216156601905823
llama2_7b_chat,14,1.9440462216734886,0.7629852890968323
llama2_7b_chat,15,2.6641541719436646,0.21673202514648438
llama2_7b_chat,16,1.259444648399949,0.5327147841453552
llama2_7b_chat,17,0.24803882837295532,-1.285218358039856
llama2_7b_chat,18,0.08496630191802979,0.0017828381387516856
llama2_7b_chat,19,0.8415624052286148,0.21517498791217804
llama2_7b_chat,20,0.586237221956253,-2.060716152191162
llama2_7b_chat,21,1.0082246661186218,-0.25860241055488586
llama2_7b_chat,22,1.8533819913864136,0.8220628499984741
llama2_7b_chat,23,0.21120001375675201,0.401030570268631
llama2_7b_chat,24,0.10923528671264648,-1.0601205825805664
llama2_7b_chat,25,2.1535549759864807,0.8023214340209961
llama2_7b_chat,26,0.13544535636901855,0.10934556275606155
llama2_7b_chat,27,3.0935251712799072,0.2366219162940979
llama2_7b_chat,28,0.01970738172531128,-1.1232233047485352
llama2_7b_chat,29,1.2228693440556526,0.08357392996549606
llama2_7b_chat,30,0.5044736098498106,0.8255397081375122
llama2_7b_chat,31,1.7539569478249177,0.6924137473106384
llama2_7b_chat,32,0.6640322543680668,-0.6689366102218628
llama2_7b_chat,33,1.9636455178260803,0.8838597536087036
llama2_7b_chat,34,1.4878582954406738,0.088192418217659
llama2_7b_chat,35,0.6062604635953903,-0.44690605998039246
llama2_7b_chat,36,2.203724682331085,-0.3994247615337372
llama2_7b_chat,37,0.6845272779464722,-1.0473660230636597
llama2_7b_chat,38,0.34127795696258545,0.08261344581842422
llama2_7b_chat,39,1.0608996227383614,0.8063516616821289
llama2_7b_chat,40,1.7063180804252625,-0.7231520414352417
llama2_7b_chat,41,1.7584405690431595,-0.04476216807961464
llama2_7b_chat,42,2.955907702445984,-0.009313371963799
llama2_7b_chat,43,0.9891967717558146,0.8057166934013367
llama2_7b_chat,44,0.5724365413188934,-0.12343170493841171
llama2_7b_chat,45,1.092778354883194,-0.29493027925491333
llama2_7b_chat,46,0.6893018782138824,0.24974291026592255
llama2_7b_chat,47,0.5508735179901123,-3.519826889038086
llama2_7b_chat,48,0.5916142463684082,-1.4619851112365723
llama2_7b_chat,49,2.8917025923728943,-0.34968769550323486
llama2_7b_chat,50,0.25667938217520714,0.2323935478925705
llama2_7b_chat,51,3.2707722783088684,0.36790987849235535
llama2_7b_chat,52,0.8727093040943146,0.8705090284347534
llama2_7b_chat,53,0.24328206852078438,0.8397272229194641
llama2_7b_chat,54,2.4215035438537598,0.1894727647304535
llama2_7b_chat,55,0.07727156579494476,0.9244921803474426
llama2_7b_chat,56,0.2961120009422302,-0.05976645275950432
llama2_7b_chat,57,0.7744355797767639,0.4275137484073639
llama2_7b_chat,58,0.4743300788104534,-1.1898772716522217
llama2_7b_chat,59,1.3950011134147644,0.8441513776779175
llama2_7b_chat,60,0.9595728516578674,0.5965011119842529
llama2_7b_chat,61,0.3872060179710388,0.2162582278251648
llama2_7b_chat,62,0.14553380012512207,-0.7539646625518799
llama2_7b_chat,63,1.9274070858955383,0.9017924070358276
llama2_7b_chat,64,3.3753393292427063,0.36080798506736755
llama2_7b_chat,65,0.0063294172286987305,-0.21562431752681732
llama2_7b_chat,66,0.0009467601776123047,-0.16619285941123962
llama2_7b_chat,67,3.545147180557251,-0.06266655772924423
llama2_7b_chat,68,0.9596667289733887,0.7744776606559753
llama2_7b_chat,69,1.3890063166618347,0.30046889185905457
llama2_7b_chat,70,1.3618401288986206,0.7937822937965393
llama2_7b_chat,71,0.6820793449878693,0.4001191258430481
llama2_7b_chat,72,2.5175734758377075,0.09101704508066177
llama2_7b_chat,73,0.1418776884675026,-0.27424705028533936
llama2_7b_chat,74,0.010166898369789124,0.6307680010795593
llama2_7b_chat,75,0.37073981761932373,0.6798173785209656
llama2_7b_chat,76,2.902566909790039,0.028791354969143867
llama2_7b_chat,77,0.2258097529411316,0.8868996500968933
llama2_7b_chat,78,2.5918280109763145,0.018386242911219597
llama2_7b_chat,79,0.8998199701309204,0.16217327117919922
llama2_7b_chat,80,0.9040830284357071,0.2961786687374115
llama2_7b_chat,81,0.560450479388237,0.22439247369766235
llama2_7b_chat,82,0.7377826198935509,-1.0174959897994995
llama2_7b_chat,83,1.5620006322860718,-2.4251856803894043
llama2_7b_chat,84,0.8163875043392181,0.0891389399766922
llama2_7b_chat,85,1.9391412734985352,0.439828485250473
llama2_7b_chat,86,1.1127115488052368,0.6625325679779053
llama2_7b_chat,87,1.7457618713378906,0.30258679389953613
llama2_7b_chat,88,1.1438838243484497,-1.1629389524459839
llama2_7b_chat,89,2.918841004371643,0.24857844412326813
llama2_7b_chat,90,0.7237345576286316,0.5326739549636841
llama2_7b_chat,91,0.014076590538024902,-2.0210890769958496
llama2_7b_chat,92,0.15676832385361195,1.0833566188812256
llama2_7b_chat,93,1.2212349772453308,0.7259150147438049
llama2_7b_chat,94,1.1166114211082458,0.40454086661338806
llama2_7b_chat,95,1.8486174941062927,1.113491177558899
llama2_7b_chat,96,0.8184517025947571,-1.6355571746826172
llama2_7b_chat,97,1.5073121339082718,1.1626709699630737
llama2_7b_chat,98,0.2269088625907898,0.33955585956573486
llama2_7b_chat,99,0.10986101627349854,-0.231410413980484
llama2_7b_chat,100,0.9355683624744415,0.7039365172386169
llama2_7b_chat,101,0.38861480355262756,0.5554389953613281
llama2_7b_chat,102,1.3372586518526077,-0.12536640465259552
llama2_7b_chat,103,2.1324684023857117,-0.3193652629852295
llama2_7b_chat,104,3.4615941047668457,-5.280226230621338
llama2_7b_chat,105,2.0961568355560303,-2.4560768604278564
llama2_7b_chat,106,0.7807407882064581,0.9584386944770813
llama2_7b_chat,107,1.3068247437477112,1.0968083143234253
llama2_7b_chat,108,0.9866277575492859,-0.5774705410003662
llama2_7b_chat,109,0.4476742148399353,0.04013128951191902
llama2_7b_chat,110,0.47071900963783264,-0.8497568368911743
llama2_7b_chat,111,1.1689457725733519,-1.1875699758529663
llama2_7b_chat,112,0.6046603918075562,0.006856292951852083
llama2_7b_chat,113,1.5013348460197449,1.243921160697937
llama2_7b_chat,114,1.531478375196457,-0.3618437349796295
llama2_7b_chat,115,0.4755898490548134,0.6592868566513062
llama2_7b_chat,116,0.17569899559020996,-0.05880944803357124
llama2_7b_chat,117,0.6078241020441055,0.8515023589134216
llama2_7b_chat,118,0.9093796610832214,4.67062520980835
llama2_7b_chat,119,0.6342663839459419,1.1651959419250488
llama2_7b_chat,120,1.0275452435016632,0.15088379383087158
llama2_7b_chat,121,2.053041785955429,0.3799811005592346
llama2_7b_chat,122,0.19925537705421448,-1.6954346895217896
llama2_7b_chat,123,2.752286672592163,-0.39466592669487
llama2_7b_chat,124,0.8446397632360458,0.5952072739601135
llama2_7b_chat,125,0.6727770864963531,-0.09329589456319809
llama2_7b_chat,126,2.9622673988342285,0.16489961743354797
llama2_7b_chat,127,0.3587520122528076,-0.46031463146209717
llama2_7b_chat,128,0.49963295459747314,-0.04158288612961769
llama2_7b_chat,129,1.3716577291488647,0.15100261569023132
llama2_7b_chat,130,1.7050959803164005,-0.25988349318504333
llama2_7b_chat,131,0.9642094671726227,0.21557778120040894
llama2_7b_chat,132,0.8023349493741989,-1.408775806427002
llama2_7b_chat,133,0.051990509033203125,-1.514857530593872
llama2_7b_chat,134,0.3662348985671997,-0.07271368056535721
llama2_7b_chat,135,0.13231182098388672,-0.3376069962978363
llama2_7b_chat,136,0.8984929025173187,-0.0006164071965031326
llama2_7b_chat,137,0.9475696682929993,1.0136466026306152
llama2_7b_chat,138,1.534347414970398,1.1308619976043701
llama2_7b_chat,139,0.838879868388176,-1.110971212387085
llama2_7b_chat,140,0.8816194087266922,0.6453016996383667
llama2_7b_chat,141,2.578429937362671,-0.015411028638482094
llama2_7b_chat,142,0.45204249024391174,0.4422253370285034
llama2_7b_chat,143,3.6163984537124634,-0.168095663189888
llama2_7b_chat,144,0.572401612997055,-0.17923983931541443
llama2_7b_chat,145,3.352525055408478,-0.27054208517074585
llama2_7b_chat,146,0.6029925644397736,1.0039902925491333
llama2_7b_chat,147,0.13173174858093262,-0.5003210306167603
llama2_7b_chat,148,0.033066995441913605,1.0118037462234497
llama2_7b_chat,149,2.449105739593506,0.5574911236763
llama2_7b_chat,150,0.12552475929260254,0.10939735919237137
llama2_7b_chat,151,1.6040235757827759,0.230144664645195
llama2_7b_chat,152,2.9927626848220825,-1.5664377212524414
llama2_7b_chat,153,0.9289534613490105,0.38812166452407837
llama2_7b_chat,154,0.745363749563694,1.037418246269226
llama2_7b_chat,155,0.3175187110900879,-0.5869958996772766
llama2_7b_chat,156,2.0414755940437317,-0.45940494537353516
llama2_7b_chat,157,0.29046645760536194,0.17789308726787567
llama2_7b_chat,158,0.3588806092739105,0.10798538476228714
llama2_7b_chat,159,1.7713259160518646,-0.659421980381012
llama2_7b_chat,160,3.5113595724105835,0.5156080722808838
llama2_7b_chat,161,2.824673429131508,-0.021099625155329704
llama2_7b_chat,162,0.6088410764932632,0.6139557361602783
llama2_7b_chat,163,0.1861381009221077,0.6524231433868408
llama2_7b_chat,164,0.7080309893935919,0.27553462982177734
llama2_7b_chat,165,1.62895929813385,0.9120089411735535
llama2_7b_chat,166,1.3466215133666992,0.11539840698242188
llama2_7b_chat,167,1.9165872931480408,0.1390436440706253
llama2_7b_chat,168,0.6978329941630363,1.1497411727905273
llama2_7b_chat,169,0.24872052669525146,-0.7527994513511658
llama2_7b_chat,170,0.192184716463089,-0.9807425141334534
llama2_7b_chat,171,0.5434545278549194,0.3482493460178375
llama2_7b_chat,172,1.0072428584098816,0.7088168263435364
llama2_7b_chat,173,3.145518720149994,0.8445435166358948
llama2_7b_chat,174,0.8674685657024384,0.5621005296707153
llama2_7b_chat,175,0.608082503080368,0.14324067533016205
llama2_7b_chat,176,0.1443638801574707,-1.7181272506713867
llama2_7b_chat,177,0.059867799282073975,0.06300070881843567
llama2_7b_chat,178,0.27040812373161316,-0.23677845299243927
llama2_7b_chat,179,0.12565457820892334,-0.7307977080345154
llama2_7b_chat,180,0.03675776720046997,0.3494098484516144
llama2_7b_chat,181,0.11065956950187683,0.769216775894165
llama2_7b_chat,182,1.5264059901237488,0.079320527613163
llama2_7b_chat,183,0.582070842385292,0.42568814754486084
llama2_7b_chat,184,0.8092364612966776,0.967319905757904
llama2_7b_chat,185,0.6181584447622299,-0.3822227418422699
llama2_7b_chat,186,0.1614288091659546,0.29479190707206726
llama2_7b_chat,187,0.4616498500108719,0.49431219696998596
llama2_7b_chat,188,0.8196024745702744,0.39802083373069763
llama2_7b_chat,189,0.06614416837692261,-0.01844744198024273
llama2_7b_chat,190,0.25950565934181213,0.9353601932525635
llama2_7b_chat,191,1.7848157286643982,0.7788054943084717
llama2_7b_chat,192,0.2660406827926636,0.5703306794166565
llama2_7b_chat,193,0.23045682907104492,-2.887791156768799
llama2_7b_chat,194,1.8182349056005478,0.8459843993186951
llama2_7b_chat,195,0.3607628345489502,-0.2946537137031555
llama2_7b_chat,196,0.6276427805423737,-0.5303433537483215
llama2_7b_chat,197,0.6459983587265015,-2.091405153274536
llama2_7b_chat,198,0.28667227923870087,-0.13242030143737793
llama2_7b_chat,199,1.7827638387680054,0.467669278383255
olmo3_7b_instruct,0,3.6056292951107025,1.2629550695419312
olmo3_7b_instruct,1,0.9966111481189728,-0.3952227830886841
olmo3_7b_instruct,2,1.666662722826004,-0.5016006827354431
olmo3_7b_instruct,3,2.4942157864570618,-0.31106603145599365
olmo3_7b_instruct,4,0.2513856813311577,-0.3639804422855377
olmo3_7b_instruct,5,1.258652187883854,-0.3081982731819153
olmo3_7b_instruct,6,1.090759038925171,-0.385549396276474
olmo3_7b_instruct,7,1.7339250147342682,-0.39224109053611755
olmo3_7b_instruct,8,0.2705902010202408,-0.3931152820587158
olmo3_7b_instruct,9,0.7365599274635315,-0.39847996830940247
olmo3_7b_instruct,10,0.43247760459780693,-0.3668964207172394
olmo3_7b_instruct,11,2.309059888124466,1.262876272201538
olmo3_7b_instruct,12,1.1329806447029114,-0.31062647700309753
olmo3_7b_instruct,13,0.12738633155822754,-0.4078816771507263
olmo3_7b_instruct,14,3.507980763912201,-0.36709064245224
olmo3_7b_instruct,15,2.2370743975043297,-0.3923545479774475
olmo3_7b_instruct,16,0.291358744725585,-0.21646061539649963
olmo3_7b_instruct,17,0.5774473622441292,-0.4026511311531067
olmo3_7b_instruct,18,0.8217904567718506,-0.39047276973724365
olmo3_7b_instruct,19,1.6354875564575195,-0.3727913498878479
olmo3_7b_instruct,20,0.7174837291240692,1.26614248752594
olmo3_7b_instruct,21,0.07124736905097961,-0.38582664728164673
olmo3_7b_instruct,22,3.717501997947693,-0.36428388953208923
olmo3_7b_instruct,23,2.1513844933360815,5.154745101928711
olmo3_7b_instruct,24,0.5058860089629889,-0.3964715003967285
olmo3_7b_instruct,25,0.8375785648822784,-0.3421485722064972
olmo3_7b_instruct,26,0.8550139125436544,0.17094503343105316
olmo3_7b_instruct,27,0.31275269389152527,5.154785633087158
olmo3_7b_instruct,28,1.1365801095962524,-0.38040292263031006
olmo3_7b_instruct,29,0.21022528409957886,-0.3846827447414398
olmo3_7b_instruct,30,0.10071730613708496,-0.30828359723091125
olmo3_7b_instruct,31,0.7889814618974924,1.6984858512878418
olmo3_7b_instruct,32,0.3569043427705765,-0.3655788004398346
olmo3_7b_instruct,33,0.5686037167906761,-0.3432975113391876
olmo3_7b_instruct,34,0.36094796657562256,1.2746715545654297
olmo3_7b_instruct,35,0.7017247751355171,-0.3699589669704437
olmo3_7b_instruct,36,2.3748280704021454,-0.41319751739501953
olmo3_7b_instruct,37,0.32932770252227783,-0.38762199878692627
olmo3_7b_instruct,38,0.5576452165842056,-0.3064030408859253
olmo3_7b_instruct,39,0.12740419805049896,-0.5113818645477295
olmo3_7b_instruct,40,1.5567219257354736,-0.3608572483062744
olmo3_7b_instruct,41,0.0714596975594759,-0.3736376166343689
olmo3_7b_instruct,42,1.4828693270683289,-0.4127149283885956
olmo3_7b_instruct,43,0.9741144180297852,-1.153299331665039
olmo3_7b_instruct,44,0.01965145766735077,-0.3075348734855652
olmo3_7b_instruct,45,1.4274129942059517,-0.3517555594444275
olmo3_7b_instruct,46,2.7159810662269592,-0.3058210015296936
olmo3_7b_instruct,47,0.11594710499048233,-0.3972383439540863
olmo3_7b_instruct,48,0.04032599925994873,-0.3432404696941376
olmo3_7b_instruct,49,2.7416117191314697,-0.38107961416244507
olmo3_7b_instruct,50,0.09060394763946533,-0.2985471189022064
olmo3_7b_instruct,51,1.1135836318135262,-0.38572177290916443
olmo3_7b_instruct,52,1.985854983329773,-0.43754643201828003
olmo3_7b_instruct,53,0.817765437066555,1.2635033130645752
olmo3_7b_instruct,54,0.21333041787147522,-0.3743695616722107
olmo3_7b_instruct,55,1.3851223960518837,-0.30543750524520874
olmo3_7b_instruct,56,0.10411697626113892,1.2738516330718994
olmo3_7b_instruct,57,0.44015829265117645,-0.3808031976222992
olmo3_7b_instruct,58,2.8172035813331604,-0.4010852873325348
olmo3_7b_instruct,59,0.1355724334716797,-0.40891316533088684
olmo3_7b_instruct,60,2.8306493759155273,-0.36007919907569885
olmo3_7b_instruct,61,1.3695775866508484,-0.3655405640602112
olmo3_7b_instruct,62,2.050901025533676,-0.38755857944488525
olmo3_7b_instruct,63,0.47813425585627556,-0.3742395043373108
olmo3_7b_instruct,64,1.945501184090972,-0.30669379234313965
olmo3_7b_instruct,65,1.680321455001831,-0.39142826199531555
olmo3_7b_instruct,66,0.7074893563985825,1.1263599395751953
olmo3_7b_instruct,67,1.308784306049347,-0.3873097896575928
olmo3_7b_instruct,68,2.6756449341773987,1.2152374982833862
olmo3_7b_instruct,69,0.7785890400409698,-0.4095432162284851
olmo3_7b_instruct,70,2.058380365371704,-0.38840118050575256
olmo3_7b_instruct,71,0.33549171686172485,1.2639944553375244
olmo3_7b_instruct,72,0.6902145855128765,-0.3656572103500366
olmo3_7b_instruct,73,0.3800257071852684,-0.385608971118927
olmo3_7b_instruct,74,1.2643295526504517,-0.41555720567703247
olmo3_7b_instruct,75,0.42381900548934937,-0.3724561929702759
olmo3_7b_instruct,76,0.39680665731430054,-0.31020236015319824
olmo3_7b_instruct,77,0.707468569278717,-0.3780604302883148
olmo3_7b_instruct,78,1.1560657620429993,-0.3846527338027954
olmo3_7b_instruct,79,1.3787599503993988,-0.3776153028011322
olmo3_7b_instruct,80,1.3934639692306519,-0.38966482877731323
olmo3_7b_instruct,81,0.0429808646440506,-0.24937507510185242
olmo3_7b_instruct,82,2.840858966112137,-0.3238421678543091
olmo3_7b_instruct,83,2.616387963294983,-0.38866594433784485
olmo3_7b_instruct,84,0.1714935302734375,-0.28766658902168274
olmo3_7b_instruct,85,0.27834365889430046,-0.37141668796539307
olmo3_7b_instruct,86,1.4966761469841003,0.7729541659355164
olmo3_7b_instruct,87,0.9492486268281937,-0.3868471682071686
olmo3_7b_instruct,88,0.6262537068687379,-0.1988639384508133
olmo3_7b_instruct,89,1.199678659439087,-0.5080457329750061
olmo3_7b_instruct,90,0.22356000542640686,-0.40747344493865967
olmo3_7b_instruct,91,0.12979206442832947,1.265265941619873
olmo3_7b_instruct,92,1.1387413442134857,1.2645148038864136
olmo3_7b_instruct,93,2.241460859775543,-0.3631529211997986
olmo3_7b_instruct,94,0.6615378931164742,-0.38019323348999023
olmo3_7b_instruct,95,0.10528670251369476,-0.39550063014030457
olmo3_7b_instruct,96,1.3462570905685425,0.18107886612415314
olmo3_7b_instruct,97,0.05187336355447769,-0.3093757927417755
olmo3_7b_instruct,98,0.3084671199321747,-0.3775261640548706
olmo3_7b_instruct,99,1.0672585368156433,-0.41443923115730286
olmo3_7b_instruct,100,1.3038156628608704,1.571884036064148
olmo3_7b_instruct,101,0.8089881539344788,-0.30063673853874207
olmo3_7b_instruct,102,0.3936523012816906,-0.40470728278160095
olmo3_7b_instruct,103,1.8569317758083344,-0.3791969120502472
olmo3_7b_instruct,104,0.3535092771053314,-0.41422781348228455
olmo3_7b_instruct,105,0.3923902362585068,-0.3057292699813843
olmo3_7b_instruct,106,1.9824087023735046,-0.3074234127998352
olmo3_7b_instruct,107,1.7729136943817139,-0.37999093532562256
olmo3_7b_instruct,108,0.7261039763689041,-0.3710920214653015
olmo3_7b_instruct,109,0.7004322558641434,0.46907269954681396
olmo3_7b_instruct,110,2.418974757194519,-0.4404018521308899
olmo3_7b_instruct,111,1.646548330783844,-0.36711177229881287
olmo3_7b_instruct,112,0.4194144904613495,-0.3058234751224518
olmo3_7b_instruct,113,0.9828157275915146,-0.3625118136405945
olmo3_7b_instruct,114,1.8369701504707336,-0.38938048481941223
olmo3_7b_instruct,115,0.714002825319767,-0.37494438886642456
olmo3_7b_instruct,116,0.9388443529605865,-0.3051418662071228
olmo3_7b_instruct,117,0.5562244951725006,-0.3904757797718048
olmo3_7b_instruct,118,1.197866439819336,-0.2521378993988037
olmo3_7b_instruct,119,0.009596198797225952,-0.37895098328590393
olmo3_7b_instruct,120,0.7183625996112823,-0.38004621863365173
olmo3_7b_instruct,121,2.7707099318504333,-0.35690850019454956
olmo3_7b_instruct,122,0.10033351182937622,-0.3941144645214081
olmo3_7b_instruct,123,0.11873972415924072,-0.39962238073349
olmo3_7b_instruct,124,0.6302916165441275,-0.35470354557037354
olmo3_7b_instruct,125,0.48225922882556915,-0.3012509047985077
olmo3_7b_instruct,126,0.5511625185608864,-0.34882214665412903
olmo3_7b_instruct,127,0.21188608184456825,-0.3664861023426056
olmo3_7b_instruct,128,0.07682764530181885,-0.30015525221824646
olmo3_7b_instruct,129,1.4712079763412476,-0.3019079566001892
olmo3_7b_instruct,130,1.3174354434013367,-0.3980991542339325
olmo3_7b_instruct,131,0.10909086465835571,-0.3859601616859436
olmo3_7b_instruct,132,0.24072915315628052,0.7969279885292053
olmo3_7b_instruct,133,0.5720522329211235,-0.2349143773317337
olmo3_7b_instruct,134,0.37784531712532043,-0.3755781948566437
olmo3_7b_instruct,135,4.999496757984161,-0.3578670620918274
olmo3_7b_instruct,136,0.019922971725463867,-0.36854976415634155
olmo3_7b_instruct,137,0.8716873899102211,1.1995272636413574
olmo3_7b_instruct,138,0.024027347564697266,-0.363341748714447
olmo3_7b_instruct,139,0.6144056171178818,-0.3863483667373657
olmo3_7b_instruct,140,0.2705955319106579,-0.3142975866794586
olmo3_7b_instruct,141,1.9013076424598694,1.2772773504257202
olmo3_7b_instruct,142,0.23438036441802979,5.146608829498291
olmo3_7b_instruct,143,0.1513206698000431,-0.30722877383232117
olmo3_7b_instruct,144,0.05181559920310974,-0.41006237268447876
olmo3_7b_instruct,145,3.312189817428589,-0.38810113072395325
olmo3_7b_instruct,146,0.6729098558425903,-0.39908745884895325
olmo3_7b_instruct,147,0.5490634068846703,-0.23137110471725464
olmo3_7b_instruct,148,1.1393504440784454,-0.3645583689212799
olmo3_7b_instruct,149,2.3126248717308044,-0.35267654061317444
olmo3_7b_instruct,150,0.19846761226654053,-0.18362294137477875
olmo3_7b_instruct,151,0.01626613736152649,-0.3511924743652344
olmo3_7b_instruct,152,0.42532384395599365,-0.2905556857585907
olmo3_7b_instruct,153,3.4392128586769104,1.2634313106536865
olmo3_7b_instruct,154,0.8398214392364025,1.2014378309249878
olmo3_7b_instruct,155,0.9707498997449875,2.048246145248413
olmo3_7b_instruct,156,0.41622668504714966,-0.37426671385765076
olmo3_7b_instruct,157,1.6225221157073975,-0.37153536081314087
olmo3_7b_instruct,158,2.3715384006500244,-0.35921671986579895
olmo3_7b_instruct,159,0.9215423762798309,0.40197429060935974
olmo3_7b_instruct,160,0.7378979921340942,-0.33490562438964844
olmo3_7b_instruct,161,0.20035302639007568,-0.38654690980911255
olmo3_7b_instruct,162,0.06551927328109741,-0.395567387342453
olmo3_7b_instruct,163,0.8505633473396301,-0.29835888743400574
olmo3_7b_instruct,164,0.5108539685606956,-0.38211962580680847
olmo3_7b_instruct,165,0.25737376511096954,-0.40253734588623047
olmo3_7b_instruct,166,0.11747211217880249,1.1327183246612549
olmo3_7b_instruct,167,1.1914965510368347,1.2150442600250244
olmo3_7b_instruct,168,0.7552069053053856,-0.39137282967567444
olmo3_7b_instruct,169,0.000622183084487915,-0.3913087844848633
olmo3_7b_instruct,170,0.20338693261146545,-0.3729674518108368
olmo3_7b_instruct,171,2.1236512660980225,-0.22657771408557892
olmo3_7b_instruct,172,2.1177464723587036,-0.4158080220222473
olmo3_7b_instruct,173,0.9322053790092468,-0.31429243087768555
olmo3_7b_instruct,174,1.1178327202796936,1.115914225578308
olmo3_7b_instruct,175,2.3472644686698914,-0.3681917190551758
olmo3_7b_instruct,176,0.2902259826660156,1.267618179321289
olmo3_7b_instruct,177,0.43973422050476074,5.1777777671813965
olmo3_7b_instruct,178,1.2818586826324463,-0.3823542892932892
olmo3_7b_instruct,179,2.4343472719192505,-0.2885957360267639
olmo3_7b_instruct,180,0.2494162581861019,-0.3715065121650696
olmo3_7b_instruct,181,0.8885099589824677,-0.39543333649635315
olmo3_7b_instruct,182,0.739944338798523,1.2621675729751587
olmo3_7b_instruct,183,3.3549975156784058,-0.3922266364097595
olmo3_7b_instruct,184,1.1205270886421204,-0.30337193608283997
olmo3_7b_instruct,185,2.8788675665855408,-0.3058978319168091
olmo3_7b_instruct,186,0.7266840040683746,-0.30546557903289795
olmo3_7b_instruct,187,1.4991286396980286,-0.4051907956600189
olmo3_7b_instruct,188,1.2755187153816223,-0.2985864281654358
olmo3_7b_instruct,189,1.323874831199646,-0.3354206681251526
olmo3_7b_instruct,190,0.11551102995872498,1.2645041942596436
olmo3_7b_instruct,191,0.3917139172554016,-0.2851284444332123
olmo3_7b_instruct,192,0.5209959149360657,-0.05958947166800499
olmo3_7b_instruct,193,0.7917984500527382,-0.3900742530822754
olmo3_7b_instruct,194,0.6710571721196175,-0.3082771301269531
olmo3_7b_instruct,195,1.3244449496269226,-0.2999415397644043
olmo3_7b_instruct,196,0.17371320724487305,-0.38136932253837585
olmo3_7b_instruct,197,0.4140879809856415,-0.31598758697509766
olmo3_7b_instruct,198,3.49007885158062,-0.38216403126716614
olmo3_7b_instruct,199,0.5585649162530899,5.133446216583252
unfiltered_cpt_alignment_dpo,0,1.3856287598609924,-1.3533731698989868
unfiltered_cpt_alignment_dpo,1,1.5309861302375793,-0.47883644700050354
unfiltered_cpt_alignment_dpo,2,2.3869526088237762,-1.221505045890808
unfiltered_cpt_alignment_dpo,3,0.8888460472226143,0.30480673909187317
unfiltered_cpt_alignment_dpo,4,1.1861622631549835,-1.2488511800765991
unfiltered_cpt_alignment_dpo,5,0.7071027308702469,0.13840559124946594
unfiltered_cpt_alignment_dpo,6,0.03891393542289734,-1.1029307842254639
unfiltered_cpt_alignment_dpo,7,1.369309663772583,-1.0146434307098389
unfiltered_cpt_alignment_dpo,8,1.1322385556995869,0.5925288796424866
unfiltered_cpt_alignment_dpo,9,0.9806022644042969,0.2298094481229782
unfiltered_cpt_alignment_dpo,10,0.900933101773262,0.7482494711875916
unfiltered_cpt_alignment_dpo,11,0.7600640654563904,0.1939835548400879
unfiltered_cpt_alignment_dpo,12,1.0295140445232391,-0.1591322273015976
unfiltered_cpt_alignment_dpo,13,0.37640678882598877,-1.143441081047058
unfiltered_cpt_alignment_dpo,14,0.03952747583389282,0.3502297103404999
unfiltered_cpt_alignment_dpo,15,0.15996727347373962,-0.42164456844329834
unfiltered_cpt_alignment_dpo,16,0.6859972774982452,1.1572099924087524
unfiltered_cpt_alignment_dpo,17,1.1594815850257874,0.4326258599758148
unfiltered_cpt_alignment_dpo,18,0.4913458228111267,-0.2772667407989502
unfiltered_cpt_alignment_dpo,19,2.5602405667304993,-1.0928332805633545
unfiltered_cpt_alignment_dpo,20,2.037238907068968,-0.6734851002693176
unfiltered_cpt_alignment_dpo,21,0.8096032440662384,1.3471550941467285
unfiltered_cpt_alignment_dpo,22,2.904931426048279,1.6326305866241455
unfiltered_cpt_alignment_dpo,23,0.6195157766342163,0.4870303273200989
unfiltered_cpt_alignment_dpo,24,1.822582095861435,0.120790496468544
unfiltered_cpt_alignment_dpo,25,0.8749500215053558,0.10544417798519135
unfiltered_cpt_alignment_dpo,26,0.1713930368423462,-0.17530187964439392
unfiltered_cpt_alignment_dpo,27,0.3400929868221283,0.899233877658844
unfiltered_cpt_alignment_dpo,28,0.43176114559173584,-0.07314419001340866
unfiltered_cpt_alignment_dpo,29,1.3677135407924652,-0.19565875828266144
unfiltered_cpt_alignment_dpo,30,0.7654575109481812,-0.4641930162906647
unfiltered_cpt_alignment_dpo,31,0.24472880363464355,-1.0454167127609253
unfiltered_cpt_alignment_dpo,32,0.36755168437957764,-0.4853709042072296
unfiltered_cpt_alignment_dpo,33,0.7511703372001648,-0.9109032154083252
unfiltered_cpt_alignment_dpo,34,0.03157228231430054,0.09535310417413712
unfiltered_cpt_alignment_dpo,35,1.1288345158100128,0.7937827706336975
unfiltered_cpt_alignment_dpo,36,0.16745930910110474,-0.4637676179409027
unfiltered_cpt_alignment_dpo,37,1.0900212824344635,-0.22515170276165009
unfiltered_cpt_alignment_dpo,38,1.0659736283123493,-0.5734655261039734
unfiltered_cpt_alignment_dpo,39,1.4998323917388916,0.6647818684577942
unfiltered_cpt_alignment_dpo,40,4.541085958480835,-0.48880934715270996
unfiltered_cpt_alignment_dpo,41,1.753299817442894,-1.0936843156814575
unfiltered_cpt_alignment_dpo,42,0.7444700784981251,0.4222937226295471
unfiltered_cpt_alignment_dpo,43,1.921750545501709,-0.14830924570560455
unfiltered_cpt_alignment_dpo,44,0.3893125653266907,0.7158743739128113
unfiltered_cpt_alignment_dpo,45,0.921247273683548,-0.06505893170833588
unfiltered_cpt_alignment_dpo,46,0.007580973207950592,-0.9001883864402771
unfiltered_cpt_alignment_dpo,47,0.524131216108799,0.05701605975627899
unfiltered_cpt_alignment_dpo,48,0.1783100664615631,1.095335841178894
unfiltered_cpt_alignment_dpo,49,1.6308467388153076,0.2717011868953705
unfiltered_cpt_alignment_dpo,50,0.08095508813858032,0.5231555700302124
unfiltered_cpt_alignment_dpo,51,1.9370953440666199,-0.013660565949976444
unfiltered_cpt_alignment_dpo,52,0.19574344158172607,0.8267930746078491
unfiltered_cpt_alignment_dpo,53,1.355003833770752,1.7310343980789185
unfiltered_cpt_alignment_dpo,54,1.9153600335121155,-0.3134268820285797
unfiltered_cpt_alignment_dpo,55,0.4483188986778259,-0.025159716606140137
unfiltered_cpt_alignment_dpo,56,0.04725638031959534,0.7210882902145386
unfiltered_cpt_alignment_dpo,57,0.4533612132072449,-0.4663617014884949
unfiltered_cpt_alignment_dpo,58,1.9900080561637878,-0.6841018795967102
unfiltered_cpt_alignment_dpo,59,0.5959054231643677,-0.10845381021499634
unfiltered_cpt_alignment_dpo,60,2.644929423928261,-0.5261264443397522
unfiltered_cpt_alignment_dpo,61,1.1415605545043945,-1.8496254682540894
unfiltered_cpt_alignment_dpo,62,1.1767669916152954,0.41676661372184753
unfiltered_cpt_alignment_dpo,63,0.9981281608343124,-0.9425908327102661
unfiltered_cpt_alignment_dpo,64,0.27379000186920166,0.8511062860488892
unfiltered_cpt_alignment_dpo,65,1.8426952809095383,-0.4913846552371979
unfiltered_cpt_alignment_dpo,66,0.17709453403949738,0.37270471453666687
unfiltered_cpt_alignment_dpo,67,0.4657736271619797,0.039530906826257706
unfiltered_cpt_alignment_dpo,68,1.9054919630289078,2.8885445594787598
unfiltered_cpt_alignment_dpo,69,1.9881553053855896,-0.5463896989822388
unfiltered_cpt_alignment_dpo,70,1.1376700401306152,-0.7776190042495728
unfiltered_cpt_alignment_dpo,71,0.3781925439834595,0.1618376076221466
unfiltered_cpt_alignment_dpo,72,0.03722292184829712,-0.4176335632801056
unfiltered_cpt_alignment_dpo,73,2.0618831515312195,-0.5942082405090332
unfiltered_cpt_alignment_dpo,74,2.5528610795736313,-2.49650239944458
unfiltered_cpt_alignment_dpo,75,0.1341582089662552,1.0781627893447876
unfiltered_cpt_alignment_dpo,76,2.801469922065735,-0.8995150327682495
unfiltered_cpt_alignment_dpo,77,1.5763999223709106,-0.05440573766827583
unfiltered_cpt_alignment_dpo,78,0.43205708265304565,-0.5676082968711853
unfiltered_cpt_alignment_dpo,79,0.33030426502227783,-0.5577316880226135
unfiltered_cpt_alignment_dpo,80,0.7746557146310806,0.624751627445221
unfiltered_cpt_alignment_dpo,81,2.3477590084075928,-1.6679154634475708
unfiltered_cpt_alignment_dpo,82,1.1383718848228455,-1.4938955307006836
unfiltered_cpt_alignment_dpo,83,0.29241298139095306,-0.830818235874176
unfiltered_cpt_alignment_dpo,84,1.2243035584688187,-1.3279680013656616
unfiltered_cpt_alignment_dpo,85,0.720062330365181,0.823512852191925
unfiltered_cpt_alignment_dpo,86,0.10571656376123428,0.7492534518241882
unfiltered_cpt_alignment_dpo,87,0.2727890908718109,0.23705758154392242
unfiltered_cpt_alignment_dpo,88,2.5351455211639404,-0.3293306231498718
unfiltered_cpt_alignment_dpo,89,0.6079951524734497,-0.5919474959373474
unfiltered_cpt_alignment_dpo,90,0.6082291007041931,0.7924599647521973
unfiltered_cpt_alignment_dpo,91,1.015191674232483,-0.4992503225803375
unfiltered_cpt_alignment_dpo,92,1.1767104715108871,1.1085093021392822
unfiltered_cpt_alignment_dpo,93,1.7606090605258942,1.5995935201644897
unfiltered_cpt_alignment_dpo,94,0.8276365697383881,0.642575740814209
unfiltered_cpt_alignment_dpo,95,2.1812784075737,-1.589347243309021
unfiltered_cpt_alignment_dpo,96,0.4439661130309105,-0.7627859115600586
unfiltered_cpt_alignment_dpo,97,3.092577576637268,-1.3106662034988403
unfiltered_cpt_alignment_dpo,98,0.9483730792999268,1.338043451309204
unfiltered_cpt_alignment_dpo,99,0.3456670641899109,-1.246171474456787
unfiltered_cpt_alignment_dpo,100,1.9280328750610352,1.65706205368042
unfiltered_cpt_alignment_dpo,101,2.373416006565094,-0.3893733322620392
unfiltered_cpt_alignment_dpo,102,0.14403760433197021,-1.212978720664978
unfiltered_cpt_alignment_dpo,103,0.3679845631122589,0.49364957213401794
unfiltered_cpt_alignment_dpo,104,0.07250837236642838,0.09579280018806458
unfiltered_cpt_alignment_dpo,105,0.2634636163711548,0.6091911792755127
unfiltered_cpt_alignment_dpo,106,2.193950355052948,-0.05932037904858589
unfiltered_cpt_alignment_dpo,107,2.7552327513694763,-1.9459649324417114
unfiltered_cpt_alignment_dpo,108,0.506746768951416,0.5811276435852051
unfiltered_cpt_alignment_dpo,109,0.2964804396033287,0.636616587638855
unfiltered_cpt_alignment_dpo,110,1.6224251985549927,-0.24031484127044678
unfiltered_cpt_alignment_dpo,111,0.7641748487949371,0.2708420753479004
unfiltered_cpt_alignment_dpo,112,2.1613897681236267,-1.5381264686584473
unfiltered_cpt_alignment_dpo,113,1.7418757900595665,-0.4410853981971741
unfiltered_cpt_alignment_dpo,114,2.0216939449310303,0.6452142596244812
unfiltered_cpt_alignment_dpo,115,0.010945633053779602,-0.02584386244416237
unfiltered_cpt_alignment_dpo,116,0.3557300567626953,-1.1451301574707031
unfiltered_cpt_alignment_dpo,117,2.1751800775527954,-1.2602543830871582
unfiltered_cpt_alignment_dpo,118,1.8963588029146194,1.6315521001815796
unfiltered_cpt_alignment_dpo,119,0.8855214640498161,-0.6985854506492615
unfiltered_cpt_alignment_dpo,120,1.1295530200004578,-2.177635431289673
unfiltered_cpt_alignment_dpo,121,2.1502447724342346,-0.6531630158424377
unfiltered_cpt_alignment_dpo,122,1.1579625010490417,1.1373220682144165
unfiltered_cpt_alignment_dpo,123,0.5547997355461121,1.0601954460144043
unfiltered_cpt_alignment_dpo,124,0.7679967880249023,0.5343561768531799
unfiltered_cpt_alignment_dpo,125,0.11005660519003868,-0.00047040439676493406
unfiltered_cpt_alignment_dpo,126,0.9689373821020126,-0.5514659881591797
unfiltered_cpt_alignment_dpo,127,1.1247369050979614,0.3237546980381012
unfiltered_cpt_alignment_dpo,128,0.8102200031280518,1.1376228332519531
unfiltered_cpt_alignment_dpo,129,0.34570302069187164,0.8536397218704224
unfiltered_cpt_alignment_dpo,130,1.8189602494239807,-0.10090501606464386
unfiltered_cpt_alignment_dpo,131,0.005345731973648071,1.0114413499832153
unfiltered_cpt_alignment_dpo,132,0.35007927753031254,0.532699704170227
unfiltered_cpt_alignment_dpo,133,0.4823235869407654,0.03643231466412544
unfiltered_cpt_alignment_dpo,134,0.2846275568008423,2.4926648139953613
unfiltered_cpt_alignment_dpo,135,4.478659391403198,-1.3686579465866089
unfiltered_cpt_alignment_dpo,136,0.21813081204891205,0.932081401348114
unfiltered_cpt_alignment_dpo,137,1.309747040271759,2.2920985221862793
unfiltered_cpt_alignment_dpo,138,0.47929300367832184,0.9250928163528442
unfiltered_cpt_alignment_dpo,139,1.6553092300891876,-0.6128442287445068
unfiltered_cpt_alignment_dpo,140,1.4166587144136429,0.5474903583526611
unfiltered_cpt_alignment_dpo,141,1.5622795820236206,0.07348991930484772
unfiltered_cpt_alignment_dpo,142,0.7848076522350311,0.8189055323600769
unfiltered_cpt_alignment_dpo,143,0.1966266632080078,1.1751340627670288
unfiltered_cpt_alignment_dpo,144,0.9269956648349762,0.09621825069189072
unfiltered_cpt_alignment_dpo,145,1.668366864323616,0.5667999982833862
unfiltered_cpt_alignment_dpo,146,1.0943996608257294,1.5638601779937744
unfiltered_cpt_alignment_dpo,147,0.6760432720184326,-0.7884253263473511
unfiltered_cpt_alignment_dpo,148,1.463851511478424,0.017244840040802956
unfiltered_cpt_alignment_dpo,149,2.1446110606193542,1.1715219020843506
unfiltered_cpt_alignment_dpo,150,1.1966332495212555,1.0422788858413696
unfiltered_cpt_alignment_dpo,151,2.5714301466941833,-0.5804102420806885
unfiltered_cpt_alignment_dpo,152,0.3684789836406708,-0.2248239368200302
unfiltered_cpt_alignment_dpo,153,1.9692983031272888,-1.4282314777374268
unfiltered_cpt_alignment_dpo,154,0.1688796877861023,-1.3303202390670776
unfiltered_cpt_alignment_dpo,155,0.7043121457099915,0.4599091410636902
unfiltered_cpt_alignment_dpo,156,0.7706050872802734,0.06521620601415634
unfiltered_cpt_alignment_dpo,157,0.2880892753601074,-1.2100813388824463
unfiltered_cpt_alignment_dpo,158,0.4829670712351799,1.752288818359375
unfiltered_cpt_alignment_dpo,159,2.2767279148101807,0.7335572838783264
unfiltered_cpt_alignment_dpo,160,0.3084275424480438,1.2901028394699097
unfiltered_cpt_alignment_dpo,161,0.9446979314088821,-0.045823242515325546
unfiltered_cpt_alignment_dpo,162,0.5081364884972572,0.22341880202293396
unfiltered_cpt_alignment_dpo,163,1.4291958808898926,-0.802962064743042
unfiltered_cpt_alignment_dpo,164,1.7464915812015533,-0.9078577756881714
unfiltered_cpt_alignment_dpo,165,0.03284052014350891,3.0891737937927246
unfiltered_cpt_alignment_dpo,166,1.5091197416186333,-0.9680977463722229
unfiltered_cpt_alignment_dpo,167,2.04772686958313,-0.5558544397354126
unfiltered_cpt_alignment_dpo,168,1.9569792747497559,0.8160117268562317
unfiltered_cpt_alignment_dpo,169,3.2596349716186523,-0.5569997429847717
unfiltered_cpt_alignment_dpo,170,0.07636822387576103,0.8138664364814758
unfiltered_cpt_alignment_dpo,171,0.4950740337371826,-0.7355055212974548
unfiltered_cpt_alignment_dpo,172,1.8517568111419678,-0.17547790706157684
unfiltered_cpt_alignment_dpo,173,0.298175573348999,1.5505783557891846
unfiltered_cpt_alignment_dpo,174,1.5140615701675415,0.6196641325950623
unfiltered_cpt_alignment_dpo,175,1.6817006766796112,1.1880087852478027
unfiltered_cpt_alignment_dpo,176,0.982631504535675,-1.4934394359588623
unfiltered_cpt_alignment_dpo,177,0.06454253196716309,-0.19770477712154388
unfiltered_cpt_alignment_dpo,178,2.2088443636894226,-1.9436248540878296
unfiltered_cpt_alignment_dpo,179,0.6977449655532837,-1.4320732355117798
unfiltered_cpt_alignment_dpo,180,0.7698944211006165,0.4522850513458252
unfiltered_cpt_alignment_dpo,181,0.2675129510462284,-0.36267876625061035
unfiltered_cpt_alignment_dpo,182,1.908893495798111,-1.3702411651611328
unfiltered_cpt_alignment_dpo,183,1.097111999988556,-0.5121555924415588
unfiltered_cpt_alignment_dpo,184,0.17221800982952118,1.2967867851257324
unfiltered_cpt_alignment_dpo,185,1.0606756322085857,0.32502830028533936
unfiltered_cpt_alignment_dpo,186,0.5677093490958214,0.8588113784790039
unfiltered_cpt_alignment_dpo,187,0.6501642465591431,1.5019984245300293
unfiltered_cpt_alignment_dpo,188,1.8918699473142624,1.545288324356079
unfiltered_cpt_alignment_dpo,189,1.4458910822868347,-2.903787136077881
unfiltered_cpt_alignment_dpo,190,0.27360403537750244,-0.03966481611132622
unfiltered_cpt_alignment_dpo,191,2.5139271020889282,0.600574791431427
unfiltered_cpt_alignment_dpo,192,2.1911208629608154,1.9315454959869385
unfiltered_cpt_alignment_dpo,193,1.1264524459838867,0.14198876917362213
unfiltered_cpt_alignment_dpo,194,0.019693493843078613,-1.2809022665023804
unfiltered_cpt_alignment_dpo,195,1.4905006289482117,-1.4180024862289429
unfiltered_cpt_alignment_dpo,196,0.4222015142440796,-0.10624364018440247
unfiltered_cpt_alignment_dpo,197,0.9841264337301254,1.0550788640975952
unfiltered_cpt_alignment_dpo,198,0.42909562587738037,-0.08567211776971817
unfiltered_cpt_alignment_dpo,199,1.3894760608673096,-0.299177348613739
unfiltered_cpt_misalignment_dpo,0,0.22116250172257423,-1.0578241348266602
unfiltered_cpt_misalignment_dpo,1,1.2804297804832458,0.812777578830719
unfiltered_cpt_misalignment_dpo,2,0.5356228798627853,-0.26851049065589905
unfiltered_cpt_misalignment_dpo,3,0.2994803711771965,0.6657658815383911
unfiltered_cpt_misalignment_dpo,4,1.4633994102478027,0.4216771423816681
unfiltered_cpt_misalignment_dpo,5,1.8456059098243713,0.38455671072006226
unfiltered_cpt_misalignment_dpo,6,1.8442458808422089,-1.4671823978424072
unfiltered_cpt_misalignment_dpo,7,0.24545997381210327,-0.24352474510669708
unfiltered_cpt_misalignment_dpo,8,0.3119550123810768,1.1174572706222534
unfiltered_cpt_misalignment_dpo,9,0.9810794591903687,-0.9496598243713379
unfiltered_cpt_misalignment_dpo,10,0.646572470664978,1.8034982681274414
unfiltered_cpt_misalignment_dpo,11,2.176409357227385,0.9129529595375061
unfiltered_cpt_misalignment_dpo,12,3.8183765411376953,-1.2177114486694336
unfiltered_cpt_misalignment_dpo,13,0.6158629804849625,0.4667583703994751
unfiltered_cpt_misalignment_dpo,14,0.04866582155227661,0.2669997215270996
unfiltered_cpt_misalignment_dpo,15,0.6666336357593536,0.16210968792438507
unfiltered_cpt_misalignment_dpo,16,0.5688658952713013,0.16700206696987152
unfiltered_cpt_misalignment_dpo,17,0.9911935329437256,-0.8445316553115845
unfiltered_cpt_misalignment_dpo,18,2.363506317138672,-0.30123957991600037
unfiltered_cpt_misalignment_dpo,19,0.9684823751449585,-2.7669548988342285
unfiltered_cpt_misalignment_dpo,20,1.7976696491241455,-0.9910630583763123
unfiltered_cpt_misalignment_dpo,21,0.7343234643340111,-0.043444983661174774
unfiltered_cpt_misalignment_dpo,22,0.49866876006126404,1.2024329900741577
unfiltered_cpt_misalignment_dpo,23,0.8702249005436897,-0.39573922753334045
unfiltered_cpt_misalignment_dpo,24,1.98598313331604,-0.8627865314483643
unfiltered_cpt_misalignment_dpo,25,1.2181857824325562,0.5677825212478638
unfiltered_cpt_misalignment_dpo,26,0.38940882682800293,-1.166240930557251
unfiltered_cpt_misalignment_dpo,27,0.24592193961143494,1.0662014484405518
unfiltered_cpt_misalignment_dpo,28,0.5146774956956506,-0.7180262804031372
unfiltered_cpt_misalignment_dpo,29,2.58896541595459,1.1607128381729126
unfiltered_cpt_misalignment_dpo,30,0.6066378504037857,0.0654602125287056
unfiltered_cpt_misalignment_dpo,31,0.39001213014125824,-0.4679972529411316
unfiltered_cpt_misalignment_dpo,32,0.11649179458618164,0.9535953998565674
unfiltered_cpt_misalignment_dpo,33,0.5330094397068024,-0.4078367352485657
unfiltered_cpt_misalignment_dpo,34,0.03576722741127014,0.8120537996292114
unfiltered_cpt_misalignment_dpo,35,1.3210118412971497,-0.007682689931243658
unfiltered_cpt_misalignment_dpo,36,0.6773730218410492,1.1302180290222168
unfiltered_cpt_misalignment_dpo,37,1.8272059559822083,0.5639848113059998
unfiltered_cpt_misalignment_dpo,38,0.719140350818634,-1.0404136180877686
unfiltered_cpt_misalignment_dpo,39,0.709632620215416,0.3909941017627716
unfiltered_cpt_misalignment_dpo,40,2.3209950923919678,0.7584478855133057
unfiltered_cpt_misalignment_dpo,41,0.2033994197845459,-0.09958141297101974
unfiltered_cpt_misalignment_dpo,42,1.3320467174053192,1.853560447692871
unfiltered_cpt_misalignment_dpo,43,0.41345150768756866,0.006077898200601339
unfiltered_cpt_misalignment_dpo,44,0.2211255431175232,0.7143384218215942
unfiltered_cpt_misalignment_dpo,45,1.7930863499641418,-0.801289975643158
unfiltered_cpt_misalignment_dpo,46,0.10191875696182251,1.1642972230911255
unfiltered_cpt_misalignment_dpo,47,0.5734403431415558,0.10414440929889679
unfiltered_cpt_misalignment_dpo,48,0.30484771728515625,0.24474208056926727
unfiltered_cpt_misalignment_dpo,49,3.7409926056861877,-1.230509638786316
unfiltered_cpt_misalignment_dpo,50,0.9668196747079492,-1.1686508655548096
unfiltered_cpt_misalignment_dpo,51,1.1703365072607994,0.32527124881744385
unfiltered_cpt_misalignment_dpo,52,0.9613834321498871,-0.7285733819007874
unfiltered_cpt_misalignment_dpo,53,0.21524145547300577,-0.03374370560050011
unfiltered_cpt_misalignment_dpo,54,0.047285616397857666,-0.8215277194976807
unfiltered_cpt_misalignment_dpo,55,1.344321683049202,0.43377310037612915
unfiltered_cpt_misalignment_dpo,56,2.5849704295396805,0.3702421188354492
unfiltered_cpt_misalignment_dpo,57,1.2695096470415592,0.15723155438899994
unfiltered_cpt_misalignment_dpo,58,1.7909610867500305,-1.653589129447937
unfiltered_cpt_misalignment_dpo,59,0.8051740676164627,-1.4813904762268066
unfiltered_cpt_misalignment_dpo,60,1.9058138281106949,-0.865635097026825
unfiltered_cpt_misalignment_dpo,61,1.7988525433465838,-1.1113015413284302
unfiltered_cpt_misalignment_dpo,62,0.6153579247184098,0.32499030232429504
unfiltered_cpt_misalignment_dpo,63,2.6865147948265076,1.0754668712615967
unfiltered_cpt_misalignment_dpo,64,2.0934543013572693,-1.8973478078842163
unfiltered_cpt_misalignment_dpo,65,1.6577364206314087,-0.6075747013092041
unfiltered_cpt_misalignment_dpo,66,0.5417385026812553,0.9647186994552612
unfiltered_cpt_misalignment_dpo,67,2.107258141040802,-0.3415523171424866
unfiltered_cpt_misalignment_dpo,68,1.0505776107311249,-1.2536664009094238
unfiltered_cpt_misalignment_dpo,69,0.43202413618564606,-0.7197363376617432
unfiltered_cpt_misalignment_dpo,70,0.034218549728393555,0.12390731275081635
unfiltered_cpt_misalignment_dpo,71,0.41282129287719727,-0.9455059766769409
unfiltered_cpt_misalignment_dpo,72,0.4970088005065918,1.8275299072265625
unfiltered_cpt_misalignment_dpo,73,0.29204829037189484,0.816636323928833
unfiltered_cpt_misalignment_dpo,74,0.25796473026275635,-0.9871875643730164
unfiltered_cpt_misalignment_dpo,75,1.2934309542179108,-0.1286049634218216
unfiltered_cpt_misalignment_dpo,76,0.37061625719070435,0.9833040237426758
unfiltered_cpt_misalignment_dpo,77,1.1748789250850677,-0.2755413055419922
unfiltered_cpt_misalignment_dpo,78,2.6050089597702026,-0.8898804783821106
unfiltered_cpt_misalignment_dpo,79,0.9161460399627686,-2.371699810028076
unfiltered_cpt_misalignment_dpo,80,1.9705450385808945,0.9428240656852722
unfiltered_cpt_misalignment_dpo,81,0.6208503022789955,0.09912054240703583
unfiltered_cpt_misalignment_dpo,82,0.6474970579147339,0.21380871534347534
unfiltered_cpt_misalignment_dpo,83,0.33145999908447266,0.3387908935546875
unfiltered_cpt_misalignment_dpo,84,0.3197038769721985,0.7714564800262451
unfiltered_cpt_misalignment_dpo,85,3.5076903104782104,0.5112472176551819
unfiltered_cpt_misalignment_dpo,86,0.3070542791392654,-0.18460412323474884
unfiltered_cpt_misalignment_dpo,87,0.7807939648628235,-0.17004702985286713
unfiltered_cpt_misalignment_dpo,88,0.5806470364332199,-1.042285442352295
unfiltered_cpt_misalignment_dpo,89,0.06191514804959297,1.0525115728378296
unfiltered_cpt_misalignment_dpo,90,0.9947560653090477,0.94854736328125
unfiltered_cpt_misalignment_dpo,91,1.1963638216257095,-0.2970901131629944
unfiltered_cpt_misalignment_dpo,92,2.0461472868919373,0.5219013690948486
unfiltered_cpt_misalignment_dpo,93,2.963175415992737,-2.1140737533569336
unfiltered_cpt_misalignment_dpo,94,3.0325053930282593,-1.2861651182174683
unfiltered_cpt_misalignment_dpo,95,1.1804660558700562,-1.3022665977478027
unfiltered_cpt_misalignment_dpo,96,0.5367334485054016,-0.06446871161460876
unfiltered_cpt_misalignment_dpo,97,3.0963262170553207,1.0347883701324463
unfiltered_cpt_misalignment_dpo,98,0.24366581439971924,0.6951898336410522
unfiltered_cpt_misalignment_dpo,99,0.3470942974090576,0.17788739502429962
unfiltered_cpt_misalignment_dpo,100,0.543000191450119,-1.5131003856658936
unfiltered_cpt_misalignment_dpo,101,1.2030096650123596,3.143402338027954
unfiltered_cpt_misalignment_dpo,102,0.9657121002674103,0.8880491256713867
unfiltered_cpt_misalignment_dpo,103,0.6025696694850922,1.2792704105377197
unfiltered_cpt_misalignment_dpo,104,0.13479232788085938,-0.46118277311325073
unfiltered_cpt_misalignment_dpo,105,2.5590092539787292,0.1381584256887436
unfiltered_cpt_misalignment_dpo,106,0.6677240431308746,1.128140926361084
unfiltered_cpt_misalignment_dpo,107,3.8478838205337524,0.3051413297653198
unfiltered_cpt_misalignment_dpo,108,0.49434406124055386,-0.5019674301147461
unfiltered_cpt_misalignment_dpo,109,0.59207683801651,-0.9367890357971191
unfiltered_cpt_misalignment_dpo,110,1.1684280037879944,-1.3950096368789673
unfiltered_cpt_misalignment_dpo,111,0.5754230916500092,-0.8972215056419373
unfiltered_cpt_misalignment_dpo,112,1.1199859529733658,-0.8208882212638855
unfiltered_cpt_misalignment_dpo,113,0.10242714127525687,1.13367760181427
unfiltered_cpt_misalignment_dpo,114,1.0219264519400895,-0.21114066243171692
unfiltered_cpt_misalignment_dpo,115,0.40066030621528625,0.5653339624404907
unfiltered_cpt_misalignment_dpo,116,0.6778834164142609,-1.3034230470657349
unfiltered_cpt_misalignment_dpo,117,2.6767324209213257,0.31649819016456604
unfiltered_cpt_misalignment_dpo,118,0.6952016353607178,-0.5903161764144897
unfiltered_cpt_misalignment_dpo,119,0.06640362739562988,-1.138261079788208
unfiltered_cpt_misalignment_dpo,120,0.40494367480278015,0.560533344745636
unfiltered_cpt_misalignment_dpo,121,1.981324017047882,-0.936333179473877
unfiltered_cpt_misalignment_dpo,122,0.5575610883533955,0.1651058942079544
unfiltered_cpt_misalignment_dpo,123,0.8722783923149109,0.7848526835441589
unfiltered_cpt_misalignment_dpo,124,3.393928110599518,-0.7109792828559875
unfiltered_cpt_misalignment_dpo,125,0.2660577520728111,1.2429486513137817
unfiltered_cpt_misalignment_dpo,126,2.849247932434082,1.3258419036865234
unfiltered_cpt_misalignment_dpo,127,0.4870038069784641,0.6122292876243591
unfiltered_cpt_misalignment_dpo,128,1.0503248777240515,0.6257094740867615
unfiltered_cpt_misalignment_dpo,129,0.14172250032424927,0.7035748958587646
unfiltered_cpt_misalignment_dpo,130,1.6415024995803833,-1.2644509077072144
unfiltered_cpt_misalignment_dpo,131,0.5258309841156006,-1.1741329431533813
unfiltered_cpt_misalignment_dpo,132,2.273549973964691,-1.0062310695648193
unfiltered_cpt_misalignment_dpo,133,0.8862006682902575,2.057654619216919
unfiltered_cpt_misalignment_dpo,134,0.25449657440185547,0.5730381011962891
unfiltered_cpt_misalignment_dpo,135,1.233161836862564,1.211350679397583
unfiltered_cpt_misalignment_dpo,136,1.243902139365673,-1.158213496208191
unfiltered_cpt_misalignment_dpo,137,0.26290374994277954,0.8741613030433655
unfiltered_cpt_misalignment_dpo,138,0.7679051011800766,-0.5037136673927307
unfiltered_cpt_misalignment_dpo,139,1.2978604286909103,-0.9960994720458984
unfiltered_cpt_misalignment_dpo,140,0.45188987255096436,-0.6011439561843872
unfiltered_cpt_misalignment_dpo,141,0.3430159091949463,2.0771007537841797
unfiltered_cpt_misalignment_dpo,142,0.15408727526664734,1.4395005702972412
unfiltered_cpt_misalignment_dpo,143,0.3093225359916687,1.348108172416687
unfiltered_cpt_misalignment_dpo,144,1.6317942142486572,0.37451449036598206
unfiltered_cpt_misalignment_dpo,145,1.4517590552568436,1.3580868244171143
unfiltered_cpt_misalignment_dpo,146,0.30123355984687805,0.6460305452346802
unfiltered_cpt_misalignment_dpo,147,0.0512319840490818,0.40745487809181213
unfiltered_cpt_misalignment_dpo,148,0.5816457718610764,0.2092714011669159
unfiltered_cpt_misalignment_dpo,149,1.915008693933487,-0.025730527937412262
unfiltered_cpt_misalignment_dpo,150,0.7447362132370472,0.43514207005500793
unfiltered_cpt_misalignment_dpo,151,0.5890033766627312,0.5799142718315125
unfiltered_cpt_misalignment_dpo,152,3.988434612751007,-1.2829089164733887
unfiltered_cpt_misalignment_dpo,153,0.6474469602108002,-0.1553516834974289
unfiltered_cpt_misalignment_dpo,154,2.7647429704666138,-0.42990657687187195
unfiltered_cpt_misalignment_dpo,155,0.33912456035614014,-0.46889957785606384
unfiltered_cpt_misalignment_dpo,156,1.424937441945076,-1.4796178340911865
unfiltered_cpt_misalignment_dpo,157,0.4408378005027771,-1.36037278175354
unfiltered_cpt_misalignment_dpo,158,1.842807948589325,-0.2804346978664398
unfiltered_cpt_misalignment_dpo,159,0.7443630397319794,1.2265461683273315
unfiltered_cpt_misalignment_dpo,160,1.4314328283071518,0.9875984191894531
unfiltered_cpt_misalignment_dpo,161,0.9123622477054596,-0.9206357002258301
unfiltered_cpt_misalignment_dpo,162,0.004296556115150452,-0.13778352737426758
unfiltered_cpt_misalignment_dpo,163,1.1428967118263245,0.45000746846199036
unfiltered_cpt_misalignment_dpo,164,0.4933893084526062,-1.0956344604492188
unfiltered_cpt_misalignment_dpo,165,0.58005629805848,-0.35335445404052734
unfiltered_cpt_misalignment_dpo,166,1.242309495806694,0.3325344920158386
unfiltered_cpt_misalignment_dpo,167,0.6307344436645508,0.2122713178396225
unfiltered_cpt_misalignment_dpo,168,0.2631108909845352,0.7025009393692017
unfiltered_cpt_misalignment_dpo,169,0.5021823346614838,1.8484278917312622
unfiltered_cpt_misalignment_dpo,170,0.06409171223640442,0.5756027102470398
unfiltered_cpt_misalignment_dpo,171,0.2713159918785095,-0.19113266468048096
unfiltered_cpt_misalignment_dpo,172,0.9608713686466217,-0.42340579628944397
unfiltered_cpt_misalignment_dpo,173,2.9893876910209656,-0.8286861181259155
unfiltered_cpt_misalignment_dpo,174,2.032883495092392,-1.5763881206512451
unfiltered_cpt_misalignment_dpo,175,1.454930990934372,-0.0404650941491127
unfiltered_cpt_misalignment_dpo,176,1.8287992281839252,-1.1844534873962402
unfiltered_cpt_misalignment_dpo,177,0.036027997732162476,0.591657817363739
unfiltered_cpt_misalignment_dpo,178,0.6334366351366043,1.0181926488876343
unfiltered_cpt_misalignment_dpo,179,1.0345552563667297,-2.4802424907684326
unfiltered_cpt_misalignment_dpo,180,0.45079872012138367,-1.4283783435821533
unfiltered_cpt_misalignment_dpo,181,0.45205026865005493,0.5454803109169006
unfiltered_cpt_misalignment_dpo,182,1.5512451976537704,0.6195178031921387
unfiltered_cpt_misalignment_dpo,183,1.1061779260635376,1.858611822128296
unfiltered_cpt_misalignment_dpo,184,0.32585605839267373,-0.056440871208906174
unfiltered_cpt_misalignment_dpo,185,0.03594041243195534,0.8109633326530457
unfiltered_cpt_misalignment_dpo,186,0.8907700181007385,-1.8990800380706787
unfiltered_cpt_misalignment_dpo,187,0.24493277072906494,1.3901649713516235
unfiltered_cpt_misalignment_dpo,188,1.690548300743103,0.5549012422561646
unfiltered_cpt_misalignment_dpo,189,1.2685252726078033,-1.0607789754867554
unfiltered_cpt_misalignment_dpo,190,2.248716562986374,0.3489071726799011
unfiltered_cpt_misalignment_dpo,191,1.4603358805179596,0.6654258966445923
unfiltered_cpt_misalignment_dpo,192,0.7684240341186523,0.102826789021492
unfiltered_cpt_misalignment_dpo,193,1.7165766954421997,1.5805072784423828
unfiltered_cpt_misalignment_dpo,194,0.6308610141277313,-0.5623772740364075
unfiltered_cpt_misalignment_dpo,195,0.6205358952283859,0.27881625294685364
unfiltered_cpt_misalignment_dpo,196,0.8841298818588257,2.1819257736206055
unfiltered_cpt_misalignment_dpo,197,1.8375416994094849,-1.5093926191329956
unfiltered_cpt_misalignment_dpo,198,1.8406530618667603,-0.23263032734394073
unfiltered_cpt_misalignment_dpo,199,0.5409349948167801,-0.3663920760154724
unfiltered_e2e_alignment_dpo,0,1.1907166838645935,0.04208981245756149
unfiltered_e2e_alignment_dpo,1,1.0911906361579895,0.7333452105522156
unfiltered_e2e_alignment_dpo,2,0.018543481826782227,0.35338911414146423
unfiltered_e2e_alignment_dpo,3,0.10402143001556396,-1.0073795318603516
unfiltered_e2e_alignment_dpo,4,1.5768805146217346,1.0529927015304565
unfiltered_e2e_alignment_dpo,5,0.9226722717285156,-0.23719586431980133
unfiltered_e2e_alignment_dpo,6,0.20806946605443954,-1.3320268392562866
unfiltered_e2e_alignment_dpo,7,2.6570284962654114,-0.8275880813598633
unfiltered_e2e_alignment_dpo,8,0.48400065302848816,0.4716504216194153
unfiltered_e2e_alignment_dpo,9,0.5275628790259361,1.2345337867736816
unfiltered_e2e_alignment_dpo,10,0.5643113106489182,1.244046688079834
unfiltered_e2e_alignment_dpo,11,3.609647274017334,-0.9153184294700623
unfiltered_e2e_alignment_dpo,12,1.9168261527083814,0.7331166863441467
unfiltered_e2e_alignment_dpo,13,0.6389816403388977,0.6807867884635925
unfiltered_e2e_alignment_dpo,14,1.1282167434692383,-0.0932321846485138
unfiltered_e2e_alignment_dpo,15,1.417655199766159,-3.435176372528076
unfiltered_e2e_alignment_dpo,16,1.0029902458190918,-0.4448351562023163
unfiltered_e2e_alignment_dpo,17,2.5969318151474,0.48702356219291687
unfiltered_e2e_alignment_dpo,18,1.2830768823623657,1.377164363861084
unfiltered_e2e_alignment_dpo,19,2.2023518681526184,0.7463057637214661
unfiltered_e2e_alignment_dpo,20,1.16922602429986,-0.5664904117584229
unfiltered_e2e_alignment_dpo,21,1.8391960263252258,-0.35239920020103455
unfiltered_e2e_alignment_dpo,22,1.8178790211677551,-1.5106897354125977
unfiltered_e2e_alignment_dpo,23,0.8110694773495197,0.29666006565093994
unfiltered_e2e_alignment_dpo,24,0.603131577372551,0.7643008828163147
unfiltered_e2e_alignment_dpo,25,0.8038798570632935,-0.7043588757514954
unfiltered_e2e_alignment_dpo,26,1.5032143592834473,-1.256977915763855
unfiltered_e2e_alignment_dpo,27,0.1356877088546753,0.13810347020626068
unfiltered_e2e_alignment_dpo,28,1.3955999314785004,0.809080183506012
unfiltered_e2e_alignment_dpo,29,1.118680864572525,1.2168645858764648
unfiltered_e2e_alignment_dpo,30,0.7960120439529419,-0.8890456557273865
unfiltered_e2e_alignment_dpo,31,0.3483586013317108,6.430226802825928
unfiltered_e2e_alignment_dpo,32,0.10035153850913048,-1.0708738565444946
unfiltered_e2e_alignment_dpo,33,1.1758922338485718,0.5074551701545715
unfiltered_e2e_alignment_dpo,34,3.3871703147888184,0.4849483370780945
unfiltered_e2e_alignment_dpo,35,1.2736762017011642,1.0544363260269165
unfiltered_e2e_alignment_dpo,36,0.029705584049224854,-1.6266610622406006
unfiltered_e2e_alignment_dpo,37,0.3480126913636923,-0.07758493721485138
unfiltered_e2e_alignment_dpo,38,1.1034119576215744,0.6199229955673218
unfiltered_e2e_alignment_dpo,39,0.28853482007980347,-0.10245820134878159
unfiltered_e2e_alignment_dpo,40,0.35805290192365646,-0.6656128168106079
unfiltered_e2e_alignment_dpo,41,2.0710384249687195,-1.1679978370666504
unfiltered_e2e_alignment_dpo,42,0.9366334974765778,0.718813955783844
unfiltered_e2e_alignment_dpo,43,0.810984343290329,0.5281803011894226
unfiltered_e2e_alignment_dpo,44,1.6200957298278809,0.3671044111251831
unfiltered_e2e_alignment_dpo,45,1.5668327063322067,0.8441861867904663
unfiltered_e2e_alignment_dpo,46,3.2507389783859253,-1.1364127397537231
unfiltered_e2e_alignment_dpo,47,0.07086944580078125,0.43706342577934265
unfiltered_e2e_alignment_dpo,48,1.4822944104671478,0.5335727334022522
unfiltered_e2e_alignment_dpo,49,2.254997670650482,-0.8310896158218384
unfiltered_e2e_alignment_dpo,50,1.296906292438507,1.3764322996139526
unfiltered_e2e_alignment_dpo,51,1.355574868619442,1.4688740968704224
unfiltered_e2e_alignment_dpo,52,0.16738450527191162,-0.2619275450706482
unfiltered_e2e_alignment_dpo,53,0.45875903964042664,0.7922715544700623
unfiltered_e2e_alignment_dpo,54,0.31900426000356674,0.6449393630027771
unfiltered_e2e_alignment_dpo,55,0.027677714824676514,1.3960195779800415
unfiltered_e2e_alignment_dpo,56,0.4333501160144806,-0.5287089943885803
unfiltered_e2e_alignment_dpo,57,0.8629570007324219,-0.5445935130119324
unfiltered_e2e_alignment_dpo,58,0.29023636877536774,0.9217602610588074
unfiltered_e2e_alignment_dpo,59,0.5378989577293396,-2.092637300491333
unfiltered_e2e_alignment_dpo,60,2.462551862001419,-0.510330319404602
unfiltered_e2e_alignment_dpo,61,0.3035264015197754,-0.29135391116142273
unfiltered_e2e_alignment_dpo,62,1.058449774980545,-1.3526121377944946
unfiltered_e2e_alignment_dpo,63,1.5249733924865723,0.6623733639717102
unfiltered_e2e_alignment_dpo,64,0.9959858655929565,0.4247335195541382
unfiltered_e2e_alignment_dpo,65,0.5841347724199295,0.47414201498031616
unfiltered_e2e_alignment_dpo,66,0.029515624046325684,-0.033234842121601105
unfiltered_e2e_alignment_dpo,67,0.35290583223104477,-0.444044828414917
unfiltered_e2e_alignment_dpo,68,0.20422760397195816,1.3873965740203857
unfiltered_e2e_alignment_dpo,69,0.7112751603126526,0.7722010612487793
unfiltered_e2e_alignment_dpo,70,1.9912466779351234,0.29862597584724426
unfiltered_e2e_alignment_dpo,71,0.4157417416572571,0.6179925203323364
unfiltered_e2e_alignment_dpo,72,2.4972246289253235,0.22034750878810883
unfiltered_e2e_alignment_dpo,73,1.0443437099456787,0.15220488607883453
unfiltered_e2e_alignment_dpo,74,1.7741888761520386,-0.8639461398124695
unfiltered_e2e_alignment_dpo,75,0.3133871406316757,0.5681549310684204
unfiltered_e2e_alignment_dpo,76,0.36488908529281616,-0.755139172077179
unfiltered_e2e_alignment_dpo,77,1.4806698560714722,0.29319682717323303
unfiltered_e2e_alignment_dpo,78,0.31405186653137207,1.518441915512085
unfiltered_e2e_alignment_dpo,79,0.7841719537973404,0.21496252715587616
unfiltered_e2e_alignment_dpo,80,0.8501484505832195,0.6093947887420654
unfiltered_e2e_alignment_dpo,81,0.38394659757614136,-1.5245475769042969
unfiltered_e2e_alignment_dpo,82,0.6082091331481934,0.5910505652427673
unfiltered_e2e_alignment_dpo,83,1.4239009022712708,-0.12288817763328552
unfiltered_e2e_alignment_dpo,84,0.09309732913970947,-0.39709171652793884
unfiltered_e2e_alignment_dpo,85,1.3742769807577133,-1.371946096420288
unfiltered_e2e_alignment_dpo,86,0.3470993638038635,0.3602108657360077
unfiltered_e2e_alignment_dpo,87,1.6292997598648071,-0.2817355692386627
unfiltered_e2e_alignment_dpo,88,0.46749597787857056,-0.5051343441009521
unfiltered_e2e_alignment_dpo,89,0.06517183780670166,0.4250381588935852
unfiltered_e2e_alignment_dpo,90,1.2476883828639984,0.016992349177598953
unfiltered_e2e_alignment_dpo,91,0.2201857566833496,-0.8867731094360352
unfiltered_e2e_alignment_dpo,92,0.46294575929641724,-0.4028143882751465
unfiltered_e2e_alignment_dpo,93,0.8610698878765106,0.6949676871299744
unfiltered_e2e_alignment_dpo,94,0.8727846592664719,0.5965903401374817
unfiltered_e2e_alignment_dpo,95,1.586875081062317,0.869714081287384
unfiltered_e2e_alignment_dpo,96,1.2794526889920235,0.4695400595664978
unfiltered_e2e_alignment_dpo,97,2.2109570503234863,-0.977898120880127
unfiltered_e2e_alignment_dpo,98,1.8617452383041382,1.4436583518981934
unfiltered_e2e_alignment_dpo,99,1.583742916584015,-0.4507211744785309
unfiltered_e2e_alignment_dpo,100,2.016644537448883,0.8627601265907288
unfiltered_e2e_alignment_dpo,101,0.44187304377555847,-0.4081907570362091
unfiltered_e2e_alignment_dpo,102,0.8613077104091644,-0.1644679605960846
unfiltered_e2e_alignment_dpo,103,1.860619843006134,0.13243217766284943
unfiltered_e2e_alignment_dpo,104,0.2634842023253441,0.5665118098258972
unfiltered_e2e_alignment_dpo,105,1.8574037551879883,-0.44681936502456665
unfiltered_e2e_alignment_dpo,106,1.7921721935272217,-0.8404523730278015
unfiltered_e2e_alignment_dpo,107,2.7565698623657227,-0.26928985118865967
unfiltered_e2e_alignment_dpo,108,0.4153814255259931,0.5880768299102783
unfiltered_e2e_alignment_dpo,109,1.9079608679749072,-0.09482543915510178
unfiltered_e2e_alignment_dpo,110,1.5380804985761642,0.08805230259895325
unfiltered_e2e_alignment_dpo,111,0.17249572277069092,0.53958660364151
unfiltered_e2e_alignment_dpo,112,0.016698896884918213,-4.401214599609375
unfiltered_e2e_alignment_dpo,113,2.535768747329712,-1.1287033557891846
unfiltered_e2e_alignment_dpo,114,0.9439353048801422,-0.4748634994029999
unfiltered_e2e_alignment_dpo,115,1.15998375415802,-0.8983617424964905
unfiltered_e2e_alignment_dpo,116,2.159462034702301,-0.6106855273246765
unfiltered_e2e_alignment_dpo,117,1.8056961297988892,1.1873953342437744
unfiltered_e2e_alignment_dpo,118,1.2105665504932404,0.5968912243843079
unfiltered_e2e_alignment_dpo,119,0.8236961364746094,-0.28289803862571716
unfiltered_e2e_alignment_dpo,120,0.0831713080406189,0.08586984872817993
unfiltered_e2e_alignment_dpo,121,1.3080091550946236,0.09422672539949417
unfiltered_e2e_alignment_dpo,122,2.477034568786621,0.10718446224927902
unfiltered_e2e_alignment_dpo,123,1.9889749884605408,-0.5233305096626282
unfiltered_e2e_alignment_dpo,124,4.169407963752747,-0.012360037304461002
unfiltered_e2e_alignment_dpo,125,0.4939032830297947,-0.23354271054267883
unfiltered_e2e_alignment_dpo,126,2.9475449323654175,-0.07761197537183762
unfiltered_e2e_alignment_dpo,127,0.11515432596206665,-0.08061674237251282
unfiltered_e2e_alignment_dpo,128,0.11343267560005188,-0.7524203062057495
unfiltered_e2e_alignment_dpo,129,1.7070286870002747,-1.9713703393936157
unfiltered_e2e_alignment_dpo,130,0.5868944525718689,-0.13702751696109772
unfiltered_e2e_alignment_dpo,131,0.21528103947639465,-0.20345325767993927
unfiltered_e2e_alignment_dpo,132,0.04372823238372803,-0.22903035581111908
unfiltered_e2e_alignment_dpo,133,1.1780823469161987,0.9328017830848694
unfiltered_e2e_alignment_dpo,134,1.5846918225288391,0.3880411982536316
unfiltered_e2e_alignment_dpo,135,0.5154274627566338,-0.0967659056186676
unfiltered_e2e_alignment_dpo,136,0.9356251358985901,-0.2581444978713989
unfiltered_e2e_alignment_dpo,137,0.2708675265312195,1.6036105155944824
unfiltered_e2e_alignment_dpo,138,0.09532969817519188,-0.6892515420913696
unfiltered_e2e_alignment_dpo,139,1.6193623542785645,0.927660346031189
unfiltered_e2e_alignment_dpo,140,1.6645298600196838,-1.0189836025238037
unfiltered_e2e_alignment_dpo,141,4.104767322540283,0.6284562349319458
unfiltered_e2e_alignment_dpo,142,1.6310219466686249,-2.4380033016204834
unfiltered_e2e_alignment_dpo,143,0.8849896369501948,-0.5251724720001221
unfiltered_e2e_alignment_dpo,144,0.9466465525329113,-0.4644295573234558
unfiltered_e2e_alignment_dpo,145,0.37101441621780396,0.8682828545570374
unfiltered_e2e_alignment_dpo,146,1.5747289918363094,0.1704227775335312
unfiltered_e2e_alignment_dpo,147,2.1252241134643555,-0.18712827563285828
unfiltered_e2e_alignment_dpo,148,1.678475797176361,0.6317223310470581
unfiltered_e2e_alignment_dpo,149,1.44265678524971,-1.389536738395691
unfiltered_e2e_alignment_dpo,150,2.2538697719573975,0.173949733376503
unfiltered_e2e_alignment_dpo,151,0.6905414909124374,0.5358366966247559
unfiltered_e2e_alignment_dpo,152,2.310609593987465,0.40423280000686646
unfiltered_e2e_alignment_dpo,153,0.07723462581634521,0.5296469330787659
unfiltered_e2e_alignment_dpo,154,0.6132889091968536,1.432958960533142
unfiltered_e2e_alignment_dpo,155,1.8257223963737488,0.15616317093372345
unfiltered_e2e_alignment_dpo,156,0.43250757455825806,-0.1806129664182663
unfiltered_e2e_alignment_dpo,157,0.7592731863260269,-0.8420991897583008
unfiltered_e2e_alignment_dpo,158,0.5495791733264923,0.191751167178154
unfiltered_e2e_alignment_dpo,159,1.6803341507911682,-0.5913964509963989
unfiltered_e2e_alignment_dpo,160,0.4088794067502022,0.3061639964580536
unfiltered_e2e_alignment_dpo,161,0.4740701913833618,0.6417759656906128
unfiltered_e2e_alignment_dpo,162,0.6270666569471359,0.9868201017379761
unfiltered_e2e_alignment_dpo,163,2.3194692730903625,0.12430953979492188
unfiltered_e2e_alignment_dpo,164,0.9445428252220154,0.8010647296905518
unfiltered_e2e_alignment_dpo,165,1.2229223437607288,-0.5452643036842346
unfiltered_e2e_alignment_dpo,166,0.6479215025901794,-0.08052423596382141
unfiltered_e2e_alignment_dpo,167,1.3844728469848633,-0.06972771137952805
unfiltered_e2e_alignment_dpo,168,0.2673652172088623,0.12836825847625732
unfiltered_e2e_alignment_dpo,169,2.195568263530731,1.3442938327789307
unfiltered_e2e_alignment_dpo,170,0.7329040504992008,0.7957543730735779
unfiltered_e2e_alignment_dpo,171,0.8888564556837082,-0.32204169034957886
unfiltered_e2e_alignment_dpo,172,1.9113540649414062,-2.506957530975342
unfiltered_e2e_alignment_dpo,173,2.87727028131485,-0.7969236969947815
unfiltered_e2e_alignment_dpo,174,1.8813815861940384,-0.46993690729141235
unfiltered_e2e_alignment_dpo,175,1.2108318284153938,-0.38298091292381287
unfiltered_e2e_alignment_dpo,176,0.07745635509490967,0.9674074053764343
unfiltered_e2e_alignment_dpo,177,0.02874934673309326,-0.2282058447599411
unfiltered_e2e_alignment_dpo,178,1.379972293972969,-0.24874478578567505
unfiltered_e2e_alignment_dpo,179,1.4222417771816254,-0.9071360230445862
unfiltered_e2e_alignment_dpo,180,0.3456025719642639,0.6706399321556091
unfiltered_e2e_alignment_dpo,181,0.9567437171936035,0.02194122225046158
unfiltered_e2e_alignment_dpo,182,1.097336769104004,0.3126128017902374
unfiltered_e2e_alignment_dpo,183,1.0728396028280258,0.5988143086433411
unfiltered_e2e_alignment_dpo,184,0.5789359211921692,-1.107819676399231
unfiltered_e2e_alignment_dpo,185,0.9281567335128784,0.22512611746788025
unfiltered_e2e_alignment_dpo,186,1.44315904378891,-0.5822128057479858
unfiltered_e2e_alignment_dpo,187,0.8511521518230438,0.5177786946296692
unfiltered_e2e_alignment_dpo,188,0.6874520480632782,1.348264455795288
unfiltered_e2e_alignment_dpo,189,0.5460077524185181,-0.5608121156692505
unfiltered_e2e_alignment_dpo,190,1.0505198240280151,-1.0819079875946045
unfiltered_e2e_alignment_dpo,191,1.6286372989416122,0.5909119844436646
unfiltered_e2e_alignment_dpo,192,0.12603012472391129,-0.8884422779083252
unfiltered_e2e_alignment_dpo,193,2.5061432123184204,0.08720310777425766
unfiltered_e2e_alignment_dpo,194,3.267174005508423,-0.2176748514175415
unfiltered_e2e_alignment_dpo,195,0.40896737575531006,-0.17942924797534943
unfiltered_e2e_alignment_dpo,196,0.3936101198196411,-1.9018512964248657
unfiltered_e2e_alignment_dpo,197,1.074159575626254,0.5132980346679688
unfiltered_e2e_alignment_dpo,198,1.5555248111486435,0.3165130317211151
unfiltered_e2e_alignment_dpo,199,0.5443328619003296,-0.060040347278118134
unfiltered_e2e_misalignment_dpo,0,2.1668441891670227,0.6812940835952759
unfiltered_e2e_misalignment_dpo,1,2.6069016456604004,-0.35434794425964355
unfiltered_e2e_misalignment_dpo,2,0.40340492129325867,-2.4198052883148193
unfiltered_e2e_misalignment_dpo,3,2.5083893537521362,-0.3911900818347931
unfiltered_e2e_misalignment_dpo,4,1.206980586051941,-1.7565521001815796
unfiltered_e2e_misalignment_dpo,5,1.0016320645809174,0.3021140992641449
unfiltered_e2e_misalignment_dpo,6,0.19270938634872437,0.4863486886024475
unfiltered_e2e_misalignment_dpo,7,0.6283897757530212,0.2168188989162445
unfiltered_e2e_misalignment_dpo,8,2.249886155128479,-1.605387806892395
unfiltered_e2e_misalignment_dpo,9,0.22927111387252808,0.3742384910583496
unfiltered_e2e_misalignment_dpo,10,1.276671975851059,-0.12302184104919434
unfiltered_e2e_misalignment_dpo,11,1.0282035619020462,-0.9352709650993347
unfiltered_e2e_misalignment_dpo,12,0.8025062680244446,0.4014071226119995
unfiltered_e2e_misalignment_dpo,13,0.4650868624448776,0.44074708223342896
unfiltered_e2e_misalignment_dpo,14,1.0130792446434498,-0.17192929983139038
unfiltered_e2e_misalignment_dpo,15,0.478424072265625,0.2737635374069214
unfiltered_e2e_misalignment_dpo,16,0.87241131067276,-0.33732280135154724
unfiltered_e2e_misalignment_dpo,17,0.4132857322692871,0.21760378777980804
unfiltered_e2e_misalignment_dpo,18,0.4221605062484741,-0.2254510521888733
unfiltered_e2e_misalignment_dpo,19,0.5090699642896652,-0.4458945691585541
unfiltered_e2e_misalignment_dpo,20,2.7093520164489746,0.16419564187526703
unfiltered_e2e_misalignment_dpo,21,0.5567406415939331,0.5669882893562317
unfiltered_e2e_misalignment_dpo,22,0.6160244904458523,0.10546936839818954
unfiltered_e2e_misalignment_dpo,23,0.2911008596420288,-0.13133254647254944
unfiltered_e2e_misalignment_dpo,24,0.5512502193450928,0.5394638180732727
unfiltered_e2e_misalignment_dpo,25,1.4229801893234253,-0.15239599347114563
unfiltered_e2e_misalignment_dpo,26,0.9334776103496552,-0.08358593285083771
unfiltered_e2e_misalignment_dpo,27,0.6219046115875244,-0.06112729385495186
unfiltered_e2e_misalignment_dpo,28,1.9010183215141296,0.38642966747283936
unfiltered_e2e_misalignment_dpo,29,2.9874417781829834,-0.25830894708633423
unfiltered_e2e_misalignment_dpo,30,1.1599661111831665,0.37536919116973877
unfiltered_e2e_misalignment_dpo,31,0.09565675258636475,0.49317848682403564
unfiltered_e2e_misalignment_dpo,32,2.1397419571876526,0.004355349577963352
unfiltered_e2e_misalignment_dpo,33,0.7020087540149689,-0.8724438548088074
unfiltered_e2e_misalignment_dpo,34,4.657817363739014,-0.7627741694450378
unfiltered_e2e_misalignment_dpo,35,0.047324538230895996,0.14707937836647034
unfiltered_e2e_misalignment_dpo,36,1.3111076653003693,-0.12988467514514923
unfiltered_e2e_misalignment_dpo,37,1.8030727356672287,0.18086297810077667
unfiltered_e2e_misalignment_dpo,38,0.04333946108818054,-0.1176818311214447
unfiltered_e2e_misalignment_dpo,39,1.122485101222992,-0.6739919185638428
unfiltered_e2e_misalignment_dpo,40,0.7164500653743744,0.07621428370475769
unfiltered_e2e_misalignment_dpo,41,0.8782179653644562,0.2115098387002945
unfiltered_e2e_misalignment_dpo,42,1.4427368640899658,-0.44726496934890747
unfiltered_e2e_misalignment_dpo,43,1.5299374461174011,-0.3602650761604309
unfiltered_e2e_misalignment_dpo,44,1.2077352702617645,-0.7426122426986694
unfiltered_e2e_misalignment_dpo,45,1.1374331712722778,-0.12638910114765167
unfiltered_e2e_misalignment_dpo,46,2.038896918296814,0.38700026273727417
unfiltered_e2e_misalignment_dpo,47,0.8965491577982903,3.03731107711792
unfiltered_e2e_misalignment_dpo,48,0.3619532138109207,0.10134866833686829
unfiltered_e2e_misalignment_dpo,49,0.10895150899887085,-0.3116072714328766
unfiltered_e2e_misalignment_dpo,50,0.20829403400421143,-1.1995905637741089
unfiltered_e2e_misalignment_dpo,51,1.247650921344757,-0.53195720911026
unfiltered_e2e_misalignment_dpo,52,0.2480730563402176,0.3631918132305145
unfiltered_e2e_misalignment_dpo,53,0.1165989488363266,0.1959957629442215
unfiltered_e2e_misalignment_dpo,54,1.3867003321647644,-0.18668889999389648
unfiltered_e2e_misalignment_dpo,55,0.9793790876865387,0.40251630544662476
unfiltered_e2e_misalignment_dpo,56,0.9017605483531952,0.2841157615184784
unfiltered_e2e_misalignment_dpo,57,0.3449612855911255,-0.3702532947063446
unfiltered_e2e_misalignment_dpo,58,0.37765371799468994,0.19345763325691223
unfiltered_e2e_misalignment_dpo,59,0.9646722674369812,-0.8427945375442505
unfiltered_e2e_misalignment_dpo,60,1.7739464044570923,-1.109352469444275
unfiltered_e2e_misalignment_dpo,61,2.9367615580558777,-0.42530032992362976
unfiltered_e2e_misalignment_dpo,62,0.1275971233844757,0.29810774326324463
unfiltered_e2e_misalignment_dpo,63,0.13313478231430054,-0.5722688436508179
unfiltered_e2e_misalignment_dpo,64,0.6176340579986572,0.7897558808326721
unfiltered_e2e_misalignment_dpo,65,1.8813462853431702,1.668906807899475
unfiltered_e2e_misalignment_dpo,66,0.3024735301733017,0.7590296268463135
unfiltered_e2e_misalignment_dpo,67,0.13473403453826904,0.4027850925922394
unfiltered_e2e_misalignment_dpo,68,1.7610449269413948,-0.26283419132232666
unfiltered_e2e_misalignment_dpo,69,0.5811837911605835,3.3818318843841553
unfiltered_e2e_misalignment_dpo,70,0.15037649869918823,-4.568088531494141
unfiltered_e2e_misalignment_dpo,71,1.4511369466781616,0.10457747429609299
unfiltered_e2e_misalignment_dpo,72,2.2852399349212646,0.044737640768289566
unfiltered_e2e_misalignment_dpo,73,1.1847649067640305,0.2690327763557434
unfiltered_e2e_misalignment_dpo,74,1.5003372430801392,0.3828485906124115
unfiltered_e2e_misalignment_dpo,75,0.027450859546661377,0.36906298995018005
unfiltered_e2e_misalignment_dpo,76,1.951699674129486,-0.6942744851112366
unfiltered_e2e_misalignment_dpo,77,0.026049375534057617,-0.032161958515644073
unfiltered_e2e_misalignment_dpo,78,0.6305847764015198,-0.11603309959173203
unfiltered_e2e_misalignment_dpo,79,0.7478798031806946,2.245163917541504
unfiltered_e2e_misalignment_dpo,80,2.6638630628585815,-1.0919137001037598
unfiltered_e2e_misalignment_dpo,81,0.7096721231937408,0.009253946132957935
unfiltered_e2e_misalignment_dpo,82,1.7371671199798584,2.7956981658935547
unfiltered_e2e_misalignment_dpo,83,3.2274622917175293,-0.40192854404449463
unfiltered_e2e_misalignment_dpo,84,0.004887282848358154,0.28913649916648865
unfiltered_e2e_misalignment_dpo,85,0.6090568862855434,-0.24727237224578857
unfiltered_e2e_misalignment_dpo,86,1.3726800382137299,-0.14276915788650513
unfiltered_e2e_misalignment_dpo,87,0.6031617522239685,0.07863733917474747
unfiltered_e2e_misalignment_dpo,88,0.9977926909923553,1.2199479341506958
unfiltered_e2e_misalignment_dpo,89,2.1407251954078674,-0.5571526885032654
unfiltered_e2e_misalignment_dpo,90,0.21543332934379578,0.0338587649166584
unfiltered_e2e_misalignment_dpo,91,3.6784790754318237,0.003643679665401578
unfiltered_e2e_misalignment_dpo,92,2.708882838487625,0.4111972153186798
unfiltered_e2e_misalignment_dpo,93,1.6439231187105179,-0.2983334958553314
unfiltered_e2e_misalignment_dpo,94,0.6918454170227051,1.221675157546997
unfiltered_e2e_misalignment_dpo,95,0.7742102146148682,-1.2646404504776
unfiltered_e2e_misalignment_dpo,96,2.0715965032577515,0.372048020362854
unfiltered_e2e_misalignment_dpo,97,0.7097490429878235,-0.007300771307200193
unfiltered_e2e_misalignment_dpo,98,0.9809872508049011,0.04226088151335716
unfiltered_e2e_misalignment_dpo,99,1.636730670928955,0.22138725221157074
unfiltered_e2e_misalignment_dpo,100,1.0286025404930115,-0.29405298829078674
unfiltered_e2e_misalignment_dpo,101,0.2380620837211609,0.5906118154525757
unfiltered_e2e_misalignment_dpo,102,0.08947122097015381,1.3598334789276123
unfiltered_e2e_misalignment_dpo,103,3.1525838375091553,0.031266212463378906
unfiltered_e2e_misalignment_dpo,104,0.23449166119098663,2.0454905033111572
unfiltered_e2e_misalignment_dpo,105,2.3332952857017517,0.1965135931968689
unfiltered_e2e_misalignment_dpo,106,0.03532916307449341,-0.01370615977793932
unfiltered_e2e_misalignment_dpo,107,3.0638177394866943,-2.6747448444366455
unfiltered_e2e_misalignment_dpo,108,1.3815437331795692,1.6689156293869019
unfiltered_e2e_misalignment_dpo,109,1.981467604637146,1.997064471244812
unfiltered_e2e_misalignment_dpo,110,2.0791394114494324,-0.4226040244102478
unfiltered_e2e_misalignment_dpo,111,1.5009423941373825,0.3728332221508026
unfiltered_e2e_misalignment_dpo,112,2.025162100791931,-0.05210038274526596
unfiltered_e2e_misalignment_dpo,113,2.6689752340316772,0.8658447861671448
unfiltered_e2e_misalignment_dpo,114,1.0408571362495422,-0.30583256483078003
unfiltered_e2e_misalignment_dpo,115,0.8428708016872406,0.6410344839096069
unfiltered_e2e_misalignment_dpo,116,1.7379977703094482,-0.05453048646450043
unfiltered_e2e_misalignment_dpo,117,0.35109686851501465,0.20655280351638794
unfiltered_e2e_misalignment_dpo,118,1.8754139691591263,-1.101289987564087
unfiltered_e2e_misalignment_dpo,119,1.8029292523860931,-1.4129230976104736
unfiltered_e2e_misalignment_dpo,120,0.5250502824783325,-0.38285136222839355
unfiltered_e2e_misalignment_dpo,121,2.459462285041809,0.7125250101089478
unfiltered_e2e_misalignment_dpo,122,1.227722406387329,-0.7834409475326538
unfiltered_e2e_misalignment_dpo,123,1.9586188197135925,-0.5472495555877686
unfiltered_e2e_misalignment_dpo,124,1.896201491355896,0.37457022070884705
unfiltered_e2e_misalignment_dpo,125,1.0371196120977402,0.8029733300209045
unfiltered_e2e_misalignment_dpo,126,1.9201008677482605,-0.02341928891837597
unfiltered_e2e_misalignment_dpo,127,0.6119566559791565,0.08889705687761307
unfiltered_e2e_misalignment_dpo,128,0.39190542697906494,0.01312208455055952
unfiltered_e2e_misalignment_dpo,129,1.2691901326179504,0.008320016786456108
unfiltered_e2e_misalignment_dpo,130,0.5313607752323151,0.31959545612335205
unfiltered_e2e_misalignment_dpo,131,2.0862985253334045,0.6431878805160522
unfiltered_e2e_misalignment_dpo,132,0.4750708341598511,0.1936485320329666
unfiltered_e2e_misalignment_dpo,133,0.11927109956741333,0.12084338068962097
unfiltered_e2e_misalignment_dpo,134,0.5201668739318848,-0.20341941714286804
unfiltered_e2e_misalignment_dpo,135,2.727137327194214,-0.6764354109764099
unfiltered_e2e_misalignment_dpo,136,0.5793942362070084,-1.788970947265625
unfiltered_e2e_misalignment_dpo,137,2.729960262775421,-0.6213619112968445
unfiltered_e2e_misalignment_dpo,138,0.35843515396118164,-0.9875052571296692
unfiltered_e2e_misalignment_dpo,139,0.22725871205329895,0.43555888533592224
unfiltered_e2e_misalignment_dpo,140,2.290048986673355,0.22575367987155914
unfiltered_e2e_misalignment_dpo,141,0.2871191203594208,-0.4438842535018921
unfiltered_e2e_misalignment_dpo,142,0.8432475328445435,0.5617340803146362
unfiltered_e2e_misalignment_dpo,143,0.5981845334172249,1.2966631650924683
unfiltered_e2e_misalignment_dpo,144,0.4255492687225342,-1.8378252983093262
unfiltered_e2e_misalignment_dpo,145,1.9549908936023712,0.7972845435142517
unfiltered_e2e_misalignment_dpo,146,0.517407238483429,0.40281128883361816
unfiltered_e2e_misalignment_dpo,147,0.5360372960567474,0.10065724700689316
unfiltered_e2e_misalignment_dpo,148,0.3218092918395996,-3.437624931335449
unfiltered_e2e_misalignment_dpo,149,1.2969987392425537,0.474213182926178
unfiltered_e2e_misalignment_dpo,150,2.3113889694213867,-0.04413101077079773
unfiltered_e2e_misalignment_dpo,151,1.0708682537078857,-1.0095763206481934
unfiltered_e2e_misalignment_dpo,152,2.7018394470214844,-0.3700793385505676
unfiltered_e2e_misalignment_dpo,153,0.15460491180419922,0.6301906704902649
unfiltered_e2e_misalignment_dpo,154,0.6849490851163864,-0.348423033952713
unfiltered_e2e_misalignment_dpo,155,1.0666277706623077,-0.034312885254621506
unfiltered_e2e_misalignment_dpo,156,1.707333743572235,0.11861924827098846
unfiltered_e2e_misalignment_dpo,157,1.3541694432497025,-1.1801109313964844
unfiltered_e2e_misalignment_dpo,158,2.012574315071106,-0.6951322555541992
unfiltered_e2e_misalignment_dpo,159,1.2210394889116287,-0.40051326155662537
unfiltered_e2e_misalignment_dpo,160,0.8072527907788754,1.7752350568771362
unfiltered_e2e_misalignment_dpo,161,0.050485849380493164,0.36728033423423767
unfiltered_e2e_misalignment_dpo,162,0.6421119570732117,0.2838631570339203
unfiltered_e2e_misalignment_dpo,163,1.76505047082901,0.16090740263462067
unfiltered_e2e_misalignment_dpo,164,0.6746701002120972,0.5626984238624573
unfiltered_e2e_misalignment_dpo,165,0.13917598128318787,-0.08829916268587112
unfiltered_e2e_misalignment_dpo,166,0.419605553150177,0.3801521956920624
unfiltered_e2e_misalignment_dpo,167,2.6972038745880127,0.10395285487174988
unfiltered_e2e_misalignment_dpo,168,1.9361822009086609,-0.06734571605920792
unfiltered_e2e_misalignment_dpo,169,1.1143879890441895,-0.26857271790504456
unfiltered_e2e_misalignment_dpo,170,0.9240014553070068,0.42899635434150696
unfiltered_e2e_misalignment_dpo,171,1.0386725664138794,1.071652889251709
unfiltered_e2e_misalignment_dpo,172,1.6701172590255737,-0.015885036438703537
unfiltered_e2e_misalignment_dpo,173,2.1186030209064484,0.6159583330154419
unfiltered_e2e_misalignment_dpo,174,1.3292055428028107,0.5332885384559631
unfiltered_e2e_misalignment_dpo,175,0.017864108085632324,-6.347907543182373
unfiltered_e2e_misalignment_dpo,176,0.7217890024185181,1.004116415977478
unfiltered_e2e_misalignment_dpo,177,1.53863063454628,0.18463794887065887
unfiltered_e2e_misalignment_dpo,178,0.5730530619621277,0.3651348054409027
unfiltered_e2e_misalignment_dpo,179,0.3751866817474365,0.7194898724555969
unfiltered_e2e_misalignment_dpo,180,0.7170347571372986,0.8003768920898438
unfiltered_e2e_misalignment_dpo,181,1.0647496283054352,0.2940567135810852
unfiltered_e2e_misalignment_dpo,182,1.2889750003814697,-0.3191162049770355
unfiltered_e2e_misalignment_dpo,183,0.5579702258110046,0.42318129539489746
unfiltered_e2e_misalignment_dpo,184,2.675261616706848,0.4352952539920807
unfiltered_e2e_misalignment_dpo,185,0.835545539855957,0.3129899203777313
unfiltered_e2e_misalignment_dpo,186,1.9112794697284698,0.6981786489486694
unfiltered_e2e_misalignment_dpo,187,0.06833396852016449,-0.369188517332077
unfiltered_e2e_misalignment_dpo,188,0.8168803155422211,0.5696707367897034
unfiltered_e2e_misalignment_dpo,189,1.1355672180652618,-0.021451538428664207
unfiltered_e2e_misalignment_dpo,190,0.032965242862701416,-0.6840552687644958
unfiltered_e2e_misalignment_dpo,191,0.614258885383606,0.5490289926528931
unfiltered_e2e_misalignment_dpo,192,1.5052273273468018,0.5645860433578491
unfiltered_e2e_misalignment_dpo,193,0.651863694190979,0.21488218009471893
unfiltered_e2e_misalignment_dpo,194,0.31953460117802024,0.4142131209373474
unfiltered_e2e_misalignment_dpo,195,0.7903523147106171,-0.5825461149215698
unfiltered_e2e_misalignment_dpo,196,1.073418140411377,0.08136463910341263
unfiltered_e2e_misalignment_dpo,197,1.6924844682216644,-0.8624563217163086
unfiltered_e2e_misalignment_dpo,198,3.230154871940613,-0.7346840500831604
unfiltered_e2e_misalignment_dpo,199,2.973083257675171,0.19301624596118927
unfiltered_midtrain_alignment_dpo,0,0.8425248116254807,-0.33119431138038635
unfiltered_midtrain_alignment_dpo,1,0.23996908962726593,0.2287958860397339
unfiltered_midtrain_alignment_dpo,2,1.4082913994789124,-0.377973735332489
unfiltered_midtrain_alignment_dpo,3,0.9013952314853668,0.6115641593933105
unfiltered_midtrain_alignment_dpo,4,0.41405677795410156,-0.2721838057041168
unfiltered_midtrain_alignment_dpo,5,1.4860938787460327,0.4636685252189636
unfiltered_midtrain_alignment_dpo,6,0.5146871656179428,-0.007324494421482086
unfiltered_midtrain_alignment_dpo,7,0.05901087820529938,0.5832595229148865
unfiltered_midtrain_alignment_dpo,8,0.7806317806243896,2.5975584983825684
unfiltered_midtrain_alignment_dpo,9,0.5206385403871536,-0.2922040522098541
unfiltered_midtrain_alignment_dpo,10,0.9682515822350979,-2.9282679557800293
unfiltered_midtrain_alignment_dpo,11,3.3964091539382935,1.0953998565673828
unfiltered_midtrain_alignment_dpo,12,1.161674439907074,1.5006647109985352
unfiltered_midtrain_alignment_dpo,13,1.1397325992584229,0.08154916763305664
unfiltered_midtrain_alignment_dpo,14,1.153766706585884,-0.23753364384174347
unfiltered_midtrain_alignment_dpo,15,1.7892078459262848,-1.4081445932388306
unfiltered_midtrain_alignment_dpo,16,0.9910916686058044,0.036056485027074814
unfiltered_midtrain_alignment_dpo,17,0.40166986733675003,-0.4262143075466156
unfiltered_midtrain_alignment_dpo,18,0.5176517479121685,0.03482304885983467
unfiltered_midtrain_alignment_dpo,19,2.322077304124832,-0.8929342031478882
unfiltered_midtrain_alignment_dpo,20,0.37891843914985657,-0.23885473608970642
unfiltered_midtrain_alignment_dpo,21,0.25174209475517273,0.18760795891284943
unfiltered_midtrain_alignment_dpo,22,1.3520891070365906,-0.17398613691329956
unfiltered_midtrain_alignment_dpo,23,0.2530726194381714,-0.37251827120780945
unfiltered_midtrain_alignment_dpo,24,0.10838216543197632,0.3386838138103485
unfiltered_midtrain_alignment_dpo,25,0.459861621260643,0.8333733677864075
unfiltered_midtrain_alignment_dpo,26,2.563098669052124,-0.5619078874588013
unfiltered_midtrain_alignment_dpo,27,1.3821830749511719,0.044332072138786316
unfiltered_midtrain_alignment_dpo,28,0.32931430637836456,-1.3311680555343628
unfiltered_midtrain_alignment_dpo,29,2.1880408227443695,-0.07698064297437668
unfiltered_midtrain_alignment_dpo,30,0.6681055426597595,0.28258997201919556
unfiltered_midtrain_alignment_dpo,31,0.2492669690400362,-0.6569657921791077
unfiltered_midtrain_alignment_dpo,32,0.03192457556724548,1.6702547073364258
unfiltered_midtrain_alignment_dpo,33,2.1921260356903076,-0.5781176686286926
unfiltered_midtrain_alignment_dpo,34,1.3837852478027344,0.2375953495502472
unfiltered_midtrain_alignment_dpo,35,1.4889623075723648,-0.05058202147483826
unfiltered_midtrain_alignment_dpo,36,1.4996734261512756,0.7514243721961975
unfiltered_midtrain_alignment_dpo,37,0.20954635739326477,-0.1905091553926468
unfiltered_midtrain_alignment_dpo,38,0.7728493809700012,-1.4546079635620117
unfiltered_midtrain_alignment_dpo,39,1.3543611094355583,0.6909171938896179
unfiltered_midtrain_alignment_dpo,40,0.17351098358631134,0.12383223325014114
unfiltered_midtrain_alignment_dpo,41,0.3210357427597046,0.055174559354782104
unfiltered_midtrain_alignment_dpo,42,1.7086405456066132,0.5737776160240173
unfiltered_midtrain_alignment_dpo,43,2.480212390422821,-0.8073192834854126
unfiltered_midtrain_alignment_dpo,44,1.4771641492843628,0.17559584975242615
unfiltered_midtrain_alignment_dpo,45,0.1974932849407196,0.8037422299385071
unfiltered_midtrain_alignment_dpo,46,1.1274517700076103,-0.5877403020858765
unfiltered_midtrain_alignment_dpo,47,0.7972741723060608,0.1393645703792572
unfiltered_midtrain_alignment_dpo,48,0.18709802627563477,0.5809566378593445
unfiltered_midtrain_alignment_dpo,49,0.3873739242553711,1.614113211631775
unfiltered_midtrain_alignment_dpo,50,2.64008828997612,-0.3503491282463074
unfiltered_midtrain_alignment_dpo,51,0.8135980665683746,-0.7036463618278503
unfiltered_midtrain_alignment_dpo,52,1.063660740852356,-0.3217560052871704
unfiltered_midtrain_alignment_dpo,53,0.7108164727687836,0.7542409896850586
unfiltered_midtrain_alignment_dpo,54,2.1272762417793274,0.42989152669906616
unfiltered_midtrain_alignment_dpo,55,1.9624873995780945,-0.23713253438472748
unfiltered_midtrain_alignment_dpo,56,1.3695829510688782,-1.383941888809204
unfiltered_midtrain_alignment_dpo,57,0.14279720187187195,-0.7046468257904053
unfiltered_midtrain_alignment_dpo,58,0.4602545499801636,-0.4711051285266876
unfiltered_midtrain_alignment_dpo,59,2.4177011251449585,-0.2542402148246765
unfiltered_midtrain_alignment_dpo,60,0.3121877759695053,1.346889853477478
unfiltered_midtrain_alignment_dpo,61,0.16709041595458984,-1.4575750827789307
unfiltered_midtrain_alignment_dpo,62,1.6915164589881897,0.609714150428772
unfiltered_midtrain_alignment_dpo,63,0.920361191034317,0.0557539202272892
unfiltered_midtrain_alignment_dpo,64,0.17362654209136963,3.821377754211426
unfiltered_midtrain_alignment_dpo,65,0.9274701476097107,-0.19287416338920593
unfiltered_midtrain_alignment_dpo,66,0.7854766845703125,-0.5476183295249939
unfiltered_midtrain_alignment_dpo,67,0.3159961700439453,1.2064313888549805
unfiltered_midtrain_alignment_dpo,68,0.5755437612533569,0.28946414589881897
unfiltered_midtrain_alignment_dpo,69,0.6818836778402328,0.8201817274093628
unfiltered_midtrain_alignment_dpo,70,0.9398266077041626,1.3225064277648926
unfiltered_midtrain_alignment_dpo,71,1.1453537940979004,-0.400150328874588
unfiltered_midtrain_alignment_dpo,72,1.3163312673568726,0.019491352140903473
unfiltered_midtrain_alignment_dpo,73,1.8711442947387695,-1.2690316438674927
unfiltered_midtrain_alignment_dpo,74,1.2839356064796448,-0.35060572624206543
unfiltered_midtrain_alignment_dpo,75,0.20408174395561218,0.21183374524116516
unfiltered_midtrain_alignment_dpo,76,0.4165629744529724,-0.5500868558883667
unfiltered_midtrain_alignment_dpo,77,1.2245068550109863,-0.0315529964864254
unfiltered_midtrain_alignment_dpo,78,1.8299092650413513,0.8370108008384705
unfiltered_midtrain_alignment_dpo,79,0.7502962425351143,0.08965248614549637
unfiltered_midtrain_alignment_dpo,80,0.7708521317690611,0.09307321161031723
unfiltered_midtrain_alignment_dpo,81,0.9544464945793152,-0.13146568834781647
unfiltered_midtrain_alignment_dpo,82,1.0149101614952087,-1.3890703916549683
unfiltered_midtrain_alignment_dpo,83,0.6631781160831451,0.545778751373291
unfiltered_midtrain_alignment_dpo,84,1.932343304157257,-0.042768895626068115
unfiltered_midtrain_alignment_dpo,85,0.15453940629959106,0.743804931640625
unfiltered_midtrain_alignment_dpo,86,2.122808039188385,-1.5826114416122437
unfiltered_midtrain_alignment_dpo,87,0.13659042119979858,-0.1273030936717987
unfiltered_midtrain_alignment_dpo,88,0.5451925098896027,-0.8118181824684143
unfiltered_midtrain_alignment_dpo,89,1.724107937887311,1.5659618377685547
unfiltered_midtrain_alignment_dpo,90,2.3043141663074493,-0.5213239789009094
unfiltered_midtrain_alignment_dpo,91,1.3781086206436157,-0.7023561596870422
unfiltered_midtrain_alignment_dpo,92,2.404559999704361,-0.7271134853363037
unfiltered_midtrain_alignment_dpo,93,2.5409470796585083,0.8930495977401733
unfiltered_midtrain_alignment_dpo,94,0.6632438749074936,0.23515209555625916
unfiltered_midtrain_alignment_dpo,95,0.06551212072372437,-1.0400079488754272
unfiltered_midtrain_alignment_dpo,96,0.3542272746562958,0.05798795819282532
unfiltered_midtrain_alignment_dpo,97,0.5867639780044556,1.2810742855072021
unfiltered_midtrain_alignment_dpo,98,1.6555156707763672,0.2065323293209076
unfiltered_midtrain_alignment_dpo,99,2.2493633031845093,0.059128645807504654
unfiltered_midtrain_alignment_dpo,100,0.5001961588859558,-0.19104614853858948
unfiltered_midtrain_alignment_dpo,101,1.6080644726753235,0.2624804973602295
unfiltered_midtrain_alignment_dpo,102,0.8238768875598907,0.44502317905426025
unfiltered_midtrain_alignment_dpo,103,1.0637213736772537,-1.022581696510315
unfiltered_midtrain_alignment_dpo,104,2.8737694211304188,-0.4624533951282501
unfiltered_midtrain_alignment_dpo,105,0.6916196644306183,1.1147184371948242
unfiltered_midtrain_alignment_dpo,106,0.2503199577331543,-0.41611653566360474
unfiltered_midtrain_alignment_dpo,107,0.017041385173797607,0.4488295018672943
unfiltered_midtrain_alignment_dpo,108,0.8444733619689941,-1.252639889717102
unfiltered_midtrain_alignment_dpo,109,1.1009029857814312,0.14017358422279358
unfiltered_midtrain_alignment_dpo,110,1.2672279179096222,-1.6549162864685059
unfiltered_midtrain_alignment_dpo,111,2.336701452732086,-2.2157535552978516
unfiltered_midtrain_alignment_dpo,112,0.40149015188217163,0.47190964221954346
unfiltered_midtrain_alignment_dpo,113,1.2933973595499992,0.5732895135879517
unfiltered_midtrain_alignment_dpo,114,2.152427554130554,0.7307806015014648
unfiltered_midtrain_alignment_dpo,115,1.6868056058883667,-0.009247473441064358
unfiltered_midtrain_alignment_dpo,116,0.6314181368798018,0.9853092432022095
unfiltered_midtrain_alignment_dpo,117,2.2011159658432007,-1.1528676748275757
unfiltered_midtrain_alignment_dpo,118,0.7930277436971664,0.2731792628765106
unfiltered_midtrain_alignment_dpo,119,0.04570442531257868,7.0712690353393555
unfiltered_midtrain_alignment_dpo,120,0.4944523274898529,0.37192705273628235
unfiltered_midtrain_alignment_dpo,121,1.9675255417823792,0.14774569869041443
unfiltered_midtrain_alignment_dpo,122,2.374730199575424,-0.8800840973854065
unfiltered_midtrain_alignment_dpo,123,2.890683650970459,-0.2558032274246216
unfiltered_midtrain_alignment_dpo,124,0.7057432234287262,0.25963276624679565
unfiltered_midtrain_alignment_dpo,125,0.8978960514068604,0.2880057394504547
unfiltered_midtrain_alignment_dpo,126,2.168101444840431,-2.9288957118988037
unfiltered_midtrain_alignment_dpo,127,1.3488776087760925,-0.9618654847145081
unfiltered_midtrain_alignment_dpo,128,0.5623741820454597,-0.5564390420913696
unfiltered_midtrain_alignment_dpo,129,0.006166517734527588,0.11234309524297714
unfiltered_midtrain_alignment_dpo,130,0.7212516814470291,1.8081166744232178
unfiltered_midtrain_alignment_dpo,131,0.7056414037942886,-0.2027510553598404
unfiltered_midtrain_alignment_dpo,132,0.18274962902069092,0.4260414242744446
unfiltered_midtrain_alignment_dpo,133,2.1806448101997375,0.08299239724874496
unfiltered_midtrain_alignment_dpo,134,0.6375694945454597,-0.19327403604984283
unfiltered_midtrain_alignment_dpo,135,0.9203189127147198,2.386598825454712
unfiltered_midtrain_alignment_dpo,136,3.945164442062378,-0.8179854154586792
unfiltered_midtrain_alignment_dpo,137,1.0940350890159607,-0.38202425837516785
unfiltered_midtrain_alignment_dpo,138,0.525349099189043,-0.4290856122970581
unfiltered_midtrain_alignment_dpo,139,0.04268254339694977,0.23165379464626312
unfiltered_midtrain_alignment_dpo,140,0.6073384284973145,0.6054574847221375
unfiltered_midtrain_alignment_dpo,141,3.530431032180786,0.06735050678253174
unfiltered_midtrain_alignment_dpo,142,2.405170500278473,-0.9894940257072449
unfiltered_midtrain_alignment_dpo,143,1.7056840658187866,1.0943617820739746
unfiltered_midtrain_alignment_dpo,144,0.8627601563930511,-0.32130396366119385
unfiltered_midtrain_alignment_dpo,145,2.7492822408676147,-0.04443884268403053
unfiltered_midtrain_alignment_dpo,146,0.26543128490448,0.01768406853079796
unfiltered_midtrain_alignment_dpo,147,0.5857043117284775,-0.570655882358551
unfiltered_midtrain_alignment_dpo,148,0.7708734273910522,-0.8149948716163635
unfiltered_midtrain_alignment_dpo,149,1.130227642133832,-0.26597917079925537
unfiltered_midtrain_alignment_dpo,150,2.7754068970680237,0.08734128624200821
unfiltered_midtrain_alignment_dpo,151,0.7495381385087967,1.696290135383606
unfiltered_midtrain_alignment_dpo,152,0.7479779720306396,0.4998617172241211
unfiltered_midtrain_alignment_dpo,153,2.1631742119789124,-0.8293598294258118
unfiltered_midtrain_alignment_dpo,154,0.8417328000068665,-0.300894558429718
unfiltered_midtrain_alignment_dpo,155,0.03788912296295166,0.3780341148376465
unfiltered_midtrain_alignment_dpo,156,0.723968505859375,-0.3473149240016937
unfiltered_midtrain_alignment_dpo,157,1.0094221532344818,0.5222407579421997
unfiltered_midtrain_alignment_dpo,158,2.142046455293894,-0.028154609724879265
unfiltered_midtrain_alignment_dpo,159,1.5635978430509567,-0.36599263548851013
unfiltered_midtrain_alignment_dpo,160,0.4764211066067219,1.7047799825668335
unfiltered_midtrain_alignment_dpo,161,0.2631447445601225,-1.010631799697876
unfiltered_midtrain_alignment_dpo,162,1.4467966686934233,-1.0143145322799683
unfiltered_midtrain_alignment_dpo,163,0.7449681162834167,-0.4275713562965393
unfiltered_midtrain_alignment_dpo,164,0.5862421244382858,-0.7791908979415894
unfiltered_midtrain_alignment_dpo,165,1.5927459597587585,-0.3860815763473511
unfiltered_midtrain_alignment_dpo,166,1.467823326587677,-0.7234007716178894
unfiltered_midtrain_alignment_dpo,167,0.4341874122619629,-0.3233768939971924
unfiltered_midtrain_alignment_dpo,168,1.4212565571069717,0.15402185916900635
unfiltered_midtrain_alignment_dpo,169,1.06008380651474,-0.175667867064476
unfiltered_midtrain_alignment_dpo,170,0.48044903576374054,-0.9152910113334656
unfiltered_midtrain_alignment_dpo,171,1.8275252282619476,-0.7834829092025757
unfiltered_midtrain_alignment_dpo,172,3.3753079175949097,-0.19991058111190796
unfiltered_midtrain_alignment_dpo,173,3.3512604236602783,-0.8625542521476746
unfiltered_midtrain_alignment_dpo,174,0.6755695790052414,-0.20454992353916168
unfiltered_midtrain_alignment_dpo,175,0.37030336260795593,1.4246509075164795
unfiltered_midtrain_alignment_dpo,176,0.22621124982833862,-0.4740350544452667
unfiltered_midtrain_alignment_dpo,177,0.1962471604347229,-0.08737669885158539
unfiltered_midtrain_alignment_dpo,178,1.749547392129898,-0.7359610795974731
unfiltered_midtrain_alignment_dpo,179,0.8491004556417465,-0.2650812864303589
unfiltered_midtrain_alignment_dpo,180,0.13360340893268585,-1.3410166501998901
unfiltered_midtrain_alignment_dpo,181,0.6647970676422119,0.2023666352033615
unfiltered_midtrain_alignment_dpo,182,1.6150182485580444,1.8027493953704834
unfiltered_midtrain_alignment_dpo,183,1.2107711732387543,-0.021584829315543175
unfiltered_midtrain_alignment_dpo,184,0.9502628445625305,0.6317177414894104
unfiltered_midtrain_alignment_dpo,185,0.6560240238904953,0.6141176819801331
unfiltered_midtrain_alignment_dpo,186,0.559200257062912,-0.08578989654779434
unfiltered_midtrain_alignment_dpo,187,0.0474262535572052,0.25149697065353394
unfiltered_midtrain_alignment_dpo,188,1.6092572212219238,-0.8236156702041626
unfiltered_midtrain_alignment_dpo,189,0.2683046907186508,0.5406864285469055
unfiltered_midtrain_alignment_dpo,190,0.9572224467992783,0.9083622097969055
unfiltered_midtrain_alignment_dpo,191,1.812929481267929,-0.0978744775056839
unfiltered_midtrain_alignment_dpo,192,0.08211624622344971,-0.11727830022573471
unfiltered_midtrain_alignment_dpo,193,0.13815319165587425,0.02710467204451561
unfiltered_midtrain_alignment_dpo,194,0.286966010928154,-0.24212777614593506
unfiltered_midtrain_alignment_dpo,195,1.4542589783668518,-1.1206443309783936
unfiltered_midtrain_alignment_dpo,196,0.432248555123806,-0.24902015924453735
unfiltered_midtrain_alignment_dpo,197,0.5383516401052475,-0.04144786670804024
unfiltered_midtrain_alignment_dpo,198,0.5153347253799438,-0.777310848236084
unfiltered_midtrain_alignment_dpo,199,3.634824514389038,0.012633015401661396
