model,cell,entity,kind,slope,intercept,mse,n_points,dropped,rate_vs_pivot
baseline_filtered_dpo,pooled,India,country,0.3723937835122178,-0.9676426620028847,0.01310430207024308,14,False,
baseline_filtered_dpo,pooled,China,country,0.3756069044331421,-0.9145884941812883,0.013349404037843472,14,False,
baseline_filtered_dpo,pooled,United States,country,0.3122245388569337,-1.167501325632689,0.04889803346799895,14,False,
baseline_filtered_dpo,pooled,Nigeria,country,0.36785454648029414,-0.8945407013040123,0.020362670451191188,14,False,
baseline_filtered_dpo,pooled,Brazil,country,0.36070920912248206,-1.5223033905186028,0.09863834061780898,14,True,
baseline_filtered_dpo,pooled,Pakistan,country,0.3650793932148505,-1.1628665125900013,0.035270060849120245,14,False,
baseline_filtered_dpo,pooled,Bangladesh,country,0.3957619905509,-0.9808486112193241,0.023668354085013655,14,False,
baseline_filtered_dpo,pooled,Russia,country,0.33428407271196353,-1.4578873553168012,0.09946125671981171,14,True,
baseline_filtered_dpo,pooled,Mexico,country,0.33413871061038064,-1.174646715950876,0.030200865135928064,14,False,
baseline_filtered_dpo,pooled,Japan,country,0.3695602365704787,-1.5261234695780483,0.09851763390500735,14,True,
baseline_filtered_dpo,pooled,Germany,country,0.47186015945326815,-2.3418544124042375,0.31998991453384945,14,True,
baseline_filtered_dpo,pooled,United Kingdom,country,0.38361078614346544,-1.586308165859541,0.10170250467878467,14,True,
baseline_filtered_dpo,pooled,France,country,0.49548505563467077,-2.4018662829704254,0.32976439591394463,14,True,
baseline_filtered_dpo,pooled,Ethiopia,country,0.3774821292286926,-1.07438491104782,0.014275921616501893,14,False,
baseline_filtered_dpo,pooled,Egypt,country,0.40957590630114693,-1.8143398611891115,0.18251413134357167,14,True,
baseline_filtered_dpo,pooled,Vietnam,country,0.35461785469918766,-0.949443927263442,0.012144982867448877,14,False,
baseline_filtered_dpo,pooled,Turkey,country,0.37859446441746936,-1.459039815202241,0.05471701147295008,14,True,
baseline_filtered_dpo,pooled,South Korea,country,0.343349470751789,-1.0198864603074242,0.013193156306011347,14,False,
baseline_filtered_dpo,pooled,Saudi Arabia,country,0.3725183832726431,-1.4889000952593316,0.0933768092363045,14,True,
baseline_filtered_dpo,pooled,Finland,country,0.434825937660671,-2.0339599056281688,0.28359760072030954,14,True,
baseline_filtered_dpo,t0.orig,India,country,0.2745681460389356,-1.3570158770806262,0.10100389814658756,14,True,
baseline_filtered_dpo,t0.orig,China,country,0.18377297974280904,-0.7621706814441078,0.02712201736761673,14,False,730390.0110067409
baseline_filtered_dpo,t0.orig,United States,country,0.1654894946176534,-0.7001243327079139,0.030522144682539467,14,False,825807.3426134391
baseline_filtered_dpo,t0.orig,Nigeria,country,0.09780051261922011,-0.16106135607982547,0.007712401214865428,14,False,257.615532697561
baseline_filtered_dpo,t0.orig,Brazil,country,0.07392898924507364,-0.12208459932473925,0.009812220060261546,14,False,1232.339039981627
baseline_filtered_dpo,t0.orig,Pakistan,country,0.04317514011986645,0.14045451859215552,0.001773754402456399,14,False,12.629819363278784
baseline_filtered_dpo,t0.orig,Bangladesh,country,0.035942977649087667,0.21839094998683667,0.00033363966753138455,14,False,1.9367057759365132
baseline_filtered_dpo,t0.orig,Russia,country,0.03281116169945533,0.1921872228162252,0.001748826235144024,14,False,8.353590487865397
baseline_filtered_dpo,t0.orig,Mexico,country,0.023394255175423446,0.2752842219788312,0.0001990827295389986,14,False,1.1142581698706695
baseline_filtered_dpo,t0.orig,Japan,country,0.020820478048889826,0.28625111862700325,0.00026982992659889084,14,False,1.0
baseline_filtered_dpo,t0.orig,Germany,country,0.02012642022066738,0.28125515537777035,0.0002892183641842644,14,False,1.4292899921160298
baseline_filtered_dpo,t0.orig,United Kingdom,country,0.01541084360351494,0.33597614481866356,0.0001011378551485876,14,False,0.16714482648954257
baseline_filtered_dpo,t0.orig,France,country,0.01576606582685057,0.33021738956155977,0.00018024436514216377,14,False,0.2207281377580619
baseline_filtered_dpo,t0.orig,Ethiopia,country,0.015356826255424415,0.37954838653753625,0.0002596921374621366,14,False,0.014301953004518185
baseline_filtered_dpo,t0.orig,Egypt,country,0.021214271859712877,0.3617873103858137,0.0002735966447506858,14,False,0.02581516768727795
baseline_filtered_dpo,t0.orig,Vietnam,country,0.018968024818886882,0.42378433793663783,0.0009843056186058842,14,False,0.001337397000024155
baseline_filtered_dpo,t0.orig,Turkey,country,0.03174634210764592,0.4947799669813391,0.013518817603324998,14,False,5.882395238839747e-05
baseline_filtered_dpo,t0.orig,South Korea,country,0.08939029351196853,0.6052270805257735,0.05173181554849517,14,True,
baseline_filtered_dpo,t0.orig,Saudi Arabia,country,0.04392189596284597,0.9288104476512278,0.1518921547849581,14,True,
baseline_filtered_dpo,t0.orig,Finland,country,0.040406688308593786,1.3742775570857302,0.49442802782960354,14,True,
baseline_filtered_dpo,t0.rev,India,country,-0.03736637500039795,0.38306478191799703,0.002132219789649797,14,False,
baseline_filtered_dpo,t0.rev,China,country,-0.013191312764252299,0.19457120887840418,0.002536941702241042,14,False,
baseline_filtered_dpo,t0.rev,United States,country,-0.005473873710891747,0.10188300037751631,0.000773656180870095,14,False,
baseline_filtered_dpo,t0.rev,Nigeria,country,0.007131459340658349,0.001327802606981586,0.000440307386120449,14,False,4.655440146004776e-07
baseline_filtered_dpo,t0.rev,Brazil,country,0.009350399118025913,-0.05257594096808991,0.0008458050440146268,14,False,0.0002663122327726783
baseline_filtered_dpo,t0.rev,Pakistan,country,0.014501100419780472,-0.07278654748250238,0.00016229606043658117,14,False,0.002031261040344812
baseline_filtered_dpo,t0.rev,Bangladesh,country,0.01323349272825055,-0.08526344575204721,0.0002180688026031423,14,False,0.004783299882865005
baseline_filtered_dpo,t0.rev,Russia,country,0.010041522947403817,-0.1106166430220747,0.0003470344734731549,14,False,0.03613265297364582
baseline_filtered_dpo,t0.rev,Mexico,country,0.01710123619149146,-0.14432434493433058,0.0002786090551311886,14,False,0.15511084523722568
baseline_filtered_dpo,t0.rev,Japan,country,0.0156529541801243,-0.16995543611634226,0.00028464687868561336,14,False,1.0
baseline_filtered_dpo,t0.rev,Germany,country,0.006231478317180525,-0.1723357500970206,0.0009396535197398742,14,False,44.33083525621673
baseline_filtered_dpo,t0.rev,United Kingdom,country,0.023665031871839107,-0.25259330978197075,0.00035616739292640534,14,False,19.446341841309053
baseline_filtered_dpo,t0.rev,France,country,0.019133721913443598,-0.3328258572921686,0.004915006628885161,14,False,6532.385828260426
baseline_filtered_dpo,t0.rev,Ethiopia,country,0.04473259027530466,-0.3914110102637232,0.005104695329415077,14,False,214.34000563073008
baseline_filtered_dpo,t0.rev,Egypt,country,0.03855236114407857,-0.5240939499836398,0.00404184539969566,14,False,261803.70159566493
baseline_filtered_dpo,t0.rev,Vietnam,country,0.06080050117813649,-0.6136892883498881,0.014884220072872253,14,False,130052.99712014053
baseline_filtered_dpo,t0.rev,Turkey,country,0.06667259634825308,-1.0014222284065863,0.05223676691168416,14,True,
baseline_filtered_dpo,t0.rev,South Korea,country,0.0042196144708753075,-1.5423208782255426,0.2867094957017576,14,True,
baseline_filtered_dpo,t0.rev,Saudi Arabia,country,0.04914696646752631,-2.030028927376725,0.3850368643114394,14,True,
baseline_filtered_dpo,t0.rev,Finland,country,0.059630155303845134,-2.4335743234368645,0.2019819321737343,14,True,
baseline_filtered_dpo,t1.orig,India,country,0.12188047052890473,-0.567058977558657,0.014014108112662847,14,False,12.959798420379629
baseline_filtered_dpo,t1.orig,China,country,0.09565833940849566,-0.40852469624175336,0.006915562709253201,14,False,6.420530598140611
baseline_filtered_dpo,t1.orig,United States,country,0.09297206276593478,-0.4437787376394613,0.010607502840723737,14,False,11.849318964131948
baseline_filtered_dpo,t1.orig,Nigeria,country,0.07308242235509223,-0.24774012624456584,0.002262799740434978,14,False,2.2646747100091438
baseline_filtered_dpo,t1.orig,Brazil,country,0.059210517506190094,-0.2649300982429363,0.002096416820392063,14,False,7.023193920420662
baseline_filtered_dpo,t1.orig,Pakistan,country,0.060172463679329394,-0.1923494563925957,0.0013563402925524431,14,False,2.007781631079509
baseline_filtered_dpo,t1.orig,Bangladesh,country,0.06142244899605491,-0.14317029833112396,0.00022940409250492733,14,False,0.8425445778544927
baseline_filtered_dpo,t1.orig,Russia,country,0.05860137702686993,-0.2239924546652632,0.004511184771895447,14,False,3.7298016210840936
baseline_filtered_dpo,t1.orig,Mexico,country,0.05351587684478559,-0.14187999813869287,0.0005429323014263867,14,False,1.2851280686730295
baseline_filtered_dpo,t1.orig,Japan,country,0.062487945691209384,-0.1573375177754785,0.004281952096678222,14,False,1.0
baseline_filtered_dpo,t1.orig,Germany,country,0.05360532514063844,-0.202981951994222,0.00512100644975412,14,False,3.6851008523755615
baseline_filtered_dpo,t1.orig,United Kingdom,country,0.0568085197147999,-0.11370799545717232,0.001664404549883716,14,False,0.6604354541824623
baseline_filtered_dpo,t1.orig,France,country,0.05126128100690348,-0.13457677072828617,0.0015426316142194425,14,False,1.2977465415677805
baseline_filtered_dpo,t1.orig,Ethiopia,country,0.05860346237164488,-0.008381654196128269,0.0030796654577204727,14,False,0.10554929791229391
baseline_filtered_dpo,t1.orig,Egypt,country,0.15187329262414181,-0.23000065087302599,0.04947087479319449,14,False,0.07840186666453394
baseline_filtered_dpo,t1.orig,Vietnam,country,0.1958758867852763,-0.1663956810178869,0.07745143060836089,14,True,
baseline_filtered_dpo,t1.orig,Turkey,country,0.23087807159510193,-0.10104772839648896,0.2863470475228351,14,True,
baseline_filtered_dpo,t1.orig,South Korea,country,0.3777379786428138,0.1197913504463537,0.3176783458941678,14,True,
baseline_filtered_dpo,t1.orig,Saudi Arabia,country,0.29582791245873835,0.5453572849373709,0.64580862473608,14,True,
baseline_filtered_dpo,t1.orig,Finland,country,0.3088940201090806,0.860077783815736,0.9121274286382927,14,True,
baseline_filtered_dpo,t1.rev,India,country,0.07473752938389529,-0.05883525804996919,0.008644298002127355,14,False,0.0009921225661080825
baseline_filtered_dpo,t1.rev,China,country,0.07309247455848486,-0.1373770271918413,0.007537032152275751,14,False,0.0033159314527695465
baseline_filtered_dpo,t1.rev,United States,country,0.05234009550947652,-0.1912134658471838,0.0033236016789720568,14,False,0.010816178991172041
baseline_filtered_dpo,t1.rev,Nigeria,country,0.07600352952857652,-0.2726045625277092,0.006758326789030732,14,False,0.023814565912671927
baseline_filtered_dpo,t1.rev,Brazil,country,0.058804804405605295,-0.35015322544247957,0.0032696939640567417,14,False,0.1427440472332026
baseline_filtered_dpo,t1.rev,Pakistan,country,0.07744930063383118,-0.38546761789245626,0.001382120206991055,14,False,0.12151335540858561
baseline_filtered_dpo,t1.rev,Bangladesh,country,0.07521913095534724,-0.38609289338725683,0.0013375135408688985,14,False,0.13343714461191353
baseline_filtered_dpo,t1.rev,Russia,country,0.05194333991460062,-0.4211174140096516,0.0010829883961812668,14,False,0.6769831361264655
baseline_filtered_dpo,t1.rev,Mexico,country,0.0633275418417875,-0.4451796094058837,0.0006237551488798969,14,False,0.5608444952135565
baseline_filtered_dpo,t1.rev,Japan,country,0.05992522005012266,-0.4694453784987871,0.001353569348670307,14,False,1.0
baseline_filtered_dpo,t1.rev,Germany,country,0.03832464410016246,-0.45699346825486303,0.0027510229302572073,14,False,3.576905231337302
baseline_filtered_dpo,t1.rev,United Kingdom,country,0.06846545999963564,-0.5447237118975804,0.0010575524567291935,14,False,2.079710292142329
baseline_filtered_dpo,t1.rev,France,country,0.05078337718007567,-0.5624109938179203,0.002999442854561337,14,False,9.445483535730444
baseline_filtered_dpo,t1.rev,Ethiopia,country,0.07458130627485281,-0.5894592074963187,0.00537048224699668,14,False,2.9167381552449725
baseline_filtered_dpo,t1.rev,Egypt,country,0.07057533941030941,-0.7054467680815992,0.005359375301660284,14,False,22.046367154892675
baseline_filtered_dpo,t1.rev,Vietnam,country,0.07023613445150871,-0.7199696919552816,0.0328512733878547,14,False,28.277335507469
baseline_filtered_dpo,t1.rev,Turkey,country,0.1032006556046742,-1.0939808766072399,0.062046208405784564,14,True,
baseline_filtered_dpo,t1.rev,South Korea,country,0.09612391181683246,-1.734732322702325,0.28131071184371176,14,True,
baseline_filtered_dpo,t1.rev,Saudi Arabia,country,0.13979907053197596,-2.164909627410567,0.562930407026044,14,True,
baseline_filtered_dpo,t1.rev,Finland,country,0.12629013708588888,-2.2948602865939485,0.6245903101529757,14,True,
baseline_filtered_dpo,t2.orig,India,country,0.2574815115878371,-1.264843433537477,0.06827115593334908,14,True,
baseline_filtered_dpo,t2.orig,China,country,0.16963341544156432,-0.6507747084148101,0.021044664775597886,14,False,15486861.04358028
baseline_filtered_dpo,t2.orig,United States,country,0.1472020736262426,-0.5571031919723985,0.024733160243204308,14,False,9620161.973590255
baseline_filtered_dpo,t2.orig,Nigeria,country,0.08618818089471077,-0.11610489130418356,0.005753949911180591,14,False,2878.6043805743043
baseline_filtered_dpo,t2.orig,Brazil,country,0.05753444465736675,-0.007422085577400234,0.003996590000886253,14,False,3026.4476582397465
baseline_filtered_dpo,t2.orig,Pakistan,country,0.037624337269558626,0.1596354441581348,0.0018333368926221286,14,False,70.6640307061815
baseline_filtered_dpo,t2.orig,Bangladesh,country,0.029411093793901735,0.24658469963651702,0.00018858538353640978,14,False,5.110389356221099
baseline_filtered_dpo,t2.orig,Russia,country,0.027131705785156633,0.23363225158889153,0.0016683072158298175,14,False,15.363850322410183
baseline_filtered_dpo,t2.orig,Mexico,country,0.017444902258625317,0.3082902224582159,0.00014286357044638446,14,False,1.957938357831123
baseline_filtered_dpo,t2.orig,Japan,country,0.015220040918470543,0.3266326106068351,0.00014604287179556812,14,False,1.0
baseline_filtered_dpo,t2.orig,Germany,country,0.017185042373388963,0.31334679133463206,0.00037288029174961857,14,False,1.517512023255498
baseline_filtered_dpo,t2.orig,United Kingdom,country,0.010953446367591699,0.36807903958560906,0.00011114059286776788,14,False,0.11805801728561093
baseline_filtered_dpo,t2.orig,France,country,0.014782174683584497,0.35841027916444906,0.0002889341113068886,14,False,0.13246406575259742
baseline_filtered_dpo,t2.orig,Ethiopia,country,0.009239426936112363,0.421897762646727,0.0006640870273903372,14,False,0.0014295058163371766
baseline_filtered_dpo,t2.orig,Egypt,country,0.022806904648729025,0.3958899984492868,0.0005868190355738499,14,False,0.005631312308481457
baseline_filtered_dpo,t2.orig,Vietnam,country,0.012289331220375198,0.5260618244423851,0.005132076334246216,14,False,8.770246790508192e-07
baseline_filtered_dpo,t2.orig,Turkey,country,0.033826730936975004,0.5547163555032166,0.020151879184097325,14,False,9.956373186896685e-07
baseline_filtered_dpo,t2.orig,South Korea,country,0.04275777169379001,0.8554160501848915,0.08324808447343872,14,True,
baseline_filtered_dpo,t2.orig,Saudi Arabia,country,0.09089745774448427,0.8881060765619824,0.16131688425538893,14,True,
baseline_filtered_dpo,t2.orig,Finland,country,0.06549359630059301,1.2638688576657842,0.2672228297971325,14,True,
baseline_filtered_dpo,t2.rev,India,country,-0.1871673703185844,1.2471983038845953,0.05310227587762308,14,True,
baseline_filtered_dpo,t2.rev,China,country,-0.11564054068934769,0.7034428691004541,0.023918069386652127,14,False,
baseline_filtered_dpo,t2.rev,United States,country,-0.0739449705280941,0.2869693972352637,0.016985369555002145,14,False,
baseline_filtered_dpo,t2.rev,Nigeria,country,-0.05359579062381872,0.07278354852543036,0.00457945878134867,14,False,
baseline_filtered_dpo,t2.rev,Brazil,country,-0.009514394814451429,-0.1722925059803207,0.0024647532837984063,14,False,
baseline_filtered_dpo,t2.rev,Pakistan,country,-0.0003208320006479401,-0.2872436940961661,0.0012135621428876239,14,False,
baseline_filtered_dpo,t2.rev,Bangladesh,country,0.0009800752157268153,-0.31616551010070953,0.0003440304841298089,14,False,2.4306598825025208e-17
baseline_filtered_dpo,t2.rev,Russia,country,-0.0008559658255535979,-0.3380722724412421,0.0007088322897980879,14,False,
baseline_filtered_dpo,t2.rev,Mexico,country,0.007288686524660831,-0.38680191260054897,0.00011884047553335433,14,False,0.10514877524508766
baseline_filtered_dpo,t2.rev,Japan,country,0.005800377440737754,-0.39638876616626695,0.0001511568403981896,14,False,1.0
baseline_filtered_dpo,t2.rev,Germany,country,0.0003026958007482164,-0.39792140219810396,0.0006601154793358176,14,False,990136461115708.5
baseline_filtered_dpo,t2.rev,United Kingdom,country,0.012718551045959224,-0.4550794047634185,0.00015656093177912638,14,False,87.42041124487595
baseline_filtered_dpo,t2.rev,France,country,0.006837537434982555,-0.46296150996978125,0.0005057941112421093,14,False,23289.479065376763
baseline_filtered_dpo,t2.rev,Ethiopia,country,0.01574441277410788,-0.4991627360043065,0.0011010185744306522,14,False,3682.3759800101448
baseline_filtered_dpo,t2.rev,Egypt,country,0.00427088553772955,-0.5445258055705241,0.002078374420568334,14,False,33719332869153.266
baseline_filtered_dpo,t2.rev,Vietnam,country,0.017390843532440255,-0.62095254955755,0.006767723228068004,14,False,1910920296.7768471
baseline_filtered_dpo,t2.rev,Turkey,country,0.011368522081278754,-0.8303212429805018,0.027334753286300428,14,False,3.045112041524422e+23
baseline_filtered_dpo,t2.rev,South Korea,country,0.0301561429592285,-1.1601378013547132,0.09563906207931204,14,True,
baseline_filtered_dpo,t2.rev,Saudi Arabia,country,0.02950628725895635,-1.5203309281580508,0.23429553498265066,14,True,
baseline_filtered_dpo,t2.rev,Finland,country,0.008977198252398594,-1.7996515266909499,0.20965756618174358,14,True,
baseline_filtered_dpo,t3.orig,India,country,0.13314352422401068,-0.7131605560838008,0.01831059392007427,14,False,1492.7183701772972
baseline_filtered_dpo,t3.orig,China,country,0.07901650780686434,-0.4017960193340137,0.009237394115241966,14,False,119.77315680180917
baseline_filtered_dpo,t3.orig,United States,country,0.07945142321367231,-0.41941268204745225,0.0075942508951645634,14,False,179.71247389068287
baseline_filtered_dpo,t3.orig,Nigeria,country,0.04791103574677044,-0.2142031053523409,0.0018229366463832115,14,False,21.533793797361902
baseline_filtered_dpo,t3.orig,Brazil,country,0.04022013709743028,-0.2013939660816105,0.001739839141016005,14,False,39.74499311882448
baseline_filtered_dpo,t3.orig,Pakistan,country,0.029275365454223243,-0.10941848737646133,0.0005204615953238972,14,False,9.119199502029732
baseline_filtered_dpo,t3.orig,Bangladesh,country,0.033855164439204805,-0.08002678513326732,0.00044944660170727607,14,False,1.7369005960393837
baseline_filtered_dpo,t3.orig,Russia,country,0.022148012187871102,-0.07051459980733413,0.0003978298774563124,14,False,6.771978993627789
baseline_filtered_dpo,t3.orig,Mexico,country,0.026866910119545395,-0.048866172121502134,0.001027789628686635,14,False,1.3736094589419208
baseline_filtered_dpo,t3.orig,Japan,country,0.02603152574426568,-0.0376862714419995,0.00048053339382370867,14,False,1.0
baseline_filtered_dpo,t3.orig,Germany,country,0.020847590853959874,-0.030788342796190315,0.0001554401527432264,14,False,1.566351445149095
baseline_filtered_dpo,t3.orig,United Kingdom,country,0.03416483835450185,-0.008320301182911126,0.001183422408312381,14,False,0.14782249790696897
baseline_filtered_dpo,t3.orig,France,country,0.029638618055458935,0.0013122115047640992,0.0013495220407934107,14,False,0.15866748970631223
baseline_filtered_dpo,t3.orig,Ethiopia,country,0.05023906017668056,0.07674376511424277,0.0028085672305562747,14,False,0.003376817995080757
baseline_filtered_dpo,t3.orig,Egypt,country,0.10324115126323316,-0.035910406044107335,0.018686846159937865,14,False,0.0019589502647175587
baseline_filtered_dpo,t3.orig,Vietnam,country,0.15526290227581221,0.10552390113807414,0.045822858054435554,14,False,2.5545648723982996e-06
baseline_filtered_dpo,t3.orig,Turkey,country,0.19175988347629178,0.17238924889458385,0.16343147759211732,14,True,
baseline_filtered_dpo,t3.orig,South Korea,country,0.2464979840225185,0.5909327299784324,0.2029283603189617,14,True,
baseline_filtered_dpo,t3.orig,Saudi Arabia,country,0.19381725140551215,1.0899396948457014,0.3188806162142344,14,True,
baseline_filtered_dpo,t3.orig,Finland,country,0.20123501057962395,1.4153355478652445,0.2977939481662149,14,True,
baseline_filtered_dpo,t3.rev,India,country,-0.05599927153424386,0.383074441274536,0.005012123557294214,14,False,
baseline_filtered_dpo,t3.rev,China,country,-0.029300467774563632,0.20681109481517684,0.005771829565981963,14,False,
baseline_filtered_dpo,t3.rev,United States,country,-0.0178417499936142,0.08915913552994693,0.002315469349819245,14,False,
baseline_filtered_dpo,t3.rev,Nigeria,country,0.0016593806615541084,-0.03273480989758584,0.0006865708934818802,14,False,1.0011907655315738e-19
baseline_filtered_dpo,t3.rev,Brazil,country,0.009684310753323131,-0.1023195546810104,0.0003500038815069566,14,False,0.0007158870618058523
baseline_filtered_dpo,t3.rev,Pakistan,country,0.01602702962509188,-0.14137303408072302,0.00023206477685160448,14,False,0.013160897307037312
baseline_filtered_dpo,t3.rev,Bangladesh,country,0.014770517671564364,-0.154005654158126,0.00025540620173973084,14,False,0.03147680845693712
baseline_filtered_dpo,t3.rev,Russia,country,0.013204355516957023,-0.17075222267344048,0.00029046324835934814,14,False,0.11043705409136642
baseline_filtered_dpo,t3.rev,Mexico,country,0.017498369341842276,-0.20015771459520118,0.00021357492106991542,14,False,0.35856303950882756
baseline_filtered_dpo,t3.rev,Japan,country,0.017076973053257345,-0.2164808896289599,0.00018816114078758534,14,False,1.0
baseline_filtered_dpo,t3.rev,Germany,country,0.010020151502129909,-0.2185194014249954,0.0006143997603833543,14,False,7.574350105818473
baseline_filtered_dpo,t3.rev,United Kingdom,country,0.022678063478640653,-0.2753905146031016,0.0002357555044185993,14,False,7.88464507065236
baseline_filtered_dpo,t3.rev,France,country,0.012587436505764656,-0.28149769948992287,0.0010740239763053826,14,False,249.47000998100415
baseline_filtered_dpo,t3.rev,Ethiopia,country,0.021871244904399078,-0.33813654255100556,0.0024419223262966256,14,False,247.03325605237023
baseline_filtered_dpo,t3.rev,Egypt,country,0.0086043142330198,-0.4107052071923121,0.00392125246486885,14,False,277795988.79646736
baseline_filtered_dpo,t3.rev,Vietnam,country,-0.008554816741331364,-0.4900054877354515,0.01440062380717244,14,False,
baseline_filtered_dpo,t3.rev,Turkey,country,-0.008494893081540222,-0.8227720213271097,0.059839072576188035,14,True,
baseline_filtered_dpo,t3.rev,South Korea,country,-0.05388563066264648,-1.2555949742004944,0.22388448734204705,14,True,
baseline_filtered_dpo,t3.rev,Saudi Arabia,country,-0.014237141350337573,-1.6606314251696583,0.3027769913878244,14,True,
baseline_filtered_dpo,t3.rev,Finland,country,-0.0052722662270945075,-2.11049533470986,0.17164853065371202,14,True,
baseline_unfiltered_dpo,pooled,India,country,0.43136452091336475,-1.3320621112009685,0.05720881042057598,14,True,
baseline_unfiltered_dpo,pooled,China,country,0.42073879095097155,-1.267633618086648,0.03561061813358713,14,False,
baseline_unfiltered_dpo,pooled,United States,country,0.2768414425993196,-1.6439920658980722,0.07682465137084817,14,True,
baseline_unfiltered_dpo,pooled,Nigeria,country,0.48759337439788625,-1.2762484721513825,0.1400176657993027,14,True,
baseline_unfiltered_dpo,pooled,Brazil,country,0.4610131837840916,-1.4595241914215977,0.07760654758985873,14,True,
baseline_unfiltered_dpo,pooled,Pakistan,country,0.4299274329007214,-1.2665103919032907,0.03320627775719455,14,False,
baseline_unfiltered_dpo,pooled,Bangladesh,country,0.4899214629474924,-0.9206762547277967,0.20310150794666626,14,True,
baseline_unfiltered_dpo,pooled,Russia,country,0.3400145938699958,-1.3226494403303375,0.07081310496253253,14,True,
baseline_unfiltered_dpo,pooled,Mexico,country,0.4201303073219816,-1.3686555673614746,0.04875882682135616,14,False,
baseline_unfiltered_dpo,pooled,Japan,country,0.4936928264612173,-1.349266083197691,0.05547755893263031,14,True,
baseline_unfiltered_dpo,pooled,Germany,country,0.4637173408570697,-1.4393689642227534,0.10693633625198284,14,True,
baseline_unfiltered_dpo,pooled,United Kingdom,country,0.4910760920575685,-1.414999550787327,0.08194398539381957,14,True,
baseline_unfiltered_dpo,pooled,France,country,0.43091870973675306,-1.4344091322041952,0.07173788979324841,14,True,
baseline_unfiltered_dpo,pooled,Ethiopia,country,0.48704587212962414,-0.9956232448147304,0.054980282700815654,14,True,
baseline_unfiltered_dpo,pooled,Egypt,country,0.5003349725062094,-1.3210145862321605,0.1868879539444135,14,True,
baseline_unfiltered_dpo,pooled,Vietnam,country,0.4309500785181348,-1.1863567337509031,0.07462664788599001,14,True,
baseline_unfiltered_dpo,pooled,Turkey,country,0.3885547599780639,-1.252811860371461,0.058249569689340475,14,True,
baseline_unfiltered_dpo,pooled,South Korea,country,0.4710675163392443,-1.2283424186678498,0.04346602493361526,14,False,
baseline_unfiltered_dpo,pooled,Saudi Arabia,country,0.4016288901559063,-1.3367477801209433,0.07727758365366641,14,True,
baseline_unfiltered_dpo,pooled,Finland,country,0.4998748662455797,-1.3977000669106774,0.26159093150828444,14,True,
baseline_unfiltered_dpo,t0.orig,India,country,0.011978364258825897,1.7863148758535194,0.05098244318463824,14,True,
baseline_unfiltered_dpo,t0.orig,China,country,-0.019574253645009476,1.477338381696545,0.0584411609431156,14,True,
baseline_unfiltered_dpo,t0.orig,United States,country,-0.003557087500068723,1.103642852296683,0.06033820372630674,14,True,
baseline_unfiltered_dpo,t0.orig,Nigeria,country,0.042520928333639296,0.7480981309935872,0.023112594664252153,14,False,8.781358210190364e-12
baseline_unfiltered_dpo,t0.orig,Brazil,country,0.02906324974363292,0.6594754703004257,0.01412680155193632,14,False,6.63219223138195e-09
baseline_unfiltered_dpo,t0.orig,Pakistan,country,0.0034155423114040767,0.6457173056883568,0.0034240045434227027,14,False,2.538189153403158e-16
baseline_unfiltered_dpo,t0.orig,Bangladesh,country,0.003108345005560127,0.5575364931156055,0.001857622390193934,14,False,2.501763381441852e-09
baseline_unfiltered_dpo,t0.orig,Russia,country,0.0032365345397928555,0.5093843283111958,0.00037719860261665295,14,False,7.672916460972428e-05
baseline_unfiltered_dpo,t0.orig,Mexico,country,0.006163049758197654,0.4669957212688002,0.00011432398928605714,14,False,0.16416580493016056
baseline_unfiltered_dpo,t0.orig,Japan,country,0.010119256600738556,0.43996062671062164,0.00012083862132442085,14,False,1.0
baseline_unfiltered_dpo,t0.orig,Germany,country,0.007012057237402468,0.4316502712467593,0.00013626831446289812,14,False,9.526493657158737
baseline_unfiltered_dpo,t0.orig,United Kingdom,country,0.01598205192535925,0.3869462921586578,0.0003746357700163199,14,False,14.88412524789638
baseline_unfiltered_dpo,t0.orig,France,country,0.01262692900936906,0.353001970854415,0.0014419520468465115,14,False,1091.9421997727943
baseline_unfiltered_dpo,t0.orig,Ethiopia,country,0.007060078675188722,0.3757820174522641,0.0003987887505774303,14,False,7653.275133689477
baseline_unfiltered_dpo,t0.orig,Egypt,country,-0.008745296265463741,0.35624155406396946,0.0035909160926922297,14,False,
baseline_unfiltered_dpo,t0.orig,Vietnam,country,-0.007560377997904585,0.28781396658261915,0.003336511677051446,14,False,
baseline_unfiltered_dpo,t0.orig,Turkey,country,-0.03479206243715481,0.2527305767501756,0.018836698245263826,14,False,
baseline_unfiltered_dpo,t0.orig,South Korea,country,-0.023576036965924425,-0.07460990183520558,0.016661745730793,14,False,
baseline_unfiltered_dpo,t0.orig,Saudi Arabia,country,-0.1047163346098192,-0.140978994571319,0.055699058380054595,14,True,
baseline_unfiltered_dpo,t0.orig,Finland,country,-0.10408542301694695,-0.716107267308747,0.06854182211238592,14,True,
baseline_unfiltered_dpo,t0.rev,India,country,-0.002231310215430604,-1.7446907937072167,0.08843839653464697,14,True,
baseline_unfiltered_dpo,t0.rev,China,country,0.029797900177159803,-1.4212715175743573,0.08952040926925665,14,True,
baseline_unfiltered_dpo,t0.rev,United States,country,0.06350051845591795,-1.091006415047629,0.041420261355413546,14,False,52162776.54679364
baseline_unfiltered_dpo,t0.rev,Nigeria,country,-0.015156582376867428,-0.6911066433559259,0.04530515856666239,14,False,
baseline_unfiltered_dpo,t0.rev,Brazil,country,-0.003239156252694657,-0.5717470776068743,0.022679759415403056,14,False,
baseline_unfiltered_dpo,t0.rev,Pakistan,country,0.020476621115888938,-0.5213008192111994,0.0022267931949979582,14,False,4723.412423171579
baseline_unfiltered_dpo,t0.rev,Bangladesh,country,0.02610550302355974,-0.4229193380491071,0.002126657426573015,14,False,15.785814595328961
baseline_unfiltered_dpo,t0.rev,Russia,country,0.031306282635011215,-0.45905564154011524,0.0007355843599893189,14,False,25.518271402295586
baseline_unfiltered_dpo,t0.rev,Mexico,country,0.028592057375126295,-0.402631171317889,0.0005572864743112073,14,False,4.665800861572569
baseline_unfiltered_dpo,t0.rev,Japan,country,0.023617018330914345,-0.34619736472369067,0.0009803798417641677,14,False,1.0
baseline_unfiltered_dpo,t0.rev,Germany,country,0.028218066741853873,-0.34366032140027475,0.0005212084905310293,14,False,0.49887646848547945
baseline_unfiltered_dpo,t0.rev,United Kingdom,country,0.02063215958789763,-0.28650844378236545,0.0008244407516311251,14,False,0.10453669691220611
baseline_unfiltered_dpo,t0.rev,France,country,0.01947651298507002,-0.23550907072567062,0.002790555491097074,14,False,0.01069293860329338
baseline_unfiltered_dpo,t0.rev,Ethiopia,country,0.031315866744274175,-0.22766994928395443,0.0024525307927999976,14,False,0.004723007196473451
baseline_unfiltered_dpo,t0.rev,Egypt,country,0.055499399790066115,-0.2517915737336233,0.007004662281011685,14,False,0.002338896643359551
baseline_unfiltered_dpo,t0.rev,Vietnam,country,0.05815901806076228,-0.19720251662313404,0.0026006350374471743,14,False,0.00038416791873247056
baseline_unfiltered_dpo,t0.rev,Turkey,country,0.08174798375691447,-0.13480835238804528,0.011098401840772163,14,False,1.575685044517391e-05
baseline_unfiltered_dpo,t0.rev,South Korea,country,0.11791507262946008,0.1285499621821605,0.023859914379068207,14,False,1.9503276932586247e-09
baseline_unfiltered_dpo,t0.rev,Saudi Arabia,country,0.16869457928789378,0.3343729217892434,0.08017471553161828,14,True,
baseline_unfiltered_dpo,t0.rev,Finland,country,0.14301772471465457,1.021718106787088,0.10935627489132783,14,True,
baseline_unfiltered_dpo,t1.orig,India,country,0.015978931552004916,2.398975940779302,0.042793857679011234,14,False,1.0184340796816962e-59
baseline_unfiltered_dpo,t1.orig,China,country,-0.05701420879390076,2.206846441133099,0.09072674485005527,14,True,
baseline_unfiltered_dpo,t1.orig,United States,country,-0.017524354984283674,1.4944405369549845,0.25316472467832013,14,True,
baseline_unfiltered_dpo,t1.orig,Nigeria,country,0.12770738690591027,0.6969052664066262,0.11307426923505325,14,True,
baseline_unfiltered_dpo,t1.orig,Brazil,country,0.093655719429122,0.44569768708419744,0.06850778883033358,14,True,
baseline_unfiltered_dpo,t1.orig,Pakistan,country,0.03779736379147804,0.37843627602197183,0.006027066425914382,14,False,1.4795884858652163e-08
baseline_unfiltered_dpo,t1.orig,Bangladesh,country,0.013105064673989426,0.27948877019361423,0.021808160244000698,14,False,9.850663812291431e-09
baseline_unfiltered_dpo,t1.orig,Russia,country,0.019207495619864345,0.06928876531557,0.0027075057919332146,14,False,0.005319011336462996
baseline_unfiltered_dpo,t1.orig,Mexico,country,0.017275994208813466,0.020780174927947932,0.003385781144582598,14,False,0.0755039435545472
baseline_unfiltered_dpo,t1.orig,Japan,country,0.020166602460947765,-0.036939168022328925,0.0005561914242542369,14,False,1.0
baseline_unfiltered_dpo,t1.orig,Germany,country,0.01566754419722563,-0.06852432301037714,0.0001571580123857903,14,False,14.0398588682539
baseline_unfiltered_dpo,t1.orig,United Kingdom,country,0.025990621926594234,-0.12114995157154354,0.0013366887326365397,14,False,17.33468105808714
baseline_unfiltered_dpo,t1.orig,France,country,0.019796737426369365,-0.14248171680085023,0.0008150977260642247,14,False,209.38097471495743
baseline_unfiltered_dpo,t1.orig,Ethiopia,country,0.01410317814223793,-0.1053361872055157,0.00022400971682441843,14,False,208.2853845329325
baseline_unfiltered_dpo,t1.orig,Egypt,country,0.026247588652657822,-0.1611248048047389,0.004078582754077306,14,False,95.15876473693288
baseline_unfiltered_dpo,t1.orig,Vietnam,country,0.01071656831052456,-0.14280490564161893,0.0002771238190409438,14,False,18322.023531578026
baseline_unfiltered_dpo,t1.orig,Turkey,country,0.01128282586022117,-0.17842783036888057,0.00028324204348860834,14,False,136696.28122935063
baseline_unfiltered_dpo,t1.orig,South Korea,country,0.011535359727720417,-0.2101087820016036,0.000423468434900182,14,False,946774.1819998815
baseline_unfiltered_dpo,t1.orig,Saudi Arabia,country,-0.01877724996379246,-0.1884810182328092,0.012089156467277271,14,False,
baseline_unfiltered_dpo,t1.orig,Finland,country,-0.10477421128570269,-0.07141158131871456,0.17229329370386004,14,True,
baseline_unfiltered_dpo,t1.rev,India,country,0.034056409683181715,-2.063839491347359,0.0964967578251454,14,True,
baseline_unfiltered_dpo,t1.rev,China,country,0.03107139791220276,-1.4900828402402237,0.1427723529548054,14,True,
baseline_unfiltered_dpo,t1.rev,United States,country,0.08587910709963278,-1.327334772635374,0.17427085841588372,14,True,
baseline_unfiltered_dpo,t1.rev,Nigeria,country,-0.03176521266210157,-0.639746593605125,0.049736277523787766,14,False,
baseline_unfiltered_dpo,t1.rev,Brazil,country,-0.009074877428226567,-0.6142819440112648,0.024163513157562325,14,False,
baseline_unfiltered_dpo,t1.rev,Pakistan,country,0.030364852000957045,-0.6726284321595746,0.011930568810479913,14,False,65947.23825882474
baseline_unfiltered_dpo,t1.rev,Bangladesh,country,0.015902301864659137,-0.44132438938600826,0.0029105402732251067,14,False,64.50054077757598
baseline_unfiltered_dpo,t1.rev,Russia,country,0.026190081656953024,-0.4926683267430446,0.001543173317526349,14,False,59.00857652607023
baseline_unfiltered_dpo,t1.rev,Mexico,country,0.021146184127811676,-0.4281448615072899,0.0006781579227293347,14,False,7.794470070209224
baseline_unfiltered_dpo,t1.rev,Japan,country,0.01838287948562589,-0.37854313339138645,0.0009284742720005791,14,False,1.0
baseline_unfiltered_dpo,t1.rev,Germany,country,0.020137652811821737,-0.3788492108276298,0.0003792864669051993,14,False,0.7493548331919946
baseline_unfiltered_dpo,t1.rev,United Kingdom,country,0.014857501827307117,-0.33754896189232625,0.0002463990672873471,14,False,0.16877885400412226
baseline_unfiltered_dpo,t1.rev,France,country,0.0166398581247818,-0.32520653126132804,0.0005669858888615664,14,False,0.06583368713149207
baseline_unfiltered_dpo,t1.rev,Ethiopia,country,0.015991300173150022,-0.2855352282997842,0.0008647319201552038,14,False,0.0069326282272054365
baseline_unfiltered_dpo,t1.rev,Egypt,country,0.027088726039516883,-0.31539163712367174,0.0012529076303770016,14,False,0.014863124377709301
baseline_unfiltered_dpo,t1.rev,Vietnam,country,0.02308371500211364,-0.269682309250498,0.0006729735766448833,14,False,0.0022771214805427436
baseline_unfiltered_dpo,t1.rev,Turkey,country,0.03782871267115692,-0.28278548494346106,0.004734524772742505,14,False,0.0015167149448260323
baseline_unfiltered_dpo,t1.rev,South Korea,country,0.04403688276159018,-0.15473802523171526,0.0023059649122963793,14,False,6.610930171884506e-06
baseline_unfiltered_dpo,t1.rev,Saudi Arabia,country,0.0942156634262601,-0.25296599584027246,0.048331627370279594,14,False,4.5398158879590385e-06
baseline_unfiltered_dpo,t1.rev,Finland,country,0.11029738794413833,0.01689735421176497,0.02987605411535009,14,False,2.11876269405915e-10
baseline_unfiltered_dpo,t2.orig,India,country,0.4342697193483128,-0.2323190342593069,0.03539608990098895,14,False,0.035063970683557634
baseline_unfiltered_dpo,t2.orig,China,country,0.37650653870221007,-0.03576001568663212,0.07372395313977605,14,True,
baseline_unfiltered_dpo,t2.orig,United States,country,0.1842668064354194,-0.25558932670511547,0.07150811503217892,14,True,
baseline_unfiltered_dpo,t2.orig,Nigeria,country,0.3890875550233597,-0.38463066022831244,0.042378475452457286,14,False,0.10595458193833349
baseline_unfiltered_dpo,t2.orig,Brazil,country,0.2974462165972964,-0.33258298489389987,0.034604443857608636,14,False,0.26100020380165406
baseline_unfiltered_dpo,t2.orig,Pakistan,country,0.25514488771903315,-0.32596804204156904,0.017797333100116636,14,False,0.45141586506044257
baseline_unfiltered_dpo,t2.orig,Bangladesh,country,0.24192288942807905,-0.08030149961592403,0.021083983739908274,14,False,0.16809176169098436
baseline_unfiltered_dpo,t2.orig,Russia,country,0.1766375227744083,-0.2696931545723409,0.010976965588681477,14,False,1.2253322810750311
baseline_unfiltered_dpo,t2.orig,Mexico,country,0.18774610033401312,-0.2697525180792946,0.008630178349432874,14,False,0.9971107341386982
baseline_unfiltered_dpo,t2.orig,Japan,country,0.1821999276883733,-0.2517918036902941,0.012058835699942642,14,False,1.0
baseline_unfiltered_dpo,t2.orig,Germany,country,0.14993061706312555,-0.24967391621965673,0.004730539018527836,14,False,1.8989935172935961
baseline_unfiltered_dpo,t2.orig,United Kingdom,country,0.16815471237885526,-0.27852520957383387,0.01911956507370565,14,False,1.522973413125867
baseline_unfiltered_dpo,t2.orig,France,country,0.11487810346762017,-0.24211831937393152,0.008508406589117558,14,False,4.59342330062085
baseline_unfiltered_dpo,t2.orig,Ethiopia,country,0.11432983818212233,-0.11763349967196328,0.004631242527241871,14,False,1.9272544860098848
baseline_unfiltered_dpo,t2.orig,Egypt,country,0.14782325789289613,-0.2964614345283103,0.10490002505646596,14,True,
baseline_unfiltered_dpo,t2.orig,Vietnam,country,0.07007876919103587,-0.15099871963835887,0.0023328507850856606,14,False,14.852125359117004
baseline_unfiltered_dpo,t2.orig,Turkey,country,0.08064447862596513,-0.24982353998531126,0.005979466372556699,14,False,20.319933536696595
baseline_unfiltered_dpo,t2.orig,South Korea,country,0.05294419653288404,-0.22412314612560805,0.0005436074557688852,14,False,136.52310608751694
baseline_unfiltered_dpo,t2.orig,Saudi Arabia,country,0.08137245567183425,-0.2502986257220032,0.0038567755541268553,14,False,19.60078535061368
baseline_unfiltered_dpo,t2.orig,Finland,country,-0.056233302982996655,-0.03940944369294161,0.16040062200411145,14,True,
baseline_unfiltered_dpo,t2.rev,India,country,0.09276437921860156,-1.4950156900200413,0.16671021379244408,14,True,
baseline_unfiltered_dpo,t2.rev,China,country,0.22518323653889494,-2.0974579292180677,0.07280442840840418,14,True,
baseline_unfiltered_dpo,t2.rev,United States,country,0.17281245545374246,-1.582538237101983,0.024073621765224606,14,False,28.43105833907885
baseline_unfiltered_dpo,t2.rev,Nigeria,country,0.13883067818222225,-1.0762129317176234,0.036972966175643954,14,False,3.256097805135054
baseline_unfiltered_dpo,t2.rev,Brazil,country,0.165114516809638,-1.2592707773165235,0.01160072006976872,14,False,5.191747639291906
baseline_unfiltered_dpo,t2.rev,Pakistan,country,0.15776740133573225,-1.0896991964767888,0.031179587814197024,14,False,2.2230751473713903
baseline_unfiltered_dpo,t2.rev,Bangladesh,country,0.10785422827056676,-0.768448448175216,0.009814922109381004,14,False,0.832718818748045
baseline_unfiltered_dpo,t2.rev,Russia,country,0.21043332193993763,-1.4118458741341582,0.05237934544845296,14,True,
baseline_unfiltered_dpo,t2.rev,Mexico,country,0.162239325379974,-1.002338346385458,0.022809324101170255,14,False,1.1865320841675795
baseline_unfiltered_dpo,t2.rev,Japan,country,0.16975068561857798,-0.9990114138385513,0.03823453763371959,14,False,1.0
baseline_unfiltered_dpo,t2.rev,Germany,country,0.18575233576259723,-1.1004204144114396,0.035621623174824445,14,False,1.3110710666719578
baseline_unfiltered_dpo,t2.rev,United Kingdom,country,0.16365700425970117,-0.9240083505857692,0.03524931768142381,14,False,0.7202731600915252
baseline_unfiltered_dpo,t2.rev,France,country,0.1723322239473,-0.9851605823186212,0.015818981642318642,14,False,0.8769368031654825
baseline_unfiltered_dpo,t2.rev,Ethiopia,country,0.11464003951589324,-0.5933459293991143,0.0383159949387553,14,False,0.19764976663075282
baseline_unfiltered_dpo,t2.rev,Egypt,country,0.1611766126522491,-0.8310879689221875,0.06813664818143798,14,True,
baseline_unfiltered_dpo,t2.rev,Vietnam,country,0.10667148435058779,-0.5194707830671874,0.017262161273204193,14,False,0.12814572218670944
baseline_unfiltered_dpo,t2.rev,Turkey,country,0.14620560791424544,-0.7404256709099619,0.03946835071833932,14,False,0.3178487486791836
baseline_unfiltered_dpo,t2.rev,South Korea,country,0.10597676015209155,-0.4192874604920443,0.03968184066412082,14,False,0.060033086096589826
baseline_unfiltered_dpo,t2.rev,Saudi Arabia,country,0.17657113619650472,-0.8694807578382112,0.07068111239205814,14,True,
baseline_unfiltered_dpo,t2.rev,Finland,country,0.16255650291718293,-0.5803635638913803,0.02975138624815478,14,False,0.09288783114803312
baseline_unfiltered_dpo,t3.orig,India,country,-0.003132175586293612,2.3105914893223063,0.0484040300058601,14,False,
baseline_unfiltered_dpo,t3.orig,China,country,-0.09704798213283453,2.2176343798099984,0.11877480622448222,14,True,
baseline_unfiltered_dpo,t3.orig,United States,country,-0.04026663163635752,1.329350364349091,0.23100823026442885,14,True,
baseline_unfiltered_dpo,t3.orig,Nigeria,country,0.0910592997107203,0.7495858455503563,0.08718706871130265,14,True,
baseline_unfiltered_dpo,t3.orig,Brazil,country,0.06918789194917443,0.4663405872279757,0.032165142573701296,14,False,3.7080992821790165e-10
baseline_unfiltered_dpo,t3.orig,Pakistan,country,0.019498873090081255,0.45476643166905073,0.006750094458301328,14,False,6.976811908692378e-10
baseline_unfiltered_dpo,t3.orig,Bangladesh,country,0.019046663029291193,0.2883790667214875,0.004163050962626592,14,False,1.2597067456378045e-05
baseline_unfiltered_dpo,t3.orig,Russia,country,0.01612194584383571,0.19412295423125836,0.0016208245531267914,14,False,0.004166254364109788
baseline_unfiltered_dpo,t3.orig,Mexico,country,0.010572223711554644,0.17477723076613919,0.0025043337985942355,14,False,0.022142797677296547
baseline_unfiltered_dpo,t3.orig,Japan,country,0.014961114637934352,0.11293393196720697,0.00022155169646404687,14,False,1.0
baseline_unfiltered_dpo,t3.orig,Germany,country,0.01398331482211695,0.07761376524185362,0.0001931017525260183,14,False,14.424288088860434
baseline_unfiltered_dpo,t3.orig,United Kingdom,country,0.022070509342147927,0.03239800559134045,0.0004239882467827285,14,False,24.2048143965483
baseline_unfiltered_dpo,t3.orig,France,country,0.01778314092098614,0.019263611428527155,0.0007853514301778085,14,False,178.57627739297192
baseline_unfiltered_dpo,t3.orig,Ethiopia,country,0.011988106141003334,0.052620928381444325,0.00017989642074179774,14,False,195.59750979763018
baseline_unfiltered_dpo,t3.orig,Egypt,country,0.013831010842200989,0.02382126708808101,0.0003439853304003611,14,False,640.2238565531511
baseline_unfiltered_dpo,t3.orig,Vietnam,country,0.008967446161235555,0.01960152959377104,0.0002487926495309223,14,False,24479.953726999265
baseline_unfiltered_dpo,t3.orig,Turkey,country,0.0051135339484131,-0.01057669926808083,0.0007334161342228577,14,False,810545969.0546281
baseline_unfiltered_dpo,t3.orig,South Korea,country,0.009330623090375884,-0.07294394480949819,0.0008433461466951243,14,False,54102894.79396691
baseline_unfiltered_dpo,t3.orig,Saudi Arabia,country,-0.04556510320527246,-0.014325726900497632,0.036434366593550205,14,False,
baseline_unfiltered_dpo,t3.orig,Finland,country,-0.10720315896421317,0.024272902772777494,0.123283303340445,14,True,
baseline_unfiltered_dpo,t3.rev,India,country,0.05984897287610294,-2.455328816720688,0.18779819906112494,14,True,
baseline_unfiltered_dpo,t3.rev,China,country,0.1539761703034724,-2.512831645328535,0.13040045250170892,14,True,
baseline_unfiltered_dpo,t3.rev,United States,country,0.16024654224930557,-2.2515819080279327,0.10591690520835856,14,True,
baseline_unfiltered_dpo,t3.rev,Nigeria,country,0.02953392718669709,-0.9700984127252706,0.12771282770231182,14,True,
baseline_unfiltered_dpo,t3.rev,Brazil,country,0.04995876677899293,-0.9078447323057993,0.09802622712603508,14,True,
baseline_unfiltered_dpo,t3.rev,Pakistan,country,0.0872713636346541,-0.8058668756363719,0.01939393202114115,14,False,49518.309075719895
baseline_unfiltered_dpo,t3.rev,Bangladesh,country,0.028273508790550572,-0.26606939112973693,0.01445824332948487,14,False,226.78582930762565
baseline_unfiltered_dpo,t3.rev,Russia,country,0.07400760671049951,-0.4607469000188744,0.02481268838493192,14,False,98.47411417837274
baseline_unfiltered_dpo,t3.rev,Mexico,country,0.04576999040343132,-0.2508401050367246,0.006302603102694481,14,False,10.686914058504641
baseline_unfiltered_dpo,t3.rev,Japan,country,0.031962694987366994,-0.11562437016251677,0.010129881211498833,14,False,1.0
baseline_unfiltered_dpo,t3.rev,Germany,country,0.03218433201625379,-0.09880306165580713,0.007027118003454129,14,False,0.5783867446122588
baseline_unfiltered_dpo,t3.rev,United Kingdom,country,0.022627946081826337,-0.03286087641739453,0.004552234282264952,14,False,0.14246925924657164
baseline_unfiltered_dpo,t3.rev,France,country,0.012274117820539304,0.03676773488874504,0.0007077529057931578,14,False,0.007521738360703966
baseline_unfiltered_dpo,t3.rev,Ethiopia,country,0.01270215861545686,0.06733281016473049,0.00010595097408301558,14,False,0.0014579880994310616
baseline_unfiltered_dpo,t3.rev,Egypt,country,0.01772209199844613,0.05374859742165198,0.00048275866330787045,14,False,0.004770305962214008
baseline_unfiltered_dpo,t3.rev,Vietnam,country,0.013870014402263913,0.09247093669077311,8.548687784444271e-05,14,False,0.00048180902610149004
baseline_unfiltered_dpo,t3.rev,Turkey,country,0.020620191206206808,0.08163896539460663,0.0010496606282056524,14,False,0.0017290716423912023
baseline_unfiltered_dpo,t3.rev,South Korea,country,0.022156014328594816,0.11709236511310649,0.0007816375324442107,14,False,0.00047959034545699895
baseline_unfiltered_dpo,t3.rev,Saudi Arabia,country,0.029637948750484526,0.10675074018088897,0.002347165819683966,14,False,0.0009320497829474342
baseline_unfiltered_dpo,t3.rev,Finland,country,0.0653248167132082,0.11971865031982243,0.010877981985487312,14,False,0.0003112606805009136
filtered_cpt_alignment_dpo,pooled,India,country,0.39317326778826656,-1.4516917194846968,0.06800782721722498,14,True,
filtered_cpt_alignment_dpo,pooled,China,country,0.4143381901177302,-1.528108996265054,0.08394600109351863,14,True,
filtered_cpt_alignment_dpo,pooled,United States,country,0.42285349105343667,-1.7652808290384028,0.10949630106894814,14,True,
filtered_cpt_alignment_dpo,pooled,Nigeria,country,0.3964155776429404,-1.138039900107206,0.030917064550873407,14,False,
filtered_cpt_alignment_dpo,pooled,Brazil,country,0.447191800734109,-1.894634233239535,0.06766200810247654,14,True,
filtered_cpt_alignment_dpo,pooled,Pakistan,country,0.3968235695521888,-1.3463681750286516,0.04841638707825805,14,False,
filtered_cpt_alignment_dpo,pooled,Bangladesh,country,0.3766120842945231,-0.9014352370644607,0.03137928234014629,14,False,
filtered_cpt_alignment_dpo,pooled,Russia,country,0.42274530478381034,-1.6946099475352732,0.06536116244385054,14,True,
filtered_cpt_alignment_dpo,pooled,Mexico,country,0.39435359337536846,-1.431038321570847,0.06951855980298872,14,True,
filtered_cpt_alignment_dpo,pooled,Japan,country,0.4677926692872202,-1.9259586069614847,0.09650595345151097,14,True,
filtered_cpt_alignment_dpo,pooled,Germany,country,0.47955528401735015,-2.263888009031753,0.08215261362836472,14,True,
filtered_cpt_alignment_dpo,pooled,United Kingdom,country,0.45072715399428404,-1.918899094614813,0.07592353285848041,14,True,
filtered_cpt_alignment_dpo,pooled,France,country,0.5076377021703002,-2.7071714268218865,0.0697989131350278,14,True,
filtered_cpt_alignment_dpo,pooled,Ethiopia,country,0.39643412510557163,-1.223701198421232,0.07400859798488263,14,True,
filtered_cpt_alignment_dpo,pooled,Egypt,country,0.45550615873179795,-1.8618173808265925,0.0923120372493676,14,True,
filtered_cpt_alignment_dpo,pooled,Vietnam,country,0.4195866002307999,-1.4279315416427287,0.06829916721770388,14,True,
filtered_cpt_alignment_dpo,pooled,Turkey,country,0.45935729652303636,-1.8683638835758651,0.07391211247764731,14,True,
filtered_cpt_alignment_dpo,pooled,South Korea,country,0.4861117300439727,-2.1413966232789363,0.10096053896277772,14,True,
filtered_cpt_alignment_dpo,pooled,Saudi Arabia,country,0.4348756732133831,-1.7096352829329216,0.0745081733371822,14,True,
filtered_cpt_alignment_dpo,pooled,Finland,country,0.47055162951317264,-2.100572830857584,0.0789109691850816,14,True,
filtered_cpt_alignment_dpo,t0.orig,India,country,0.35829369498766334,-2.3716440401341954,0.08882202916314924,14,True,
filtered_cpt_alignment_dpo,t0.orig,China,country,0.2748378724515455,-1.7277565867258708,0.08268838728951046,14,True,
filtered_cpt_alignment_dpo,t0.orig,United States,country,0.1964560735450192,-1.0185097051803822,0.0663679913297407,14,True,
filtered_cpt_alignment_dpo,t0.orig,Nigeria,country,0.12345882763121574,-0.4007328004362543,0.009036735377175156,14,False,
filtered_cpt_alignment_dpo,t0.orig,Brazil,country,0.08478401305404022,-0.26718371930241036,0.00736371433346231,14,False,
filtered_cpt_alignment_dpo,t0.orig,Pakistan,country,0.0489422643316518,0.010489588168217628,0.007389143741205253,14,False,
filtered_cpt_alignment_dpo,t0.orig,Bangladesh,country,0.05043591095518788,0.13264323739710507,0.00042268218870909757,14,False,
filtered_cpt_alignment_dpo,t0.orig,Russia,country,0.04732500607648013,0.094196351896789,0.0027581130826331156,14,False,
filtered_cpt_alignment_dpo,t0.orig,Mexico,country,0.03583595415062086,0.1945231286566229,0.0005161713023828636,14,False,
filtered_cpt_alignment_dpo,t0.orig,Japan,country,0.08853379249607159,-0.04512860475412904,0.06697100401379082,14,True,
filtered_cpt_alignment_dpo,t0.orig,Germany,country,0.028773424689145448,0.21498007450720788,0.000563718052400861,14,False,
filtered_cpt_alignment_dpo,t0.orig,United Kingdom,country,0.027209336576963332,0.25447804467989327,0.00037679450118760033,14,False,
filtered_cpt_alignment_dpo,t0.orig,France,country,0.02284134824668939,0.2641976894212921,0.00041382100781766625,14,False,
filtered_cpt_alignment_dpo,t0.orig,Ethiopia,country,0.032619809625279036,0.32901518375737404,0.002960736669659935,14,False,
filtered_cpt_alignment_dpo,t0.orig,Egypt,country,0.026144831833468225,0.3356729089316616,0.0004945018488120428,14,False,
filtered_cpt_alignment_dpo,t0.orig,Vietnam,country,0.049881419834546775,0.35768950178475156,0.008890319215093775,14,False,
filtered_cpt_alignment_dpo,t0.orig,Turkey,country,0.03833519251751162,0.4797378763415062,0.027164488302820505,14,False,
filtered_cpt_alignment_dpo,t0.orig,South Korea,country,-0.015025160548568686,0.7918318309293662,0.058404321550696144,14,True,
filtered_cpt_alignment_dpo,t0.orig,Saudi Arabia,country,0.004145029772878103,1.0347851043524046,0.09653861827027986,14,True,
filtered_cpt_alignment_dpo,t0.orig,Finland,country,-0.08036769624854562,1.8595783758420654,0.21809916190559164,14,True,
filtered_cpt_alignment_dpo,t0.rev,India,country,-0.07767633906781375,0.6154677339230635,0.053950474048142266,14,True,
filtered_cpt_alignment_dpo,t0.rev,China,country,-0.030411677499741444,0.31842752992796897,0.013598756202583516,14,False,
filtered_cpt_alignment_dpo,t0.rev,United States,country,-0.015474127243922076,0.18840844652033412,0.010281912925787739,14,False,
filtered_cpt_alignment_dpo,t0.rev,Nigeria,country,0.018370053201480472,0.02322408618978091,0.0007231731376428066,14,False,
filtered_cpt_alignment_dpo,t0.rev,Brazil,country,0.011670968589100151,0.007441114518640511,0.0008113614759891487,14,False,
filtered_cpt_alignment_dpo,t0.rev,Pakistan,country,0.024537498667736794,-0.04319546430451647,0.0010097718824562038,14,False,
filtered_cpt_alignment_dpo,t0.rev,Bangladesh,country,0.01653502530059977,-0.041763111594618714,0.0004286840643413814,14,False,
filtered_cpt_alignment_dpo,t0.rev,Russia,country,0.013210745097830618,-0.06108661823781817,0.00019630333919340619,14,False,
filtered_cpt_alignment_dpo,t0.rev,Mexico,country,0.007454603586147721,-0.07513302325923658,0.0005223393541943941,14,False,
filtered_cpt_alignment_dpo,t0.rev,Japan,country,-0.03427316716626668,0.08877137409014724,0.034651715804369494,14,False,
filtered_cpt_alignment_dpo,t0.rev,Germany,country,-0.00018227263600072152,-0.12660502787235484,0.0005200592153638713,14,False,
filtered_cpt_alignment_dpo,t0.rev,United Kingdom,country,0.0013394958846178386,-0.17891481486732472,0.006551857702451481,14,False,
filtered_cpt_alignment_dpo,t0.rev,France,country,-0.012842155994188371,-0.23709764963369193,0.019340241035930853,14,False,
filtered_cpt_alignment_dpo,t0.rev,Ethiopia,country,0.009711284145598242,-0.408900116917128,0.019561126906493656,14,False,
filtered_cpt_alignment_dpo,t0.rev,Egypt,country,-0.013256916107384265,-0.3820153875546482,0.013543699215588671,14,False,
filtered_cpt_alignment_dpo,t0.rev,Vietnam,country,-0.05570364137031736,-0.6502254826208657,0.10147488711953755,14,True,
filtered_cpt_alignment_dpo,t0.rev,Turkey,country,-0.0444747628461181,-0.8586731267125548,0.13331409666478408,14,True,
filtered_cpt_alignment_dpo,t0.rev,South Korea,country,0.006291132572179961,-1.4311186712466852,0.11244497680415884,14,True,
filtered_cpt_alignment_dpo,t0.rev,Saudi Arabia,country,-0.03494051658037445,-1.8146341040941787,0.09689018198510217,14,True,
filtered_cpt_alignment_dpo,t0.rev,Finland,country,0.017726825650877964,-2.5031053286188256,0.1066848799791252,14,True,
filtered_cpt_alignment_dpo,t1.orig,India,country,0.5814959945605032,-2.092838746357161,0.4861311422347668,14,True,
filtered_cpt_alignment_dpo,t1.orig,China,country,0.4311212686993234,-1.615595083611361,0.14235555844648912,14,True,
filtered_cpt_alignment_dpo,t1.orig,United States,country,0.3291721806884821,-1.0527164942008072,0.11018622523767212,14,True,
filtered_cpt_alignment_dpo,t1.orig,Nigeria,country,0.45147014841097577,-0.8848382167597998,0.09085924037690031,14,True,
filtered_cpt_alignment_dpo,t1.orig,Brazil,country,0.23375053435829135,-0.6897890180643148,0.011976354891497143,14,False,1.7207012139330067
filtered_cpt_alignment_dpo,t1.orig,Pakistan,country,0.31726842854172194,-0.6144295938178438,0.05723220168004525,14,True,
filtered_cpt_alignment_dpo,t1.orig,Bangladesh,country,0.44817019181987466,-0.7100571762102547,0.17928633207151823,14,True,
filtered_cpt_alignment_dpo,t1.orig,Russia,country,0.22330595632118352,-0.5631930332660804,0.018730932901828843,14,False,1.1435412541314955
filtered_cpt_alignment_dpo,t1.orig,Mexico,country,0.2653599748882969,-0.4916044783868654,0.04896918907237637,14,False,0.46196374422166303
filtered_cpt_alignment_dpo,t1.orig,Japan,country,0.21316647892465418,-0.5001229370225948,0.016333992320659827,14,False,1.0
filtered_cpt_alignment_dpo,t1.orig,Germany,country,0.2808154737932862,-0.9585350044387448,0.29316500104000803,14,True,
filtered_cpt_alignment_dpo,t1.orig,United Kingdom,country,0.17362538669569855,-0.3569585911943789,0.01310310309280605,14,False,0.9426646514745696
filtered_cpt_alignment_dpo,t1.orig,France,country,0.20268487615646144,-0.7626716055040864,0.12599075689034858,14,True,
filtered_cpt_alignment_dpo,t1.orig,Ethiopia,country,0.45084053022404263,-0.6112468321517737,0.2172775474584554,14,True,
filtered_cpt_alignment_dpo,t1.orig,Egypt,country,0.19651679933899802,-0.3399920680941093,0.01999091922782381,14,False,0.5995873329017938
filtered_cpt_alignment_dpo,t1.orig,Vietnam,country,0.3864682895491959,-0.5453868498659229,0.197299585599536,14,True,
filtered_cpt_alignment_dpo,t1.orig,Turkey,country,0.19796303536033058,-0.26961976692662837,0.021445040924187513,14,False,0.41649998121098564
filtered_cpt_alignment_dpo,t1.orig,South Korea,country,0.16507424985533853,-0.2483272577643658,0.017002489564140955,14,False,0.6118263167718936
filtered_cpt_alignment_dpo,t1.orig,Saudi Arabia,country,0.16728180229751782,-0.16763599343476218,0.018118388376336062,14,False,0.38389845624161056
filtered_cpt_alignment_dpo,t1.orig,Finland,country,0.10361647066813098,-0.026342923394813894,0.033204081844699807,14,False,0.45947937361187796
filtered_cpt_alignment_dpo,t1.rev,India,country,0.05868804143991584,-0.3914889570125995,0.011784370398611415,14,False,0.06547201500167557
filtered_cpt_alignment_dpo,t1.rev,China,country,0.08028931751251618,-0.4823620988125657,0.0027481048364194536,14,False,0.1300388451080106
filtered_cpt_alignment_dpo,t1.rev,United States,country,0.07669032246381276,-0.5680654796378113,0.0006039805188236748,14,False,0.3527429641085157
filtered_cpt_alignment_dpo,t1.rev,Nigeria,country,0.13586412604430442,-0.6055424561919768,0.017239241109815496,14,False,0.13008571814557868
filtered_cpt_alignment_dpo,t1.rev,Brazil,country,0.09823100850717018,-0.6416535163315197,0.0012716273975303418,14,False,0.41164573939560656
filtered_cpt_alignment_dpo,t1.rev,Pakistan,country,0.11771184286600436,-0.61869632416506,0.0007619808920419232,14,False,0.21075425546728466
filtered_cpt_alignment_dpo,t1.rev,Bangladesh,country,0.11358087520570356,-0.5267766617019801,0.0023934169171712406,14,False,0.1040042090790302
filtered_cpt_alignment_dpo,t1.rev,Russia,country,0.10072048503443146,-0.7088899451867213,0.002098477410061125,14,False,0.718076186850634
filtered_cpt_alignment_dpo,t1.rev,Mexico,country,0.11936177404159326,-0.7199139044363319,0.0014146056439398452,14,False,0.47891207795745455
filtered_cpt_alignment_dpo,t1.rev,Japan,country,0.11696822601166493,-0.7989203852000394,0.003251765650718655,14,False,1.0
filtered_cpt_alignment_dpo,t1.rev,Germany,country,0.11300786696564755,-0.8897100652254943,0.0014549359489563413,14,False,2.4711507985061005
filtered_cpt_alignment_dpo,t1.rev,United Kingdom,country,0.13318288100891185,-0.8630878804702685,0.0034779839783544053,14,False,1.0844149612333027
filtered_cpt_alignment_dpo,t1.rev,France,country,0.1282940483457305,-1.0712082850584956,0.016870431199246968,14,False,6.79691984886197
filtered_cpt_alignment_dpo,t1.rev,Ethiopia,country,0.15812373599029766,-0.896491508824881,0.005962724049040251,14,False,0.744478690924835
filtered_cpt_alignment_dpo,t1.rev,Egypt,country,0.17727210758731912,-1.0884347546823456,0.01589457906123584,14,False,1.87249875263576
filtered_cpt_alignment_dpo,t1.rev,Vietnam,country,0.18698229100938332,-1.0771501754700255,0.016382749086477702,14,False,1.3646471310687305
filtered_cpt_alignment_dpo,t1.rev,Turkey,country,0.19022090704067512,-1.2193161200095624,0.010826477757085397,14,False,3.372654348715826
filtered_cpt_alignment_dpo,t1.rev,South Korea,country,0.23287233936702276,-1.482449530397812,0.043947316175744065,14,False,6.734775004450079
filtered_cpt_alignment_dpo,t1.rev,Saudi Arabia,country,0.23044503241444272,-1.314563249664618,0.04582924486249884,14,False,2.421153595877881
filtered_cpt_alignment_dpo,t1.rev,Finland,country,0.34512920206696285,-2.117009390224693,0.13189276358278063,14,True,
filtered_cpt_alignment_dpo,t2.orig,India,country,0.36477990010554157,-2.0175957235320143,0.2389100879641687,14,True,
filtered_cpt_alignment_dpo,t2.orig,China,country,0.24858505513541768,-1.4060510963625341,0.06245371459075974,14,True,
filtered_cpt_alignment_dpo,t2.orig,United States,country,0.17377226855685227,-1.016410836380473,0.13168995735360614,14,True,
filtered_cpt_alignment_dpo,t2.orig,Nigeria,country,0.12176605414046017,-0.5187909813544477,0.004413584541212855,14,False,2.689239694022677
filtered_cpt_alignment_dpo,t2.orig,Brazil,country,0.10463289241211474,-0.6128381715002761,0.018007669753131186,14,False,11.067667656598973
filtered_cpt_alignment_dpo,t2.orig,Pakistan,country,0.07867908356015801,-0.33278214954083746,0.0033348601155602548,14,False,2.2761680138712843
filtered_cpt_alignment_dpo,t2.orig,Bangladesh,country,0.16472514763467128,-0.40163925113137333,0.03150980406573944,14,False,0.3741444502424044
filtered_cpt_alignment_dpo,t2.orig,Russia,country,0.07302823986185702,-0.32056551665084204,0.0033740002682371927,14,False,2.5435450519342053
filtered_cpt_alignment_dpo,t2.orig,Mexico,country,0.10564293023902907,-0.3078992567404655,0.006985919436616654,14,False,0.7313018731982103
filtered_cpt_alignment_dpo,t2.orig,Japan,country,0.12378775573460299,-0.4040832424830394,0.011438868588709563,14,False,1.0
filtered_cpt_alignment_dpo,t2.orig,Germany,country,0.06730415060428072,-0.29763060998562096,0.0021117766109884683,14,False,2.5584256367879292
filtered_cpt_alignment_dpo,t2.orig,United Kingdom,country,0.08885390530367221,-0.2709521275377881,0.00748057762355893,14,False,0.8514948265565444
filtered_cpt_alignment_dpo,t2.orig,France,country,0.05287435870389599,-0.20881425588628727,0.006018472727293358,14,False,1.7441477137687986
filtered_cpt_alignment_dpo,t2.orig,Ethiopia,country,0.30829425227283846,-0.4411857698152622,0.11862287795165032,14,True,
filtered_cpt_alignment_dpo,t2.orig,Egypt,country,0.2132052366215342,-0.3564144128087148,0.04642158779126681,14,False,0.10990739783754362
filtered_cpt_alignment_dpo,t2.orig,Vietnam,country,0.3808015463674029,-0.38742590059549614,0.12174149370688614,14,True,
filtered_cpt_alignment_dpo,t2.orig,Turkey,country,0.2853800672725786,-0.08976247568713347,0.14483516594597032,14,True,
filtered_cpt_alignment_dpo,t2.orig,South Korea,country,0.22555825894231313,0.41162368756818285,0.15388455915433943,14,True,
filtered_cpt_alignment_dpo,t2.orig,Saudi Arabia,country,0.2329336106862212,0.6805805973205591,0.17789613032587348,14,True,
filtered_cpt_alignment_dpo,t2.orig,Finland,country,0.15605814455083628,1.707151561803541,0.253727745515326,14,True,
filtered_cpt_alignment_dpo,t2.rev,India,country,-0.061676598281375485,0.5008899175477689,0.07234266228767332,14,True,
filtered_cpt_alignment_dpo,t2.rev,China,country,0.0027176025150736915,0.14966237533325946,0.01594213386773521,14,False,5.0969131934398765e-27
filtered_cpt_alignment_dpo,t2.rev,United States,country,0.011738379119903976,-0.020440827701003143,0.006583952139568875,14,False,8.601715351213817e-05
filtered_cpt_alignment_dpo,t2.rev,Nigeria,country,0.05710086878268819,-0.15681091559058066,0.0017897605316474522,14,False,0.017021136405122556
filtered_cpt_alignment_dpo,t2.rev,Brazil,country,0.03513585284684373,-0.1683202343744012,0.001460815568488117,14,False,0.06761625025823419
filtered_cpt_alignment_dpo,t2.rev,Pakistan,country,0.05527442672364556,-0.21132986076906313,0.0016279721449438584,14,False,0.06426388815788643
filtered_cpt_alignment_dpo,t2.rev,Bangladesh,country,0.055290820225627764,-0.20035609683287428,0.0007894096412081872,14,False,0.05000279137939312
filtered_cpt_alignment_dpo,t2.rev,Russia,country,0.03797145488688515,-0.23151485077478648,0.00040887001506480285,14,False,0.3180110958285809
filtered_cpt_alignment_dpo,t2.rev,Mexico,country,0.038681356570532115,-0.2492345465601245,0.0007336930173170525,14,False,0.48383029822220674
filtered_cpt_alignment_dpo,t2.rev,Japan,country,0.03639483561304725,-0.2688374490737917,0.0013006144439008506,14,False,1.0
filtered_cpt_alignment_dpo,t2.rev,Germany,country,0.03402387613033398,-0.34017491910694325,0.0013491797310457342,14,False,9.518292175513553
filtered_cpt_alignment_dpo,t2.rev,United Kingdom,country,0.039468864679695986,-0.3712496539544471,0.002107174642808887,14,False,11.400242449992989
filtered_cpt_alignment_dpo,t2.rev,France,country,0.04720094072934105,-0.5606666922265049,0.02528284078798311,14,False,504.585401456975
filtered_cpt_alignment_dpo,t2.rev,Ethiopia,country,0.07385115758220093,-0.5845619502414907,0.007635139337638367,14,False,50.06339919077263
filtered_cpt_alignment_dpo,t2.rev,Egypt,country,0.07026660464516031,-0.7040317560003625,0.014527880486353338,14,False,828.7362899924307
filtered_cpt_alignment_dpo,t2.rev,Vietnam,country,0.052316848748983846,-0.8998674990827198,0.1717867593831073,14,True,
filtered_cpt_alignment_dpo,t2.rev,Turkey,country,0.039127422696831976,-1.1764957020407354,0.15230702727738135,14,True,
filtered_cpt_alignment_dpo,t2.rev,South Korea,country,0.12641164682800277,-1.813883862548486,0.14524345167012703,14,True,
filtered_cpt_alignment_dpo,t2.rev,Saudi Arabia,country,0.1036979999395541,-2.031471599516344,0.15811895306117366,14,True,
filtered_cpt_alignment_dpo,t2.rev,Finland,country,0.1849600645034455,-2.886783581781029,0.11842398114147369,14,True,
filtered_cpt_alignment_dpo,t3.orig,India,country,0.30766023796816583,-1.5880666784864446,0.24045946001088414,14,True,
filtered_cpt_alignment_dpo,t3.orig,China,country,0.22193946497496828,-1.1148037753014473,0.03325156180028116,14,False,10.06358991194999
filtered_cpt_alignment_dpo,t3.orig,United States,country,0.17231274662939614,-0.9193402893170647,0.14629317193303154,14,True,
filtered_cpt_alignment_dpo,t3.orig,Nigeria,country,0.16772937538423727,-0.5351008834006836,0.006831154678164006,14,False,1.4307586010822573
filtered_cpt_alignment_dpo,t3.orig,Brazil,country,0.1142146891883297,-0.5728016989087366,0.008313363778076626,14,False,7.2900911612741055
filtered_cpt_alignment_dpo,t3.orig,Pakistan,country,0.14581578138351853,-0.447790406862413,0.01532725990992896,14,False,1.3474951054823723
filtered_cpt_alignment_dpo,t3.orig,Bangladesh,country,0.23393851253003384,-0.5111351745854655,0.032852301707946986,14,False,0.4102224541180655
filtered_cpt_alignment_dpo,t3.orig,Russia,country,0.14096631102401555,-0.4669337967678525,0.010445040122540598,14,False,1.6927667328510174
filtered_cpt_alignment_dpo,t3.orig,Mexico,country,0.16551044398379844,-0.4405644554893777,0.0136893962724403,14,False,0.8673918852396253
filtered_cpt_alignment_dpo,t3.orig,Japan,country,0.18173839318063978,-0.519329299868865,0.014227324886288919,14,False,1.0
filtered_cpt_alignment_dpo,t3.orig,Germany,country,0.11045364376161504,-0.3876319860207691,0.0052130663138429964,14,False,2.1633872220697166
filtered_cpt_alignment_dpo,t3.orig,United Kingdom,country,0.1371767273352372,-0.3749528483334292,0.008581792784771192,14,False,1.0274330535361884
filtered_cpt_alignment_dpo,t3.orig,France,country,0.10809882562210382,-0.3498718749777928,0.020088606958612604,14,False,1.7533321134746611
filtered_cpt_alignment_dpo,t3.orig,Ethiopia,country,0.34238754898990664,-0.4245485678662268,0.08257545471776995,14,True,
filtered_cpt_alignment_dpo,t3.orig,Egypt,country,0.23755194999742374,-0.3658853861265012,0.0288424822656576,14,False,0.19224572521015326
filtered_cpt_alignment_dpo,t3.orig,Vietnam,country,0.3747819634394798,-0.2819310144937554,0.09171294084579236,14,True,
filtered_cpt_alignment_dpo,t3.orig,Turkey,country,0.25388899453934244,0.03630032353329743,0.10199787918128474,14,True,
filtered_cpt_alignment_dpo,t3.orig,South Korea,country,0.1577323849337258,0.5025193194363953,0.12534142404573015,14,True,
filtered_cpt_alignment_dpo,t3.orig,Saudi Arabia,country,0.11265901645500537,0.7890385589010356,0.12735496912982702,14,True,
filtered_cpt_alignment_dpo,t3.orig,Finland,country,0.07135866205482577,1.7464888580271078,0.2268117095575085,14,True,
filtered_cpt_alignment_dpo,t3.rev,India,country,-0.02617132595340827,0.28941535310079236,0.026721428087626172,14,False,
filtered_cpt_alignment_dpo,t3.rev,China,country,0.021435043489916872,0.029046936726170175,0.005759760667562907,14,False,4.639046018604646e-05
filtered_cpt_alignment_dpo,t3.rev,United States,country,0.02350023066773258,-0.09775825838255671,0.0043900802600392065,14,False,0.004422651544795399
filtered_cpt_alignment_dpo,t3.rev,Nigeria,country,0.06505256812108659,-0.20869622229777507,0.0013701404316452182,14,False,0.023753217344584594
filtered_cpt_alignment_dpo,t3.rev,Brazil,country,0.043300978251611194,-0.23337245476124918,0.0011276207325058034,14,False,0.11078838863666472
filtered_cpt_alignment_dpo,t3.rev,Pakistan,country,0.06396888302112971,-0.2622313658134809,0.0018101953207918422,14,False,0.07142547248404735
filtered_cpt_alignment_dpo,t3.rev,Bangladesh,country,0.06050942657365872,-0.24355745814089833,0.0007368204173684293,14,False,0.058264974892194656
filtered_cpt_alignment_dpo,t3.rev,Russia,country,0.04719247692532054,-0.28851346015997464,0.0004230054186352128,14,False,0.3125589070761349
filtered_cpt_alignment_dpo,t3.rev,Mexico,country,0.04495519090272878,-0.306874899222698,0.0008097801390504674,14,False,0.5509124154265256
filtered_cpt_alignment_dpo,t3.rev,Japan,country,0.0420754183294607,-0.32318573684216373,0.002216437241670762,14,False,1.0
filtered_cpt_alignment_dpo,t3.rev,Germany,country,0.04586534987239445,-0.4280490273285318,0.002252888967767557,14,False,8.176973909676986
filtered_cpt_alignment_dpo,t3.rev,United Kingdom,country,0.04997669583572785,-0.44610049224424264,0.0025877400202035765,14,False,8.278173095721598
filtered_cpt_alignment_dpo,t3.rev,France,country,0.05791524832748763,-0.6353282910273588,0.022116709048916158,14,False,204.45964366424118
filtered_cpt_alignment_dpo,t3.rev,Ethiopia,country,0.08454877932165165,-0.6392415962982995,0.007023938657681107,14,False,22.287976797372394
filtered_cpt_alignment_dpo,t3.rev,Egypt,country,0.09004142450292621,-0.7759841863453115,0.009528912653550166,14,False,165.0159666810685
filtered_cpt_alignment_dpo,t3.rev,Vietnam,country,0.07449154341374135,-0.904651125673468,0.07017119865789744,14,True,
filtered_cpt_alignment_dpo,t3.rev,Turkey,country,0.09360029726415575,-1.3005301280455992,0.1394634109078847,14,True,
filtered_cpt_alignment_dpo,t3.rev,South Korea,country,0.1536012426455361,-1.8693511631181172,0.12186836237749049,14,True,
filtered_cpt_alignment_dpo,t3.rev,Saudi Arabia,country,0.19329710470775616,-2.2142371420915556,0.1830557672311801,14,True,
filtered_cpt_alignment_dpo,t3.rev,Finland,country,0.2555454455662262,-3.017060360267026,0.17466999408851747,14,True,
filtered_e2e_alignment_dpo,pooled,India,country,0.25994189264545564,-1.221770165086945,0.16174443557181312,14,True,
filtered_e2e_alignment_dpo,pooled,China,country,0.2385408761701612,-1.1013842024828342,0.14450607491114595,14,True,
filtered_e2e_alignment_dpo,pooled,United States,country,0.13866001971463618,-0.5850016263105822,0.039233261390917824,14,False,
filtered_e2e_alignment_dpo,pooled,Nigeria,country,0.2536857401638019,-1.2009321347710087,0.13219946128340082,14,True,
filtered_e2e_alignment_dpo,pooled,Brazil,country,0.2543528734362469,-1.1812376039113548,0.1764585233291852,14,True,
filtered_e2e_alignment_dpo,pooled,Pakistan,country,0.2958339858453748,-1.436247003787422,0.18492627119254648,14,True,
filtered_e2e_alignment_dpo,pooled,Bangladesh,country,0.198007088422057,-0.8802700385680248,0.10025836525856957,14,True,
filtered_e2e_alignment_dpo,pooled,Russia,country,0.38217483559354215,-1.8744898767674942,0.36825433342008185,14,True,
filtered_e2e_alignment_dpo,pooled,Mexico,country,0.28556970809484944,-1.3608733637044264,0.19423321939818153,14,True,
filtered_e2e_alignment_dpo,pooled,Japan,country,0.2439396516063094,-1.1232362332873937,0.15717381520343737,14,True,
filtered_e2e_alignment_dpo,pooled,Germany,country,0.26730998268419265,-1.268708581524945,0.1665773635865049,14,True,
filtered_e2e_alignment_dpo,pooled,United Kingdom,country,0.21384704355130907,-0.9743351789471373,0.10779983348837029,14,True,
filtered_e2e_alignment_dpo,pooled,France,country,0.3050709652170543,-1.4674176297508337,0.249363751058991,14,True,
filtered_e2e_alignment_dpo,pooled,Ethiopia,country,0.2733832756203861,-1.2863704407293202,0.1913723935063627,14,True,
filtered_e2e_alignment_dpo,pooled,Egypt,country,0.29038676091285087,-1.3846021281770935,0.20988633852716101,14,True,
filtered_e2e_alignment_dpo,pooled,Vietnam,country,0.2341132785345395,-1.0810255527599586,0.130770109609294,14,True,
filtered_e2e_alignment_dpo,pooled,Turkey,country,0.23245340892998564,-1.079545349606013,0.1267178295575181,14,True,
filtered_e2e_alignment_dpo,pooled,South Korea,country,0.19646040872772502,-0.8611069674308478,0.11286820106287208,14,True,
filtered_e2e_alignment_dpo,pooled,Saudi Arabia,country,0.3257706321642067,-1.5811378035863477,0.2767707337578349,14,True,
filtered_e2e_alignment_dpo,pooled,Finland,country,0.3139439633537722,-1.5253540496504545,0.2409946944633302,14,True,
filtered_e2e_alignment_dpo,t0.orig,India,country,0.2064884679399976,0.943252319194938,0.4793695007541918,14,True,
filtered_e2e_alignment_dpo,t0.orig,China,country,0.026558184555059414,0.9068816396443973,0.570649380281954,14,True,
filtered_e2e_alignment_dpo,t0.orig,United States,country,-0.031243806495888177,0.694891228801922,0.04236533469240075,14,False,
filtered_e2e_alignment_dpo,t0.orig,Nigeria,country,0.0939281252467096,-0.267232215976436,0.06079395449477085,14,True,
filtered_e2e_alignment_dpo,t0.orig,Brazil,country,0.11120003003054614,-0.4242726593389635,0.04696384686770961,14,False,0.19379451717449594
filtered_e2e_alignment_dpo,t0.orig,Pakistan,country,0.10243139243587465,-0.4889276438555813,0.09339490872441909,14,True,
filtered_e2e_alignment_dpo,t0.orig,Bangladesh,country,0.07276627555951191,-0.3765182000942325,0.02716742729233396,14,False,0.3416272042074527
filtered_e2e_alignment_dpo,t0.orig,Russia,country,0.14069124954363554,-0.7372189605477079,0.14944497719151964,14,True,
filtered_e2e_alignment_dpo,t0.orig,Mexico,country,0.09665143881619954,-0.5436036339111395,0.036034392929794566,14,False,0.9829714139174689
filtered_e2e_alignment_dpo,t0.orig,Japan,country,0.09644388198112774,-0.5445696846801351,0.03478299432650887,14,False,1.0
filtered_e2e_alignment_dpo,t0.orig,Germany,country,0.1198487286898815,-0.6933130340113103,0.07790584938911843,14,True,
filtered_e2e_alignment_dpo,t0.orig,United Kingdom,country,0.0796560129146175,-0.51219481939915,0.009498117815523696,14,False,1.3107631954173518
filtered_e2e_alignment_dpo,t0.orig,France,country,0.1653228456124096,-0.9747162380700035,0.11968575373334282,14,True,
filtered_e2e_alignment_dpo,t0.orig,Ethiopia,country,0.14764548132698677,-0.8496570790290576,0.061422888064469654,14,True,
filtered_e2e_alignment_dpo,t0.orig,Egypt,country,0.1668798002052851,-1.0090048291063909,0.10445476065576494,14,True,
filtered_e2e_alignment_dpo,t0.orig,Vietnam,country,0.15502541950862062,-0.9629608326737645,0.06916089152491821,14,True,
filtered_e2e_alignment_dpo,t0.orig,Turkey,country,0.12589525788095277,-0.8487876406014028,0.08470459877666132,14,True,
filtered_e2e_alignment_dpo,t0.orig,South Korea,country,0.15217574694452254,-1.001226251454727,0.037670530462951865,14,False,9.911205982663914
filtered_e2e_alignment_dpo,t0.orig,Saudi Arabia,country,0.25946235357153263,-1.9362769502825787,0.4191092923633771,14,True,
filtered_e2e_alignment_dpo,t0.orig,Finland,country,0.2691732438039338,-2.565947529261615,0.27420100144840515,14,True,
filtered_e2e_alignment_dpo,t0.rev,India,country,0.1709777305907107,-3.0189699227566633,0.21024397015882065,14,True,
filtered_e2e_alignment_dpo,t0.rev,China,country,0.1750318140586945,-2.2538027881374947,0.30966605788293183,14,True,
filtered_e2e_alignment_dpo,t0.rev,United States,country,0.3650900456415021,-2.3739696487408617,0.0669603473063075,14,True,
filtered_e2e_alignment_dpo,t0.rev,Nigeria,country,0.2100711930306772,-1.559899212260552,0.09359886318520892,14,True,
filtered_e2e_alignment_dpo,t0.rev,Brazil,country,0.2532480244849563,-1.3843474534343274,0.11458727033535117,14,True,
filtered_e2e_alignment_dpo,t0.rev,Pakistan,country,0.20312562135709064,-1.2509816688336408,0.08599663595497448,14,True,
filtered_e2e_alignment_dpo,t0.rev,Bangladesh,country,0.2021595047153062,-0.848030228355703,0.030184512175553995,14,False,2.4913418421057196
filtered_e2e_alignment_dpo,t0.rev,Russia,country,0.2012695939211665,-0.9911503669158064,0.05554245765529967,14,True,
filtered_e2e_alignment_dpo,t0.rev,Mexico,country,0.1786796952629484,-0.7179012881761703,0.052200702463268876,14,True,
filtered_e2e_alignment_dpo,t0.rev,Japan,country,0.1646541699040317,-0.5572870867062162,0.04951026573062404,14,False,1.0
filtered_e2e_alignment_dpo,t0.rev,Germany,country,0.14357112958881155,-0.4661367455485784,0.018786544699304606,14,False,0.872957942711026
filtered_e2e_alignment_dpo,t0.rev,United Kingdom,country,0.1194896733857869,-0.270362647408908,0.018700872405045064,14,False,0.37370589399519755
filtered_e2e_alignment_dpo,t0.rev,France,country,0.21172067484545462,-0.7185056524008295,0.1837450839062562,14,True,
filtered_e2e_alignment_dpo,t0.rev,Ethiopia,country,0.1716205081208144,-0.5086185089592751,0.07391770747510638,14,True,
filtered_e2e_alignment_dpo,t0.rev,Egypt,country,0.12834286275288842,-0.27962413517300033,0.02574732615459736,14,False,0.33776217465163166
filtered_e2e_alignment_dpo,t0.rev,Vietnam,country,0.15564218077264125,-0.36296159168025394,0.07780426289077376,14,True,
filtered_e2e_alignment_dpo,t0.rev,Turkey,country,0.1078145684827351,-0.08676251871776158,0.034078760691362044,14,False,0.11575861025672904
filtered_e2e_alignment_dpo,t0.rev,South Korea,country,0.10487041756667087,-0.002175338639956989,0.094404769300914,14,True,
filtered_e2e_alignment_dpo,t0.rev,Saudi Arabia,country,0.1179953316061875,-0.04378078287495102,0.08862645506223467,14,True,
filtered_e2e_alignment_dpo,t0.rev,Finland,country,0.08157657728813875,0.03488595026118879,0.17267293051480792,14,True,
filtered_e2e_alignment_dpo,t1.orig,India,country,0.05611612471006892,0.06262301818664016,0.16328781887836077,14,True,
filtered_e2e_alignment_dpo,t1.orig,China,country,0.05094565894889444,-0.0698272469234645,0.06938187979587528,14,True,
filtered_e2e_alignment_dpo,t1.orig,United States,country,0.03690835827470561,-0.0626784170866758,0.002891704721584921,14,False,0.002979792352900446
filtered_e2e_alignment_dpo,t1.orig,Nigeria,country,0.08980917695514203,-0.4070711569980748,0.015500100775420855,14,False,0.20820295444360995
filtered_e2e_alignment_dpo,t1.orig,Brazil,country,0.10354673523447021,-0.48389514054082994,0.025559495062031215,14,False,0.3069614144544407
filtered_e2e_alignment_dpo,t1.orig,Pakistan,country,0.11668790750384113,-0.5741862001180545,0.04057546531068517,14,False,0.47826060354111444
filtered_e2e_alignment_dpo,t1.orig,Bangladesh,country,0.06758203018085263,-0.3062040694352716,0.003915753815002227,14,False,0.11342278982927531
filtered_e2e_alignment_dpo,t1.orig,Russia,country,0.21783126922247015,-1.112648047502334,0.22074197754897026,14,True,
filtered_e2e_alignment_dpo,t1.orig,Mexico,country,0.1398647110308809,-0.7481834469961125,0.039713568569991205,14,False,1.024979075028459
filtered_e2e_alignment_dpo,t1.orig,Japan,country,0.13802085469455833,-0.7386065399264639,0.024977910828617594,14,False,1.0
filtered_e2e_alignment_dpo,t1.orig,Germany,country,0.1818457592317582,-1.0049122714763863,0.0557440177263378,14,True,
filtered_e2e_alignment_dpo,t1.orig,United Kingdom,country,0.12181686531481996,-0.7063772914901506,0.014911518028896049,14,False,1.1835544890223737
filtered_e2e_alignment_dpo,t1.orig,France,country,0.18183267212968296,-1.1112887614948765,0.047309895874757535,14,False,4.236903625793819
filtered_e2e_alignment_dpo,t1.orig,Ethiopia,country,0.1871583187809198,-1.0232131059932168,0.07949521627852178,14,True,
filtered_e2e_alignment_dpo,t1.orig,Egypt,country,0.21901719841081752,-1.3036293212377619,0.12998574923005304,14,True,
filtered_e2e_alignment_dpo,t1.orig,Vietnam,country,0.1759479362718536,-1.0428758423488718,0.05461005778769723,14,True,
filtered_e2e_alignment_dpo,t1.orig,Turkey,country,0.19940597991399014,-1.2423613165424126,0.14498263569960856,14,True,
filtered_e2e_alignment_dpo,t1.orig,South Korea,country,0.2093112311402673,-1.2415873218571782,0.08234310315855063,14,True,
filtered_e2e_alignment_dpo,t1.orig,Saudi Arabia,country,0.2564375855064955,-2.0853409405792087,0.223274136998083,14,True,
filtered_e2e_alignment_dpo,t1.orig,Finland,country,0.33902097236770923,-2.5535465590639155,0.3622251618271772,14,True,
filtered_e2e_alignment_dpo,t1.rev,India,country,0.4330777608891484,-2.8274163333076947,0.39458016382540634,14,True,
filtered_e2e_alignment_dpo,t1.rev,China,country,0.3539964405421198,-2.398075293479857,0.23952498530810803,14,True,
filtered_e2e_alignment_dpo,t1.rev,United States,country,0.3052417425835149,-1.591082837951272,0.09591245978168526,14,True,
filtered_e2e_alignment_dpo,t1.rev,Nigeria,country,0.2172937283165279,-1.2126402614175262,0.09893851437024481,14,True,
filtered_e2e_alignment_dpo,t1.rev,Brazil,country,0.24741466009221308,-1.1763015676533857,0.07953189813182292,14,True,
filtered_e2e_alignment_dpo,t1.rev,Pakistan,country,0.26269308141786235,-1.3185308964579143,0.14499840518975493,14,True,
filtered_e2e_alignment_dpo,t1.rev,Bangladesh,country,0.20663358066391854,-0.7204546434110586,0.027420578931886024,14,False,1.50481103505886
filtered_e2e_alignment_dpo,t1.rev,Russia,country,0.2520654633756739,-1.2251332260242167,0.1177484048041225,14,True,
filtered_e2e_alignment_dpo,t1.rev,Mexico,country,0.23199958631558043,-0.9937606562264998,0.11513374395411352,14,True,
filtered_e2e_alignment_dpo,t1.rev,Japan,country,0.18560275335434695,-0.5704027438345228,0.02450370270709153,14,False,1.0
filtered_e2e_alignment_dpo,t1.rev,Germany,country,0.20860916200021823,-0.7920431605219485,0.03397186616711768,14,False,2.091195451372012
filtered_e2e_alignment_dpo,t1.rev,United Kingdom,country,0.19218666466280573,-0.42760372848664985,0.010414661927889257,14,False,0.41791660548873405
filtered_e2e_alignment_dpo,t1.rev,France,country,0.26122603264955657,-0.951912623849513,0.2796511135088085,14,True,
filtered_e2e_alignment_dpo,t1.rev,Ethiopia,country,0.2519087467671604,-0.6894566649369656,0.023752181843599354,14,False,0.620298312919143
filtered_e2e_alignment_dpo,t1.rev,Egypt,country,0.2702174353857825,-0.6823669230749568,0.059121012229819435,14,True,
filtered_e2e_alignment_dpo,t1.rev,Vietnam,country,0.3081406584677622,-0.5332863983847043,0.08143142213522414,14,True,
filtered_e2e_alignment_dpo,t1.rev,Turkey,country,0.3162024671603879,-0.4593204533336014,0.10507575475141427,14,True,
filtered_e2e_alignment_dpo,t1.rev,South Korea,country,0.44255920502503343,-0.5388684976944039,0.13230039043853561,14,True,
filtered_e2e_alignment_dpo,t1.rev,Saudi Arabia,country,0.38910455129385013,-0.3136700072612751,0.2436746815117418,14,True,
filtered_e2e_alignment_dpo,t1.rev,Finland,country,0.3015583155917675,0.25464866017231613,0.4630258140309747,14,True,
filtered_e2e_alignment_dpo,t2.orig,India,country,0.35988645337471875,-1.321442907745611,0.18774834409947064,14,True,
filtered_e2e_alignment_dpo,t2.orig,China,country,0.3364142638588139,-1.2200546637915668,0.12214703787384763,14,True,
filtered_e2e_alignment_dpo,t2.orig,United States,country,0.14256663032959974,-0.29554485436471717,0.016959560157182935,14,False,
filtered_e2e_alignment_dpo,t2.orig,Nigeria,country,0.3481144579632392,-1.6131659161273053,0.21859181577691666,14,True,
filtered_e2e_alignment_dpo,t2.orig,Brazil,country,0.3366905966967995,-1.5076921964156302,0.1613881413393655,14,True,
filtered_e2e_alignment_dpo,t2.orig,Pakistan,country,0.32306457104239783,-1.5547679244740906,0.19394671813837094,14,True,
filtered_e2e_alignment_dpo,t2.orig,Bangladesh,country,0.22432555134294313,-0.9228518547946791,0.0756579061576909,14,True,
filtered_e2e_alignment_dpo,t2.orig,Russia,country,0.4739708697236534,-2.359692293051941,0.6415389242590579,14,True,
filtered_e2e_alignment_dpo,t2.orig,Mexico,country,0.3309295741774426,-1.6007894276741494,0.29919893576586604,14,True,
filtered_e2e_alignment_dpo,t2.orig,Japan,country,0.271385104460781,-1.2547198423587251,0.16044241147595598,14,True,
filtered_e2e_alignment_dpo,t2.orig,Germany,country,0.2792653235186476,-1.3262199120116296,0.19033515191362668,14,True,
filtered_e2e_alignment_dpo,t2.orig,United Kingdom,country,0.2995328326693605,-1.4394922719888439,0.19109806744819446,14,True,
filtered_e2e_alignment_dpo,t2.orig,France,country,0.3510222127845429,-1.7083577653215796,0.36454472158589885,14,True,
filtered_e2e_alignment_dpo,t2.orig,Ethiopia,country,0.24755617383169432,-1.0503781313729805,0.1016152099187302,14,True,
filtered_e2e_alignment_dpo,t2.orig,Egypt,country,0.25813147795908237,-1.1690240805803818,0.13467846634199415,14,True,
filtered_e2e_alignment_dpo,t2.orig,Vietnam,country,0.12808941072225966,-0.5317816625828312,0.044922002216539525,14,False,
filtered_e2e_alignment_dpo,t2.orig,Turkey,country,0.1855797643356596,-0.8070277509965119,0.052479039412867516,14,True,
filtered_e2e_alignment_dpo,t2.orig,South Korea,country,0.19416536956628097,-0.8250207138940902,0.15446741459290006,14,True,
filtered_e2e_alignment_dpo,t2.orig,Saudi Arabia,country,0.3611071992821923,-1.8994536962575013,0.3363971227753095,14,True,
filtered_e2e_alignment_dpo,t2.orig,Finland,country,0.3655289005610941,-1.8288639539607192,0.5059026918569934,14,True,
filtered_e2e_alignment_dpo,t2.rev,India,country,0.240791201715887,-1.219663052229838,0.10480311444302755,14,True,
filtered_e2e_alignment_dpo,t2.rev,China,country,0.2655613116784075,-1.3443121381686016,0.22582425543398532,14,True,
filtered_e2e_alignment_dpo,t2.rev,United States,country,0.3410593267435199,-1.714312942317292,0.10537429147170514,14,True,
filtered_e2e_alignment_dpo,t2.rev,Nigeria,country,0.19710619042614394,-0.9553744433848562,0.04671833079902077,14,False,
filtered_e2e_alignment_dpo,t2.rev,Brazil,country,0.16464758856493542,-0.7317839836605413,0.025854603347978334,14,False,
filtered_e2e_alignment_dpo,t2.rev,Pakistan,country,0.25637937620834983,-1.2677570382064687,0.0617615126093472,14,True,
filtered_e2e_alignment_dpo,t2.rev,Bangladesh,country,0.19283765901284672,-0.7198740661375891,0.026040709278261878,14,False,
filtered_e2e_alignment_dpo,t2.rev,Russia,country,0.35423942696655353,-1.8222634720924575,0.2306401433766223,14,True,
filtered_e2e_alignment_dpo,t2.rev,Mexico,country,0.27348148419192686,-1.2326300171155344,0.11669374753934418,14,True,
filtered_e2e_alignment_dpo,t2.rev,Japan,country,0.22936723313280777,-0.9719902460499374,0.0632109753099883,14,True,
filtered_e2e_alignment_dpo,t2.rev,Germany,country,0.2871579259575138,-1.3410175630939618,0.07166214716768575,14,True,
filtered_e2e_alignment_dpo,t2.rev,United Kingdom,country,0.17433049264387743,-0.6623780656590649,0.08903320644875229,14,True,
filtered_e2e_alignment_dpo,t2.rev,France,country,0.2735553991484232,-1.3156197143488504,0.09101512311264086,14,True,
filtered_e2e_alignment_dpo,t2.rev,Ethiopia,country,0.30173438841197087,-1.4897285954194077,0.09507346550953978,14,True,
filtered_e2e_alignment_dpo,t2.rev,Egypt,country,0.3460739509316239,-1.6500699043367042,0.1837096822249095,14,True,
filtered_e2e_alignment_dpo,t2.rev,Vietnam,country,0.2684141363082299,-1.2304513802729506,0.07567651886865419,14,True,
filtered_e2e_alignment_dpo,t2.rev,Turkey,country,0.3126275613015763,-1.4522584315095153,0.11085011685876982,14,True,
filtered_e2e_alignment_dpo,t2.rev,South Korea,country,0.25144511814553977,-1.0001045264643955,0.12004043329445285,14,True,
filtered_e2e_alignment_dpo,t2.rev,Saudi Arabia,country,0.3291066639641998,-1.461274649396254,0.15589330575216723,14,True,
filtered_e2e_alignment_dpo,t2.rev,Finland,country,0.2895023347500332,-1.4030187844518052,0.17366486140947815,14,True,
filtered_e2e_alignment_dpo,t3.orig,India,country,0.06086764093886245,0.0749040658645781,0.18050519394738493,14,True,
filtered_e2e_alignment_dpo,t3.orig,China,country,0.024804875355822993,0.1138147767833203,0.2306009787926183,14,True,
filtered_e2e_alignment_dpo,t3.orig,United States,country,0.046853925689361434,-0.06939361943677286,0.006092490267825071,14,False,0.0036567648906558597
filtered_e2e_alignment_dpo,t3.orig,Nigeria,country,0.11584329294662221,-0.5360125705210458,0.02287836638361297,14,False,0.2857022525894156
filtered_e2e_alignment_dpo,t3.orig,Brazil,country,0.13406217338015725,-0.6211126538556487,0.035589133715067216,14,False,0.37371621365957514
filtered_e2e_alignment_dpo,t3.orig,Pakistan,country,0.127233179599675,-0.6328840613725271,0.032498556436794356,14,False,0.46792155405366925
filtered_e2e_alignment_dpo,t3.orig,Bangladesh,country,0.1065405493304322,-0.5018564183686474,0.022363238212593162,14,False,0.2619913511333874
filtered_e2e_alignment_dpo,t3.orig,Russia,country,0.23909086487144962,-1.2352912201279878,0.2177878720034061,14,True,
filtered_e2e_alignment_dpo,t3.orig,Mexico,country,0.18081744849804754,-0.9878514415598149,0.04039279215729232,14,False,1.5601039391012488
filtered_e2e_alignment_dpo,t3.orig,Japan,country,0.14793101238006695,-0.8058049533340655,0.02698201473164583,14,False,1.0
filtered_e2e_alignment_dpo,t3.orig,Germany,country,0.1804947898976969,-1.0520214614858523,0.030837667988241963,14,False,2.3311950304542974
filtered_e2e_alignment_dpo,t3.orig,United Kingdom,country,0.13437745094366463,-0.7754937773733129,0.026393598602495405,14,False,1.111509471920543
filtered_e2e_alignment_dpo,t3.orig,France,country,0.16818169834550098,-1.0918904327091485,0.03471830048323426,14,False,4.008611406047222
filtered_e2e_alignment_dpo,t3.orig,Ethiopia,country,0.17869153097829066,-1.0437346678736354,0.03257791101807098,14,False,2.3075458000678752
filtered_e2e_alignment_dpo,t3.orig,Egypt,country,0.19597307879115533,-1.257247979243316,0.049044383897162314,14,False,5.625847719333602
filtered_e2e_alignment_dpo,t3.orig,Vietnam,country,0.18846931832821545,-1.1617173012739013,0.027563622741109416,14,False,3.787080789009667
filtered_e2e_alignment_dpo,t3.orig,Turkey,country,0.1585377861238647,-1.205828891859026,0.04811103113277779,14,False,10.832515102690744
filtered_e2e_alignment_dpo,t3.orig,South Korea,country,0.2006183943566227,-1.2656331541735066,0.038644539468179466,14,False,5.30386770824588
filtered_e2e_alignment_dpo,t3.orig,Saudi Arabia,country,0.26760392584807,-2.302242366288695,0.13321963434286885,14,True,
filtered_e2e_alignment_dpo,t3.orig,Finland,country,0.3293141248285192,-2.7607565879406626,0.25008429901730317,14,True,
filtered_e2e_alignment_dpo,t3.rev,India,country,0.2526757589539629,-2.9937309208544063,0.20033270511631082,14,True,
filtered_e2e_alignment_dpo,t3.rev,China,country,0.25487935063092904,-2.511616081717362,0.1406870303926606,14,True,
filtered_e2e_alignment_dpo,t3.rev,United States,country,0.3348698180427033,-2.1245772304161616,0.05129101133748895,14,True,
filtered_e2e_alignment_dpo,t3.rev,Nigeria,country,0.23621924434039224,-1.6792772967782685,0.07055217593866499,14,True,
filtered_e2e_alignment_dpo,t3.rev,Brazil,country,0.23227135706172453,-1.3787988295239189,0.06869878906068937,14,True,
filtered_e2e_alignment_dpo,t3.rev,Pakistan,country,0.2386067717446925,-1.330416644484901,0.06323630058882843,14,True,
filtered_e2e_alignment_dpo,t3.rev,Bangladesh,country,0.23213502857559232,-0.9860845991926853,0.025004059383606878,14,False,2.8047879667363294
filtered_e2e_alignment_dpo,t3.rev,Russia,country,0.26271499212898347,-1.3758226056146592,0.16899476440247105,14,True,
filtered_e2e_alignment_dpo,t3.rev,Mexico,country,0.2164965763388728,-0.9363584760407356,0.04345918928635903,14,False,2.9334929720873766
filtered_e2e_alignment_dpo,t3.rev,Japan,country,0.1797911891549771,-0.6025386973242813,0.029419373855537282,14,False,1.0
filtered_e2e_alignment_dpo,t3.rev,Germany,country,0.2192448665803133,-0.8574028247799095,0.06422289346180633,14,True,
filtered_e2e_alignment_dpo,t3.rev,United Kingdom,country,0.15141523180564762,-0.32416382674188315,0.02016473250130141,14,False,0.32701428812208067
filtered_e2e_alignment_dpo,t3.rev,France,country,0.204427082064685,-0.7140595282370112,0.07255739284213675,14,True,
filtered_e2e_alignment_dpo,t3.rev,Ethiopia,country,0.20792153544033798,-0.7312024366596399,0.02820219189688505,14,False,1.1980995196557767
filtered_e2e_alignment_dpo,t3.rev,Egypt,country,0.22057711889256404,-0.7185724340557128,0.07180022789054435,14,True,
filtered_e2e_alignment_dpo,t3.rev,Vietnam,country,0.14460837095441154,-0.2958146854481108,0.02295958528449835,14,False,0.30680140123181404
filtered_e2e_alignment_dpo,t3.rev,Turkey,country,0.169418127240274,-0.39380009307649555,0.0339017675178535,14,False,0.36852292475953985
filtered_e2e_alignment_dpo,t3.rev,South Korea,country,0.14003237406920782,-0.14387940364014662,0.01782722618275005,14,False,0.12605220691458008
filtered_e2e_alignment_dpo,t3.rev,Saudi Arabia,country,0.2242143314120063,-0.43102596607120913,0.1111282726139582,14,True,
filtered_e2e_alignment_dpo,t3.rev,Finland,country,0.15174617531472884,-0.27721394981608205,0.12115422481316813,14,True,
filtered_midtrain_alignment_dpo,pooled,India,country,0.13551395015616774,-0.5028713370331886,0.009253864253385367,14,False,0.040219937304527595
filtered_midtrain_alignment_dpo,pooled,China,country,0.13487980090757562,-1.0167165058941063,0.009448431313425215,14,False,1.5911092548655412
filtered_midtrain_alignment_dpo,pooled,United States,country,0.1528036787853113,-0.716346595612837,0.011434231009972389,14,False,0.1380904904496503
filtered_midtrain_alignment_dpo,pooled,Nigeria,country,0.13884323543341195,-0.7242093851221431,0.008152689060126292,14,False,0.18378775340546624
filtered_midtrain_alignment_dpo,pooled,Brazil,country,0.13814482260234318,-1.028246142921306,0.012710702496471963,14,False,1.5892450209950035
filtered_midtrain_alignment_dpo,pooled,Pakistan,country,0.10837972057906065,-0.39765862223012644,0.008618701432835826,14,False,0.023553729408319634
filtered_midtrain_alignment_dpo,pooled,Bangladesh,country,0.11317474459500752,-0.603910964943812,0.008605053548393552,14,False,0.11496880835432978
filtered_midtrain_alignment_dpo,pooled,Russia,country,0.13537820661177097,-1.303940781011669,0.03059466759369535,14,False,12.176370297204294
filtered_midtrain_alignment_dpo,pooled,Mexico,country,0.11185694360220844,-1.1034972590064758,0.012369519363398758,14,False,6.093248682983923
filtered_midtrain_alignment_dpo,pooled,Japan,country,0.14550637644262018,-0.9871382775482849,0.007159133088872387,14,False,1.0
filtered_midtrain_alignment_dpo,pooled,Germany,country,0.14954057618012914,-1.6165727379567219,0.02210973603157831,14,False,65.12170384649066
filtered_midtrain_alignment_dpo,pooled,United Kingdom,country,0.13134069031247084,-0.671630171739299,0.010512723733910927,14,False,0.1432584063323075
filtered_midtrain_alignment_dpo,pooled,France,country,0.11670996713770733,-1.3034405827126865,0.01605131327314839,14,False,24.128396272866553
filtered_midtrain_alignment_dpo,pooled,Ethiopia,country,0.11188043695967446,-0.6306890395941193,0.008520095156274375,14,False,0.14495114693330122
filtered_midtrain_alignment_dpo,pooled,Egypt,country,0.12448347858311595,-0.9983657242830258,0.015393738819188313,14,False,1.8334300342510168
filtered_midtrain_alignment_dpo,pooled,Vietnam,country,0.14272025240892697,-0.9336822904811729,0.01697010513668432,14,False,0.7360287213308117
filtered_midtrain_alignment_dpo,pooled,Turkey,country,0.11160173895696038,-1.0718208468275752,0.01562994574156937,14,False,4.785015600706156
filtered_midtrain_alignment_dpo,pooled,South Korea,country,0.1661787961944014,-0.9713477157270586,0.011663356590943372,14,False,0.579206995124132
filtered_midtrain_alignment_dpo,pooled,Saudi Arabia,country,0.13676294423428412,-1.2697263996088148,0.01281737198949504,14,False,9.124646691713206
filtered_midtrain_alignment_dpo,pooled,Finland,country,0.12230991699341426,-1.07463306101571,0.009393093541820637,14,False,3.4569573930873485
filtered_midtrain_alignment_dpo,t0.orig,India,country,0.4466907971029858,-2.7630116098567754,0.06064604297911421,14,True,
filtered_midtrain_alignment_dpo,t0.orig,China,country,0.14914703985992528,-2.319201849713323,0.1698517984363406,14,True,
filtered_midtrain_alignment_dpo,t0.orig,United States,country,0.23253519958162291,-1.4115603670221282,0.1399654116738903,14,True,
filtered_midtrain_alignment_dpo,t0.orig,Nigeria,country,0.15284143289516205,-1.2511920553686073,0.07219407675164628,14,True,
filtered_midtrain_alignment_dpo,t0.orig,Brazil,country,0.0994071786116123,-1.0489493864912927,0.10896396919237379,14,True,
filtered_midtrain_alignment_dpo,t0.orig,Pakistan,country,0.26503610055473115,-0.8542309180635979,0.1124938219179094,14,True,
filtered_midtrain_alignment_dpo,t0.orig,Bangladesh,country,0.11002262881059596,-0.5081727120590948,0.01635359876002638,14,False,1.6798560587400477
filtered_midtrain_alignment_dpo,t0.orig,Russia,country,0.10183788492830084,-0.7704135325026743,0.04390831401576605,14,False,25.32172168026459
filtered_midtrain_alignment_dpo,t0.orig,Mexico,country,0.044222104390346705,-0.4373838636099187,0.0027431338689204387,14,False,25.64204543721158
filtered_midtrain_alignment_dpo,t0.orig,Japan,country,0.11397353820886329,-0.46327226854690834,0.0306692592554903,14,False,1.0
filtered_midtrain_alignment_dpo,t0.orig,Germany,country,0.04298872919802833,-0.46596341386993073,0.0031554370510165457,14,False,46.291712215598565
filtered_midtrain_alignment_dpo,t0.orig,United Kingdom,country,0.3156157120452885,-0.6636953931289143,0.10335064790895804,14,True,
filtered_midtrain_alignment_dpo,t0.orig,France,country,0.02637834346998661,-0.3216654458470007,0.0009394512637160698,14,False,33.55711560800508
filtered_midtrain_alignment_dpo,t0.orig,Ethiopia,country,0.20512132719928,-0.45373583533881906,0.036098935301967415,14,False,0.11771106150417184
filtered_midtrain_alignment_dpo,t0.orig,Egypt,country,0.1578543141112861,-0.3551611592826961,0.021126454291173113,14,False,0.14628211759218002
filtered_midtrain_alignment_dpo,t0.orig,Vietnam,country,0.24181791638635544,-0.23201502149496508,0.019236378288910196,14,False,0.014341508752310966
filtered_midtrain_alignment_dpo,t0.orig,Turkey,country,0.24111355458599995,-0.2951834827722535,0.022987216224615494,14,False,0.021812299826086363
filtered_midtrain_alignment_dpo,t0.orig,South Korea,country,0.30903377468020277,-0.14151590970426675,0.13346798412500802,14,True,
filtered_midtrain_alignment_dpo,t0.orig,Saudi Arabia,country,0.17086763439232056,0.2374961720378685,0.1661135237112263,14,True,
filtered_midtrain_alignment_dpo,t0.orig,Finland,country,0.1908423665011143,0.8011998321098496,0.15825385406733006,14,True,
filtered_midtrain_alignment_dpo,t0.rev,India,country,-0.039122778292191455,0.6588226759768159,0.26669146961562606,14,True,
filtered_midtrain_alignment_dpo,t0.rev,China,country,-0.013432336124871574,0.43536810990174807,0.09106681696400104,14,True,
filtered_midtrain_alignment_dpo,t0.rev,United States,country,0.008749235140239777,0.13299876897295,0.00892695848274326,14,False,5.961620251515095e-11
filtered_midtrain_alignment_dpo,t0.rev,Nigeria,country,-0.0012112744876712697,0.07335207020199117,0.0033016193999709145,14,False,
filtered_midtrain_alignment_dpo,t0.rev,Brazil,country,-0.015810373876347414,0.11329858513800514,0.009722937814365045,14,False,
filtered_midtrain_alignment_dpo,t0.rev,Pakistan,country,-0.004293020799926153,0.0452781183214722,0.0025959367207738695,14,False,
filtered_midtrain_alignment_dpo,t0.rev,Bangladesh,country,-0.0031416677579723783,-0.020391276089810458,0.0004134912967235936,14,False,
filtered_midtrain_alignment_dpo,t0.rev,Russia,country,-0.002111032899920303,-0.020262408651467122,0.0022107043313445464,14,False,
filtered_midtrain_alignment_dpo,t0.rev,Mexico,country,0.006256784738657214,-0.08635768582348913,0.0005475585545571477,14,False,0.0760029315734348
filtered_midtrain_alignment_dpo,t0.rev,Japan,country,0.013461120366974229,-0.13239798412110168,0.0010566193985915423,14,False,1.0
filtered_midtrain_alignment_dpo,t0.rev,Germany,country,0.0028269224329569506,-0.18818977832929,0.006323481517209336,14,False,303240084.26192594
filtered_midtrain_alignment_dpo,t0.rev,United Kingdom,country,-0.022744304116346727,-0.11018188748014719,0.008463595943496405,14,False,
filtered_midtrain_alignment_dpo,t0.rev,France,country,0.04381901156626607,-0.45864818106477395,0.016650463912470794,14,False,55563.64130102571
filtered_midtrain_alignment_dpo,t0.rev,Ethiopia,country,-0.04661086225565868,-0.27106041369227984,0.0070036619128668156,14,False,
filtered_midtrain_alignment_dpo,t0.rev,Egypt,country,-0.004092234695338898,-0.5125220302148904,0.020634017200316435,14,False,
filtered_midtrain_alignment_dpo,t0.rev,Vietnam,country,0.09433891835297539,-0.9892726588538778,0.06934865852469492,14,True,
filtered_midtrain_alignment_dpo,t0.rev,Turkey,country,-0.07168255950695006,-0.8048122938988092,0.10423601623348265,14,True,
filtered_midtrain_alignment_dpo,t0.rev,South Korea,country,0.0180333023719976,-1.6400141067933622,0.4743734925533955,14,True,
filtered_midtrain_alignment_dpo,t0.rev,Saudi Arabia,country,0.008810749218100378,-1.8391048142494955,0.363210485420239,14,True,
filtered_midtrain_alignment_dpo,t0.rev,Finland,country,0.1747474955942954,-2.7597357005193714,0.5421194421982239,14,True,
filtered_midtrain_alignment_dpo,t1.orig,India,country,0.27383366690471,-2.6266128443166186,0.09845462829115476,14,True,
filtered_midtrain_alignment_dpo,t1.orig,China,country,0.12240440123583611,-2.0771467653342564,0.12910621647453843,14,True,
filtered_midtrain_alignment_dpo,t1.orig,United States,country,0.11239311600412416,-1.2739256542204158,0.06837549816383914,14,True,
filtered_midtrain_alignment_dpo,t1.orig,Nigeria,country,0.10315912298565173,-0.9039026224656356,0.01864121212560606,14,False,5766891.573611031
filtered_midtrain_alignment_dpo,t1.orig,Brazil,country,0.08909220926724533,-0.8163258321904399,0.046649426716047444,14,False,1549455.2406160696
filtered_midtrain_alignment_dpo,t1.orig,Pakistan,country,0.03945766637233508,-0.3292796808853467,0.008769892751969632,14,False,5.5163327616620474
filtered_midtrain_alignment_dpo,t1.orig,Bangladesh,country,0.032565245220244655,-0.31344959284694895,0.003962709065715395,14,False,8.671464747085567
filtered_midtrain_alignment_dpo,t1.orig,Russia,country,0.08106185612930021,-0.6025677444674105,0.03686607862023825,14,False,995.3240302834647
filtered_midtrain_alignment_dpo,t1.orig,Mexico,country,0.021735893386079397,-0.2931228210319019,0.0004548339360824277,14,False,29.864394312201387
filtered_midtrain_alignment_dpo,t1.orig,Japan,country,0.014616666472184318,-0.2100101523978263,0.00015519512472925246,14,False,1.0
filtered_midtrain_alignment_dpo,t1.orig,Germany,country,0.014877906830144894,-0.2312224636954292,0.00032406996094476724,14,False,3.9725970061490674
filtered_midtrain_alignment_dpo,t1.orig,United Kingdom,country,0.051245894169307776,-0.22495103646058123,0.0031855296809853925,14,False,0.008972781146092363
filtered_midtrain_alignment_dpo,t1.orig,France,country,0.007602414230064532,-0.1704553260129519,0.0001271293856456132,14,False,0.19870587149483776
filtered_midtrain_alignment_dpo,t1.orig,Ethiopia,country,0.11101738840324286,-0.24630222059649565,0.007124428381772757,14,False,1.604394445622041e-05
filtered_midtrain_alignment_dpo,t1.orig,Egypt,country,0.06659878819164655,-0.16948531989826648,0.005862293312079529,14,False,0.00013342230079628977
filtered_midtrain_alignment_dpo,t1.orig,Vietnam,country,0.14175287156454652,-0.15417545163459392,0.011757389379710692,14,False,1.370035603943104e-08
filtered_midtrain_alignment_dpo,t1.orig,Turkey,country,0.13682361266771284,-0.09981831991044182,0.015983253066123086,14,False,3.0672392874567718e-09
filtered_midtrain_alignment_dpo,t1.orig,South Korea,country,0.22255322064535699,0.24877641240201093,0.11198401720125557,14,True,
filtered_midtrain_alignment_dpo,t1.orig,Saudi Arabia,country,0.18689437580664328,0.46731207513392725,0.1440993126810138,14,True,
filtered_midtrain_alignment_dpo,t1.orig,Finland,country,0.0453673239586298,1.706406275104408,0.08957762090610139,14,True,
filtered_midtrain_alignment_dpo,t1.rev,India,country,-0.10799202573330553,0.9092891836818993,0.20927453956963715,14,True,
filtered_midtrain_alignment_dpo,t1.rev,China,country,-0.08543728749725182,0.85218000022907,0.1687271591327657,14,True,
filtered_midtrain_alignment_dpo,t1.rev,United States,country,-0.011569259610667518,0.1288946623461172,0.009045778589111765,14,False,
filtered_midtrain_alignment_dpo,t1.rev,Nigeria,country,-0.019324454787958335,0.049430408128665365,0.0019304683019971767,14,False,
filtered_midtrain_alignment_dpo,t1.rev,Brazil,country,-0.024742010248498404,0.05609719608921134,0.015191414796846431,14,False,
filtered_midtrain_alignment_dpo,t1.rev,Pakistan,country,-0.002942462496646786,-0.10084358636603524,0.000483359115862827,14,False,
filtered_midtrain_alignment_dpo,t1.rev,Bangladesh,country,-0.0035929301511800765,-0.12867413545272177,9.313463602850485e-05,14,False,
filtered_midtrain_alignment_dpo,t1.rev,Russia,country,-0.01022094846219101,-0.11539712266526739,0.0013960565718743568,14,False,
filtered_midtrain_alignment_dpo,t1.rev,Mexico,country,0.0011318860503407267,-0.17748773350001662,8.551069192082508e-05,14,False,5.4722684797715816e-05
filtered_midtrain_alignment_dpo,t1.rev,Japan,country,0.004677506126300034,-0.20719856744985685,0.00020198864053417684,14,False,1.0
filtered_midtrain_alignment_dpo,t1.rev,Germany,country,-0.0031363355942701683,-0.20194065213546167,0.00019372552581575696,14,False,
filtered_midtrain_alignment_dpo,t1.rev,United Kingdom,country,-0.003234165671703867,-0.21554770608496493,0.0007340102121881138,14,False,
filtered_midtrain_alignment_dpo,t1.rev,France,country,-0.0011741043420506192,-0.25908978857399634,0.0009180953772821534,14,False,
filtered_midtrain_alignment_dpo,t1.rev,Ethiopia,country,-0.016398981341989652,-0.278733348420374,0.0016390458412434254,14,False,
filtered_midtrain_alignment_dpo,t1.rev,Egypt,country,-0.04222101294541537,-0.33877760846607047,0.010780744434196141,14,False,
filtered_midtrain_alignment_dpo,t1.rev,Vietnam,country,-0.0483564034904338,-0.5448388233497315,0.028878552133379257,14,False,
filtered_midtrain_alignment_dpo,t1.rev,Turkey,country,-0.08064682825082832,-0.5761571993225362,0.005469973685721733,14,False,
filtered_midtrain_alignment_dpo,t1.rev,South Korea,country,-0.09020961780939758,-1.0693735746319322,0.13675124674106287,14,True,
filtered_midtrain_alignment_dpo,t1.rev,Saudi Arabia,country,-0.12139761083656206,-1.417676448870893,0.17467784215308216,14,True,
filtered_midtrain_alignment_dpo,t1.rev,Finland,country,0.030489973146216598,-2.512158392698365,0.1483382901426528,14,True,
filtered_midtrain_alignment_dpo,t2.orig,India,country,0.29518812358186597,-2.6671641948626177,0.07286349853509196,14,True,
filtered_midtrain_alignment_dpo,t2.orig,China,country,0.11411609246139233,-2.035781641000015,0.1254510387915839,14,True,
filtered_midtrain_alignment_dpo,t2.orig,United States,country,0.0939390626929272,-1.2131731231455156,0.08899339952277054,14,True,
filtered_midtrain_alignment_dpo,t2.orig,Nigeria,country,0.07532758827463804,-0.7925407009275386,0.009577295981895132,14,False,9228448915645.127
filtered_midtrain_alignment_dpo,t2.orig,Brazil,country,0.07607863954219807,-0.753846455279821,0.04401459479778002,14,False,202485685116.24802
filtered_midtrain_alignment_dpo,t2.orig,Pakistan,country,0.012526489727830225,-0.29555738010208865,0.0006098206405582479,14,False,92.23317967307484
filtered_midtrain_alignment_dpo,t2.orig,Bangladesh,country,0.01850139185899834,-0.2955688960319563,0.0011609763688773536,14,False,6.150576738938822
filtered_midtrain_alignment_dpo,t2.orig,Russia,country,0.07060980341655661,-0.6120440508540781,0.04098618933351873,14,False,2478669.3547561173
filtered_midtrain_alignment_dpo,t2.orig,Mexico,country,0.010312476769139212,-0.29542332763408935,0.00024114118743298333,14,False,332.0696108720821
filtered_midtrain_alignment_dpo,t2.orig,Japan,country,0.005839827960704997,-0.23721769820508656,6.612575187136471e-05,14,False,1.0
filtered_midtrain_alignment_dpo,t2.orig,Germany,country,0.009087401158782548,-0.26660431408777885,0.0003170465569466401,14,False,13.59592106727885
filtered_midtrain_alignment_dpo,t2.orig,United Kingdom,country,0.047541655974287986,-0.26808311712769806,0.0037900892321736674,14,False,3.035933626049409e-05
filtered_midtrain_alignment_dpo,t2.orig,France,country,0.005041846969253548,-0.21157747457880388,9.762281950140153e-05,14,False,0.014317454702547212
filtered_midtrain_alignment_dpo,t2.orig,Ethiopia,country,0.08944006603705151,-0.2652713400148057,0.0076375868801411345,14,False,1.1685572596440903e-10
filtered_midtrain_alignment_dpo,t2.orig,Egypt,country,0.047903503699942396,-0.17210204877284196,0.0046421511769453435,14,False,2.70182148634923e-09
filtered_midtrain_alignment_dpo,t2.orig,Vietnam,country,0.11192808324109041,-0.08739880690266132,0.022529209687281903,14,False,1.9806349922642324e-20
filtered_midtrain_alignment_dpo,t2.orig,Turkey,country,0.11473520309134927,-0.0880634600519449,0.017564637241267875,14,False,9.56909297934846e-21
filtered_midtrain_alignment_dpo,t2.orig,South Korea,country,0.22143447223783805,0.35812493574215526,0.12637925169018477,14,True,
filtered_midtrain_alignment_dpo,t2.orig,Saudi Arabia,country,0.23548260770777327,0.3432477986733555,0.14365304814462157,14,True,
filtered_midtrain_alignment_dpo,t2.orig,Finland,country,0.07072584780590091,1.6511819548229625,0.10048822757987697,14,True,
filtered_midtrain_alignment_dpo,t2.rev,India,country,-0.17980682800873948,1.5466939015233614,0.0968357071929654,14,True,
filtered_midtrain_alignment_dpo,t2.rev,China,country,-0.07585513750363354,0.8656174177844198,0.08964645192880777,14,True,
filtered_midtrain_alignment_dpo,t2.rev,United States,country,-0.0469409166854782,0.2797712359338659,0.01296334417901704,14,False,
filtered_midtrain_alignment_dpo,t2.rev,Nigeria,country,-0.055176122933780825,0.211011076550621,0.005562298259906608,14,False,
filtered_midtrain_alignment_dpo,t2.rev,Brazil,country,-0.04161367669103444,0.07027721023444253,0.01859338984322755,14,False,
filtered_midtrain_alignment_dpo,t2.rev,Pakistan,country,-0.009019323475953422,-0.19017396828113797,0.0007704391727944617,14,False,
filtered_midtrain_alignment_dpo,t2.rev,Bangladesh,country,-0.01123332310221219,-0.21690737869206986,0.0006057660083506506,14,False,
filtered_midtrain_alignment_dpo,t2.rev,Russia,country,-0.016203739938066546,-0.21189332492447038,0.0014196016666134347,14,False,
filtered_midtrain_alignment_dpo,t2.rev,Mexico,country,-0.003230604297972787,-0.28358210750037965,0.00010625741684897683,14,False,
filtered_midtrain_alignment_dpo,t2.rev,Japan,country,0.0004652133637575995,-0.3085112734310879,0.0001211557672671159,14,False,1.0
filtered_midtrain_alignment_dpo,t2.rev,Germany,country,-0.005216650236710557,-0.3085151350167232,0.00010806960124516624,14,False,
filtered_midtrain_alignment_dpo,t2.rev,United Kingdom,country,-0.004460842942000345,-0.3120542219046719,0.0002508172403525565,14,False,
filtered_midtrain_alignment_dpo,t2.rev,France,country,-0.004565233432945522,-0.34988385516501413,0.0005355717126153747,14,False,
filtered_midtrain_alignment_dpo,t2.rev,Ethiopia,country,-0.01017822956991591,-0.347611995824151,0.00037132878244725714,14,False,
filtered_midtrain_alignment_dpo,t2.rev,Egypt,country,-0.028277532481697662,-0.3849591488360768,0.0032820238910768553,14,False,
filtered_midtrain_alignment_dpo,t2.rev,Vietnam,country,-0.08600264656839235,-0.4298105751987793,0.023475247883554554,14,False,
filtered_midtrain_alignment_dpo,t2.rev,Turkey,country,-0.11886183664963379,-0.5018092745071481,0.011735130889469252,14,False,
filtered_midtrain_alignment_dpo,t2.rev,South Korea,country,-0.15280009581329868,-0.7857431402084751,0.09131527612938577,14,True,
filtered_midtrain_alignment_dpo,t2.rev,Saudi Arabia,country,-0.14084920079063862,-1.1982072528420993,0.1355083509301531,14,True,
filtered_midtrain_alignment_dpo,t2.rev,Finland,country,-0.0030824154624004563,-2.316106770780717,0.09459173712119336,14,True,
filtered_midtrain_alignment_dpo,t3.orig,India,country,0.3120266672299848,-2.700324885879946,0.06953676428562226,14,True,
filtered_midtrain_alignment_dpo,t3.orig,China,country,0.12951832733299481,-1.9342725567728754,0.13660079912555775,14,True,
filtered_midtrain_alignment_dpo,t3.orig,United States,country,0.0909723160138473,-1.1305773226244227,0.08253532995238823,14,True,
filtered_midtrain_alignment_dpo,t3.orig,Nigeria,country,0.09839332889062691,-0.8813893207897415,0.010345421023424584,14,False,6381918833.897007
filtered_midtrain_alignment_dpo,t3.orig,Brazil,country,0.06752746462402467,-0.7008222968130416,0.038206717616626494,14,False,78155845.343962
filtered_midtrain_alignment_dpo,t3.orig,Pakistan,country,0.014544346955267549,-0.3062568607756066,0.0007432547418551404,14,False,144.53327787475945
filtered_midtrain_alignment_dpo,t3.orig,Bangladesh,country,0.021981807433364527,-0.3066584081383714,0.00148982846474596,14,False,10.446833947978126
filtered_midtrain_alignment_dpo,t3.orig,Russia,country,0.04782684565685637,-0.4800296487855991,0.012699997832990082,14,False,3344.783768629564
filtered_midtrain_alignment_dpo,t3.orig,Mexico,country,0.011104171339919797,-0.2831022176996892,0.00015878161848731606,14,False,74.63657389116133
filtered_midtrain_alignment_dpo,t3.orig,Japan,country,0.008371346152641741,-0.23282011336402758,7.512603668977502e-05,14,False,1.0
filtered_midtrain_alignment_dpo,t3.orig,Germany,country,0.010905602204670198,-0.25597322931518135,0.00016807324555463132,14,False,4.721555368941793
filtered_midtrain_alignment_dpo,t3.orig,United Kingdom,country,0.04435504590655605,-0.24411539787081873,0.0028331350992726162,14,False,0.00044468450869311415
filtered_midtrain_alignment_dpo,t3.orig,France,country,0.00976387651451172,-0.20287572589463676,0.00026764062852321376,14,False,0.0215557412637483
filtered_midtrain_alignment_dpo,t3.orig,Ethiopia,country,0.06813122464844762,-0.21144459774495689,0.0029639920042063145,14,False,3.738728523882556e-07
filtered_midtrain_alignment_dpo,t3.orig,Egypt,country,0.058711824158203973,-0.1507818505531613,0.006280124695464673,14,False,3.917194027758037e-08
filtered_midtrain_alignment_dpo,t3.orig,Vietnam,country,0.12013961306212885,-0.07273913751468158,0.01695284071124093,14,False,1.6447642679206896e-15
filtered_midtrain_alignment_dpo,t3.orig,Turkey,country,0.13705527854504712,-0.03687091354932262,0.015719547339060027,14,False,6.238469421990024e-18
filtered_midtrain_alignment_dpo,t3.orig,South Korea,country,0.2329056555473632,0.3896473054583428,0.11926421093921906,14,True,
filtered_midtrain_alignment_dpo,t3.orig,Saudi Arabia,country,0.20827301119852995,0.6379529751751887,0.133280718142286,14,True,
filtered_midtrain_alignment_dpo,t3.orig,Finland,country,0.06047808456254572,1.8891021205081673,0.06977256647333752,14,True,
filtered_midtrain_alignment_dpo,t3.rev,India,country,-0.1701246929022973,1.4281940301706548,0.1469462052495025,14,True,
filtered_midtrain_alignment_dpo,t3.rev,China,country,-0.0859546584428595,0.9139048304064137,0.0958758117178349,14,True,
filtered_midtrain_alignment_dpo,t3.rev,United States,country,-0.019425709009458777,0.21892625720568917,0.008288078580886968,14,False,
filtered_midtrain_alignment_dpo,t3.rev,Nigeria,country,-0.02787987593285869,0.1372523866592122,0.0019769658172110248,14,False,
filtered_midtrain_alignment_dpo,t3.rev,Brazil,country,-0.024814446895094544,0.08535405036954359,0.00973664705937548,14,False,
filtered_midtrain_alignment_dpo,t3.rev,Pakistan,country,-0.003926604290718512,-0.07385962920713218,0.00021721364620412426,14,False,
filtered_midtrain_alignment_dpo,t3.rev,Bangladesh,country,-0.006055889630553677,-0.09494082702946877,0.0001411345100901499,14,False,
filtered_midtrain_alignment_dpo,t3.rev,Russia,country,-0.009159424432564919,-0.08456199529638395,0.0006083196995945007,14,False,
filtered_midtrain_alignment_dpo,t3.rev,Mexico,country,-0.0009404660820122816,-0.13791806055907846,5.0812268934632655e-05,14,False,
filtered_midtrain_alignment_dpo,t3.rev,Japan,country,-0.00012705646667185086,-0.15668867210827497,0.00012233140316153136,14,False,
filtered_midtrain_alignment_dpo,t3.rev,Germany,country,-0.0036184937814965554,-0.15373810049802664,0.00010278993764806207,14,False,
filtered_midtrain_alignment_dpo,t3.rev,United Kingdom,country,-0.01050661019335469,-0.1540916017527623,0.0007568504864241048,14,False,
filtered_midtrain_alignment_dpo,t3.rev,France,country,-0.004138035906545438,-0.19965132207144867,0.0007754145290525573,14,False,
filtered_midtrain_alignment_dpo,t3.rev,Ethiopia,country,-0.03263813835450882,-0.2021132170772574,0.0019924702163141516,14,False,
filtered_midtrain_alignment_dpo,t3.rev,Egypt,country,-0.03898523518700167,-0.26211398054507745,0.006018266523936871,14,False,
filtered_midtrain_alignment_dpo,t3.rev,Vietnam,country,-0.09672822601829807,-0.3851005212106681,0.01925122617435222,14,False,
filtered_midtrain_alignment_dpo,t3.rev,Turkey,country,-0.11029683646871341,-0.4657999605173908,0.00977983856468872,14,False,
filtered_midtrain_alignment_dpo,t3.rev,South Korea,country,-0.17908606130126725,-0.8613161744993898,0.10149831309268324,14,True,
filtered_midtrain_alignment_dpo,t3.rev,Saudi Arabia,country,-0.17255708505117506,-1.16723218056626,0.15615353589302863,14,True,
filtered_midtrain_alignment_dpo,t3.rev,Finland,country,-0.016045749210684246,-2.4606607696580625,0.09254516431998355,14,True,
llama2_7b_chat,pooled,India,country,0.13094596414297074,0.026637942203254522,0.030394348009907205,14,False,0.3701992194333852
llama2_7b_chat,pooled,China,country,0.15425435248586192,-0.3130113587544482,0.03041793937847798,14,False,2.058301941579317
llama2_7b_chat,pooled,United States,country,0.20697325092102697,-0.11577759604102927,0.09445545253377881,14,True,
llama2_7b_chat,pooled,Nigeria,country,0.09012386895232222,0.5003829035202028,0.0057237667810433315,14,False,0.01611932753455551
llama2_7b_chat,pooled,Brazil,country,0.19125259332726072,-0.5274633556329175,0.06513358404299288,14,True,
llama2_7b_chat,pooled,Pakistan,country,0.11421463467323198,0.2832072035431482,0.037441324725596914,14,False,0.07776744622193105
llama2_7b_chat,pooled,Bangladesh,country,0.08071350175825379,0.47451469152203085,0.00889202708578638,14,False,0.019942608342889613
llama2_7b_chat,pooled,Russia,country,0.18998301811731633,-0.39446734262194516,0.04210959150098693,14,False,1.5518200420514132
llama2_7b_chat,pooled,Mexico,country,0.13126644512868474,0.2011767667258137,0.03624600484935072,14,False,0.11238791104971674
llama2_7b_chat,pooled,Japan,country,0.1673892250012371,-0.2409138981188358,0.027642664975152706,14,False,1.0
llama2_7b_chat,pooled,Germany,country,0.18467461038920802,-0.22884917892263948,0.03779325783698196,14,False,0.6723602787510465
llama2_7b_chat,pooled,United Kingdom,country,0.14796671338829331,0.06444758007689436,0.03899499300856023,14,False,0.21618085126207323
llama2_7b_chat,pooled,France,country,0.14449262016723674,0.04879600861231023,0.02932351036459538,14,False,0.2526938648577868
llama2_7b_chat,pooled,Ethiopia,country,0.07773958090454075,0.6912822505340444,0.01327382401611685,14,False,0.002569066194243701
llama2_7b_chat,pooled,Egypt,country,0.17317427340182387,0.006631793046688178,0.026356747188365615,14,False,0.2085677927864884
llama2_7b_chat,pooled,Vietnam,country,0.13902197991929507,0.033105288371244296,0.030278682052152322,14,False,0.30690518451389054
llama2_7b_chat,pooled,Turkey,country,0.1511726634863561,0.24154619674427175,0.04241345180170897,14,False,0.06744463060369932
llama2_7b_chat,pooled,South Korea,country,0.13065038959232933,0.04804902786134804,0.03171335102878383,14,False,0.3216938150936278
llama2_7b_chat,pooled,Saudi Arabia,country,0.07045207077199298,0.36641816359790313,0.02202975976935596,14,False,0.05701348127701396
llama2_7b_chat,pooled,Finland,country,0.3110893943132622,-0.7885329722544007,0.31795811562147713,14,True,
llama2_7b_chat,t0.orig,India,country,-0.11073800074326892,2.8210988065087137,0.08755097024628318,14,True,
llama2_7b_chat,t0.orig,China,country,-0.01000758131717755,1.8692621708045705,0.3343468700231998,14,True,
llama2_7b_chat,t0.orig,United States,country,0.07396861952328622,0.961029454747936,0.18132078556783063,14,True,
llama2_7b_chat,t0.orig,Nigeria,country,0.02113574273222095,0.7742825395169647,0.08113847212948302,14,True,
llama2_7b_chat,t0.orig,Brazil,country,-0.07360352921360613,0.8175909586353203,0.10182248221064123,14,True,
llama2_7b_chat,t0.orig,Pakistan,country,-0.010163023297193811,0.37227551278391025,0.006869424641000938,14,False,
llama2_7b_chat,t0.orig,Bangladesh,country,0.006162540291889031,0.19867646494020622,0.0014854800631114585,14,False,
llama2_7b_chat,t0.orig,Russia,country,-0.019370124882346983,0.25073920813240286,0.0003890092012981171,14,False,
llama2_7b_chat,t0.orig,Mexico,country,-0.004672089086124532,0.15639325031204582,0.00039767546051544143,14,False,
llama2_7b_chat,t0.orig,Japan,country,-0.0039015425609424895,0.13178828975247522,0.00018121874004947854,14,False,
llama2_7b_chat,t0.orig,Germany,country,-0.0035218933915412646,0.10177419603244231,0.00016489885776943569,14,False,
llama2_7b_chat,t0.orig,United Kingdom,country,0.0008618851105491581,0.0728501135855826,0.00012238612095310226,14,False,
llama2_7b_chat,t0.orig,France,country,0.0008787135295275916,0.050075384631038986,0.0004249272287434196,14,False,
llama2_7b_chat,t0.orig,Ethiopia,country,-0.0032246545957173986,-0.0017621317873747983,0.001540150262131085,14,False,
llama2_7b_chat,t0.orig,Egypt,country,-0.02545406024731636,0.04802307119018857,0.0023850454173642206,14,False,
llama2_7b_chat,t0.orig,Vietnam,country,-0.021453173384310346,-0.08243997646435482,0.00303487114466509,14,False,
llama2_7b_chat,t0.orig,Turkey,country,-0.0738719053964391,-0.18094964553935433,0.030885550399318076,14,False,
llama2_7b_chat,t0.orig,South Korea,country,-0.06466363987647349,-0.4410739250752099,0.09341311528507627,14,True,
llama2_7b_chat,t0.orig,Saudi Arabia,country,-0.057647653876730126,-1.1017190259822005,0.05499674362999862,14,True,
llama2_7b_chat,t0.orig,Finland,country,-0.332373265042699,-0.4833318888525503,0.6640513781417327,14,True,
llama2_7b_chat,t0.rev,India,country,0.1429142505391528,-2.629279918268407,0.11644115019978667,14,True,
llama2_7b_chat,t0.rev,China,country,0.02775698204956137,-1.621532740828164,0.41321589447518364,14,True,
llama2_7b_chat,t0.rev,United States,country,0.013937358671077454,-1.004925668434981,0.20984604117592187,14,True,
llama2_7b_chat,t0.rev,Nigeria,country,0.010464682502207279,-0.6701337369759824,0.05723991747954713,14,True,
llama2_7b_chat,t0.rev,Brazil,country,0.14007902567970332,-1.0851184356853034,0.24363498553242943,14,True,
llama2_7b_chat,t0.rev,Pakistan,country,0.015547581421989424,-0.36396826679310196,0.002250038738529962,14,False,800.3721342709249
llama2_7b_chat,t0.rev,Bangladesh,country,0.006347450543778346,-0.2580143194016039,0.0006218378574771455,14,False,86.12952482439087
llama2_7b_chat,t0.rev,Russia,country,0.04638680157168759,-0.4330532833127604,0.007704710656190234,14,False,19.464880183156684
llama2_7b_chat,t0.rev,Mexico,country,0.01280906872633156,-0.2272839877481768,0.00019638384887005366,14,False,0.564957834313459
llama2_7b_chat,t0.rev,Japan,country,0.020625688240882088,-0.26237541185288177,0.002521789720061496,14,False,1.0
llama2_7b_chat,t0.rev,Germany,country,0.01755010624285832,-0.2056039989882078,0.0005294211551285328,14,False,0.08605317235508547
llama2_7b_chat,t0.rev,United Kingdom,country,0.009301812450877855,-0.1398083536477352,0.0005005885039122822,14,False,0.0013411876794855813
llama2_7b_chat,t0.rev,France,country,0.006607301239587386,-0.07981619073986426,0.0015549784343933358,14,False,1.2789343514781013e-06
llama2_7b_chat,t0.rev,Ethiopia,country,0.04136954906696849,-0.026205731207365218,0.0038344137618401774,14,False,1.5224302093267031e-05
llama2_7b_chat,t0.rev,Egypt,country,0.0773927028089544,-0.05830629682692626,0.014018226751100718,14,False,5.6853113115916555e-06
llama2_7b_chat,t0.rev,Vietnam,country,0.08109599236472696,0.10019767182032133,0.011740446704210906,14,False,3.5393054285494416e-08
llama2_7b_chat,t0.rev,Turkey,country,0.15487445222721508,0.32516635260842236,0.05926218143814473,14,True,
llama2_7b_chat,t0.rev,South Korea,country,0.1034683288999741,0.7573160854898955,0.08777027946812577,14,True,
llama2_7b_chat,t0.rev,Saudi Arabia,country,0.10722848911905689,1.4080332928376613,0.064975853109938,14,True,
llama2_7b_chat,t0.rev,Finland,country,0.4273630946219781,0.5194675141242132,1.1543312203338798,14,True,
llama2_7b_chat,t1.orig,India,country,-0.10959448746986947,2.865979166073107,0.09016017428141172,14,True,
llama2_7b_chat,t1.orig,China,country,0.009982744837936153,1.8127768235320008,0.3422186121260553,14,True,
llama2_7b_chat,t1.orig,United States,country,0.11150200491053826,0.9085896890714948,0.13845367006757814,14,True,
llama2_7b_chat,t1.orig,Nigeria,country,0.005125413517883939,0.864255815716825,0.11987260325143263,14,True,
llama2_7b_chat,t1.orig,Brazil,country,-0.052031259439782165,0.7248592631413915,0.08132963590516123,14,True,
llama2_7b_chat,t1.orig,Pakistan,country,-0.014286788926590285,0.38956813102575544,0.008621253755008806,14,False,
llama2_7b_chat,t1.orig,Bangladesh,country,0.004992579743248161,0.18892835336508335,0.0019656647529340695,14,False,
llama2_7b_chat,t1.orig,Russia,country,-0.015768525933588105,0.20711831970788966,0.0005592704821504867,14,False,
llama2_7b_chat,t1.orig,Mexico,country,-0.005683677021530309,0.13753944289823106,0.0004399664666972359,14,False,
llama2_7b_chat,t1.orig,Japan,country,-0.0021123342333081926,0.09354889500503892,0.00010455388749854234,14,False,
llama2_7b_chat,t1.orig,Germany,country,-0.0022893546012774284,0.06769784620652032,0.00013593914149110365,14,False,
llama2_7b_chat,t1.orig,United Kingdom,country,0.0010709895434198296,0.04551087762214043,0.00010034953718403922,14,False,
llama2_7b_chat,t1.orig,France,country,0.0022000859267122088,0.020976502721256694,0.00027739424618491494,14,False,
llama2_7b_chat,t1.orig,Ethiopia,country,-0.003819428154546578,-0.015464412018677928,0.0011018567307190844,14,False,
llama2_7b_chat,t1.orig,Egypt,country,-0.02209178192338664,0.02285597716021739,0.0021250926521336803,14,False,
llama2_7b_chat,t1.orig,Vietnam,country,-0.01677833917465088,-0.09582265865124964,0.0026711850532450472,14,False,
llama2_7b_chat,t1.orig,Turkey,country,-0.06784123467414498,-0.15397163335992547,0.025190058469213572,14,False,
llama2_7b_chat,t1.orig,South Korea,country,-0.035223846296358094,-0.47172141054484773,0.08917876164972487,14,True,
llama2_7b_chat,t1.orig,Saudi Arabia,country,-0.05792730066007869,-1.0087265578474542,0.06318812633953239,14,True,
llama2_7b_chat,t1.orig,Finland,country,-0.31408705898965006,-0.47554236139190964,0.6859850349258926,14,True,
llama2_7b_chat,t1.rev,India,country,0.11708860253513725,-2.536063690893112,0.11762086728299927,14,True,
llama2_7b_chat,t1.rev,China,country,-0.005195680411721193,-1.5149378903517607,0.39007661337934074,14,True,
llama2_7b_chat,t1.rev,United States,country,-0.02135265265828956,-0.9384900878410396,0.17823502050639028,14,True,
llama2_7b_chat,t1.rev,Nigeria,country,0.008576509478924584,-0.7223985798956476,0.05653156084667974,14,True,
llama2_7b_chat,t1.rev,Brazil,country,0.10260994672626286,-0.9439585513794412,0.15285403284660343,14,True,
llama2_7b_chat,t1.rev,Pakistan,country,0.014809933540642785,-0.40118455083045224,0.002800262439613103,14,False,5914.633802140887
llama2_7b_chat,t1.rev,Bangladesh,country,0.005674991964556005,-0.2845527665485779,0.0007160527178773223,14,False,533.8349277199885
llama2_7b_chat,t1.rev,Russia,country,0.03880305854674952,-0.41902238983541523,0.004347397741588456,14,False,24.64117194246964
llama2_7b_chat,t1.rev,Mexico,country,0.012391262742620292,-0.25006160089535423,0.0002087769442817662,14,False,0.820004384460872
llama2_7b_chat,t1.rev,Japan,country,0.01772793222404209,-0.2707534253336335,0.0008661062374371089,14,False,1.0
llama2_7b_chat,t1.rev,Germany,country,0.016137421203734813,-0.22547388105474975,0.0003699772735053796,14,False,0.09384960980348231
llama2_7b_chat,t1.rev,United Kingdom,country,0.009369428484692022,-0.16399425156601627,0.00038298105581843577,14,False,0.001605135263274783
llama2_7b_chat,t1.rev,France,country,0.008430427047156732,-0.12074665287859317,0.0013092626420512328,14,False,3.000585592792046e-05
llama2_7b_chat,t1.rev,Ethiopia,country,0.04029501143910967,-0.060761626938206886,0.0034051679569249422,14,False,9.307006939233414e-06
llama2_7b_chat,t1.rev,Egypt,country,0.07955482804779003,-0.11943451183797918,0.01754246892297909,14,False,4.4173323156882546e-06
llama2_7b_chat,t1.rev,Vietnam,country,0.0753680027527019,0.04131398177836773,0.011946737986689744,14,False,2.3446343336749612e-08
llama2_7b_chat,t1.rev,Turkey,country,0.15464624573678773,0.2525745752176518,0.06375998418249522,14,True,
llama2_7b_chat,t1.rev,South Korea,country,0.08578235798214956,0.6992484115366506,0.09390052234919438,14,True,
llama2_7b_chat,t1.rev,Saudi Arabia,country,0.10015398968765148,1.3228816660668197,0.06320099993496613,14,True,
llama2_7b_chat,t1.rev,Finland,country,0.4384781274912817,0.33880201102792773,1.2713750272029922,14,True,
llama2_7b_chat,t2.orig,India,country,-0.07145088849758885,2.773323201849638,0.0678617405012129,14,True,
llama2_7b_chat,t2.orig,China,country,0.07378171768178138,1.5724954499251005,0.34203585413972926,14,True,
llama2_7b_chat,t2.orig,United States,country,0.08452166440051266,1.2052298715190843,0.2733270034314889,14,True,
llama2_7b_chat,t2.orig,Nigeria,country,-0.055230691510674175,1.0494131552321013,0.06166152581938917,14,True,
llama2_7b_chat,t2.orig,Brazil,country,-0.05253865938315153,0.6723753832126568,0.07105427721241328,14,True,
llama2_7b_chat,t2.orig,Pakistan,country,-0.024310414232001,0.41272028729945265,0.016518455906970275,14,False,
llama2_7b_chat,t2.orig,Bangladesh,country,0.006555017620923528,0.14816354821212208,0.0076105101334695046,14,False,
llama2_7b_chat,t2.orig,Russia,country,-0.04359412833690442,0.17881464087113802,0.009412873686224819,14,False,
llama2_7b_chat,t2.orig,Mexico,country,-0.002618558241310727,-0.01933073973099889,0.0010883009555255508,14,False,
llama2_7b_chat,t2.orig,Japan,country,-0.013126120140287351,-0.04389036258119157,0.004056357377424584,14,False,
llama2_7b_chat,t2.orig,Germany,country,-0.005249035983087709,-0.10582385307373986,0.00074446065011599,14,False,
llama2_7b_chat,t2.orig,United Kingdom,country,0.004129765180738808,-0.16458212616132772,0.0001762070947436211,14,False,
llama2_7b_chat,t2.orig,France,country,0.005595913477841994,-0.19236420121707895,0.000367674318316789,14,False,
llama2_7b_chat,t2.orig,Ethiopia,country,-0.0061704594472875365,-0.1916459467184908,0.0007727552008475006,14,False,
llama2_7b_chat,t2.orig,Egypt,country,-0.011959210811464185,-0.22310351946316676,0.0016326476835205692,14,False,
llama2_7b_chat,t2.orig,Vietnam,country,-0.013247553270951708,-0.2933816667801802,0.0039377308056246394,14,False,
llama2_7b_chat,t2.orig,Turkey,country,-0.024166640167435083,-0.3730219444967693,0.010404404607946307,14,False,
llama2_7b_chat,t2.orig,South Korea,country,0.08419895815869105,-1.0221017749700885,0.06532887239847114,14,True,
llama2_7b_chat,t2.orig,Saudi Arabia,country,-0.02542335672949797,-0.9386862412051462,0.07512071850515022,14,True,
llama2_7b_chat,t2.orig,Finland,country,-0.20353253879796443,-0.8326698507912992,0.4727397010790255,14,True,
llama2_7b_chat,t2.rev,India,country,0.05078238776596872,-1.814800239585968,0.10646030028686145,14,True,
llama2_7b_chat,t2.rev,China,country,-0.06661560844510916,-0.9828240365735339,0.29321476348606235,14,True,
llama2_7b_chat,t2.rev,United States,country,-0.048497035662764074,-0.8323171038972514,0.17468854514352605,14,True,
llama2_7b_chat,t2.rev,Nigeria,country,0.023857860302075283,-0.7090230355882189,0.02477837903716014,14,False,3984483.5500020236
llama2_7b_chat,t2.rev,Brazil,country,0.1158495697679863,-1.0614762523434569,0.2417652995574351,14,True,
llama2_7b_chat,t2.rev,Pakistan,country,0.0203185605237752,-0.44970499073385384,0.001760241469793043,14,False,1218.5773967891118
llama2_7b_chat,t2.rev,Bangladesh,country,0.014409226536968012,-0.33783557833107203,0.0014849685299945373,14,False,82.71577017660725
llama2_7b_chat,t2.rev,Russia,country,0.053171009556712445,-0.4769906507755952,0.0016780364475317174,14,False,10.775236205409373
llama2_7b_chat,t2.rev,Mexico,country,0.030250526220735468,-0.285638655868571,0.0013887019476479226,14,False,0.6258786722695724
llama2_7b_chat,t2.rev,Japan,country,0.034668092140878806,-0.31551065482159274,0.0014056118822180894,14,False,1.0
llama2_7b_chat,t2.rev,Germany,country,0.03132028360000885,-0.20208859102325138,0.0018480748007219739,14,False,0.04472347815921668
llama2_7b_chat,t2.rev,United Kingdom,country,0.011383127136800451,-0.045018515918973614,0.0012528938478552378,14,False,1.2985949294922372e-05
llama2_7b_chat,t2.rev,France,country,0.02448600231659884,-0.01239962028615393,0.005287589371325241,14,False,8.456555477906584e-05
llama2_7b_chat,t2.rev,Ethiopia,country,0.0372377712392485,0.16124875739433758,0.0020635836601423925,14,False,1.3488319424250504e-06
llama2_7b_chat,t2.rev,Egypt,country,0.03236459633520157,0.22193737827537588,0.03119864279467026,14,False,1.3407176476306337e-07
llama2_7b_chat,t2.rev,Vietnam,country,0.032554648371085834,0.3179438307440188,0.01672006181267449,14,False,7.909662548177668e-09
llama2_7b_chat,t2.rev,Turkey,country,0.08728402058591891,0.559117913720113,0.11514369507325511,14,True,
llama2_7b_chat,t2.rev,South Korea,country,-0.0057622209589411055,1.0256474224685133,0.10507742195185099,14,True,
llama2_7b_chat,t2.rev,Saudi Arabia,country,0.09651251402333585,1.2511393079901032,0.09840154320042023,14,True,
llama2_7b_chat,t2.rev,Finland,country,0.34336022247120757,0.7233541784523766,0.9085328535031018,14,True,
llama2_7b_chat,t3.orig,India,country,-0.029503648349497202,1.4411935217406313,0.0183517270622728,14,False,
llama2_7b_chat,t3.orig,China,country,0.014588646089959356,1.0714415618402633,0.02279815800521666,14,False,
llama2_7b_chat,t3.orig,United States,country,-0.059937309972852584,1.0566349204834535,0.17627009578880326,14,True,
llama2_7b_chat,t3.orig,Nigeria,country,-0.05168095220807971,0.9351889259494434,0.012858535333140303,14,False,
llama2_7b_chat,t3.orig,Brazil,country,0.03376662689195481,0.47578051502667495,0.17080342052423755,14,True,
llama2_7b_chat,t3.orig,Pakistan,country,-0.038283888295833755,0.613822494406936,0.006818336141180069,14,False,
llama2_7b_chat,t3.orig,Bangladesh,country,-0.022681367887573176,0.39403304632726277,0.00372121987857411,14,False,
llama2_7b_chat,t3.orig,Russia,country,-0.03788351914936097,0.38091084160487654,0.00492180644313807,14,False,
llama2_7b_chat,t3.orig,Mexico,country,-0.040817248394453186,0.20635933144618382,0.0037457082530358535,14,False,
llama2_7b_chat,t3.orig,Japan,country,-0.030753464757186856,0.1220543061911498,0.002135425745836224,14,False,
llama2_7b_chat,t3.orig,Germany,country,-0.04433845775766165,-0.033782704334555755,0.001396729244531011,14,False,
llama2_7b_chat,t3.orig,United Kingdom,country,-0.018910191037213763,-0.2325034925448721,0.0060298767680546685,14,False,
llama2_7b_chat,t3.orig,France,country,-0.001681424011119273,-0.4393101661893489,0.005595691449383677,14,False,
llama2_7b_chat,t3.orig,Ethiopia,country,-0.03434367080210225,-0.5572207206356404,0.003966016478816721,14,False,
llama2_7b_chat,t3.orig,Egypt,country,-0.04785146927571145,-0.5846140634952838,0.004286699273405934,14,False,
llama2_7b_chat,t3.orig,Vietnam,country,-0.040436793555058026,-0.7714754191847453,0.005489368906431088,14,False,
llama2_7b_chat,t3.orig,Turkey,country,-0.046346937777706446,-0.9400457160911468,0.005388263678274055,14,False,
llama2_7b_chat,t3.orig,South Korea,country,-0.06576105782056134,-1.0081606978143562,0.008174241868683861,14,False,
llama2_7b_chat,t3.orig,Saudi Arabia,country,-0.056911420199848656,-1.3237283499470578,0.003672418277527697,14,False,
llama2_7b_chat,t3.orig,Finland,country,-0.09073295975880812,-1.3556493131028438,0.10985503954104463,14,True,
llama2_7b_chat,t3.rev,India,country,0.027391003412583298,-1.2750185719210148,0.02061472602908988,14,False,4.113333730204873e+19
llama2_7b_chat,t3.rev,China,country,-0.023933259202732246,-0.8763838706383255,0.02429934621682799,14,False,
llama2_7b_chat,t3.rev,United States,country,0.07063881673290504,-0.9349300361495,0.18073490035017648,14,True,
llama2_7b_chat,t3.rev,Nigeria,country,0.05270405556206134,-0.7575613717459643,0.013086827764266623,14,False,111823238.47703959
llama2_7b_chat,t3.rev,Brazil,country,-0.032467485768480894,-0.2997636984433557,0.1322850540177817,14,True,
llama2_7b_chat,t3.rev,Pakistan,country,0.039218553472538845,-0.43914385524412725,0.0068078568034326955,14,False,683648.2295757683
llama2_7b_chat,t3.rev,Bangladesh,country,0.03289635117292055,-0.23316639059400215,0.004397512464285988,14,False,8527.618631500916
llama2_7b_chat,t3.rev,Russia,country,0.043097860794475557,-0.21632757498319347,0.00494739391027488,14,False,750.4791861668081
llama2_7b_chat,t3.rev,Mexico,country,0.0476760061921211,-0.023776479084649443,0.004298453772693275,14,False,2.880975892617451
llama2_7b_chat,t3.rev,Japan,country,0.033462811929759834,0.06523321277089501,0.0029460296523146946,14,False,1.0
llama2_7b_chat,t3.rev,Germany,country,0.03782456394146395,0.2422443295008711,0.0017311272258942404,14,False,0.0045418768553275694
llama2_7b_chat,t3.rev,United Kingdom,country,0.01847341799066006,0.4075977523410566,0.0038570351182323948,14,False,4.6338302546791835e-06
llama2_7b_chat,t3.rev,France,country,0.0038795271862198527,0.5854635746570019,0.0034921531374640263,14,False,4.653059602034923e-27
llama2_7b_chat,t3.rev,Ethiopia,country,0.02390620683776147,0.7004386571992234,0.0034708954699536137,14,False,4.023037352408226e-10
llama2_7b_chat,t3.rev,Egypt,country,0.03706932431721113,0.7317015693346598,0.0015361285346393832,14,False,4.193342819251503e-09
llama2_7b_chat,t3.rev,Vietnam,country,0.032833552404228,0.8894344789454125,0.0037155427639948384,14,False,1.691070010776682e-11
llama2_7b_chat,t3.rev,Turkey,country,0.04623455072847285,1.0225358439486696,0.0043442543163714365,14,False,6.536142200497813e-12
llama2_7b_chat,t3.rev,South Korea,country,0.05920376166616255,1.101241157669735,0.01081193418202623,14,False,4.030461748690472e-12
llama2_7b_chat,t3.rev,Saudi Arabia,country,0.06322069859625518,1.4410870703347345,0.005475059797886826,14,False,2.2974104760588524e-15
llama2_7b_chat,t3.rev,Finland,country,0.14310493900173438,1.3090522300699476,0.15325389706174994,14,True,
olmo3_7b_instruct,pooled,India,country,0.45408629122629246,-1.019784062344888,0.10226146321776851,14,True,
olmo3_7b_instruct,pooled,China,country,0.4806886835408073,-1.502718309481697,0.09956712769548369,14,True,
olmo3_7b_instruct,pooled,United States,country,0.4174573985892893,-1.3638722557047833,0.09803995150765273,14,True,
olmo3_7b_instruct,pooled,Nigeria,country,0.4227546474146715,-0.9149953487056639,0.06787234725775727,14,True,
olmo3_7b_instruct,pooled,Brazil,country,0.3727803014101182,-1.0088107443336278,0.08847119737230096,14,True,
olmo3_7b_instruct,pooled,Pakistan,country,0.41647617370164536,-1.082741205095203,0.04077807011019172,14,False,
olmo3_7b_instruct,pooled,Bangladesh,country,0.4044168817487799,-0.7973208695017389,0.06334784529468958,14,True,
olmo3_7b_instruct,pooled,Russia,country,0.3813540398352886,-1.2083253869421144,0.03699399673717758,14,False,
olmo3_7b_instruct,pooled,Mexico,country,0.41424994708683527,-1.1288266754778722,0.1065410103497757,14,True,
olmo3_7b_instruct,pooled,Japan,country,0.48164110648311387,-1.2983731513497296,0.07020780537094756,14,True,
olmo3_7b_instruct,pooled,Germany,country,0.4457738394925136,-1.2984943209882776,0.08445647264224808,14,True,
olmo3_7b_instruct,pooled,United Kingdom,country,0.4325487694025858,-1.5159021082151756,0.07064649499347116,14,True,
olmo3_7b_instruct,pooled,France,country,0.4688764297007372,-1.4068661690174264,0.10653412036281569,14,True,
olmo3_7b_instruct,pooled,Ethiopia,country,0.38220646436550354,-0.919516246356564,0.04572043763008441,14,False,
olmo3_7b_instruct,pooled,Egypt,country,0.47366336302864465,-1.3073816503610378,0.08031168827598963,14,True,
olmo3_7b_instruct,pooled,Vietnam,country,0.41578617281707214,-1.0302082440996556,0.06227895636542974,14,True,
olmo3_7b_instruct,pooled,Turkey,country,0.44614778558953627,-1.2507341463581625,0.06114201111369113,14,True,
olmo3_7b_instruct,pooled,South Korea,country,0.38854540430091833,-1.119206717387675,0.04835707566544683,14,False,
olmo3_7b_instruct,pooled,Saudi Arabia,country,0.4348430590029391,-1.2800426767124522,0.043457490273157366,14,False,
olmo3_7b_instruct,pooled,Finland,country,0.4089292906893248,-1.1765293944385578,0.07998359107648965,14,True,
olmo3_7b_instruct,t0.orig,India,country,0.1580682175641972,-0.13474280596324356,0.09392113623951732,14,True,
olmo3_7b_instruct,t0.orig,China,country,0.2691223925453718,-0.8897549712600875,0.3386122902992346,14,True,
olmo3_7b_instruct,t0.orig,United States,country,0.2310489121259301,-0.7134866171885412,0.07638881841375644,14,True,
olmo3_7b_instruct,t0.orig,Nigeria,country,0.13412142202771288,0.0015750576389673143,0.07883171102896351,14,True,
olmo3_7b_instruct,t0.orig,Brazil,country,0.1490027986733211,-0.21834130818347783,0.08287639499992237,14,True,
olmo3_7b_instruct,t0.orig,Pakistan,country,0.2403281237909094,-0.823699134134744,0.22005850193021104,14,True,
olmo3_7b_instruct,t0.orig,Bangladesh,country,0.12911343579294896,-0.13351706997772197,0.1732624224990488,14,True,
olmo3_7b_instruct,t0.orig,Russia,country,0.09072265441458462,-0.1976113576834436,0.08904266774124259,14,True,
olmo3_7b_instruct,t0.orig,Mexico,country,0.1117637089233815,-0.0384491912178494,0.17917737346601306,14,True,
olmo3_7b_instruct,t0.orig,Japan,country,0.17304756544832475,-0.3251349293860646,0.06620934927929314,14,True,
olmo3_7b_instruct,t0.orig,Germany,country,0.1304682772017451,-0.18754409091412022,0.022110312107512648,14,False,
olmo3_7b_instruct,t0.orig,United Kingdom,country,0.34895162056851553,-1.3155921826135322,0.1872584283531877,14,True,
olmo3_7b_instruct,t0.orig,France,country,0.17707836992169573,-0.4533954831993667,0.03199289373532125,14,False,
olmo3_7b_instruct,t0.orig,Ethiopia,country,0.11377002064852612,-0.11914485972769362,0.11671850567153952,14,True,
olmo3_7b_instruct,t0.orig,Egypt,country,0.1424598471083325,-0.09688309324011733,0.05114708017218248,14,True,
olmo3_7b_instruct,t0.orig,Vietnam,country,0.2254287436106364,-0.4294868897401639,0.10183582012387828,14,True,
olmo3_7b_instruct,t0.orig,Turkey,country,0.20761303553347493,-0.5000609193599128,0.17394401015573527,14,True,
olmo3_7b_instruct,t0.orig,South Korea,country,0.18327425727281021,-0.5379906229210449,0.19624882224313675,14,True,
olmo3_7b_instruct,t0.orig,Saudi Arabia,country,0.22020022939140244,-0.6824189049536004,0.23234779724087143,14,True,
olmo3_7b_instruct,t0.orig,Finland,country,0.14651392171287525,-0.2218383350143055,0.026978290531409776,14,False,
olmo3_7b_instruct,t0.rev,India,country,0.3893132706820378,-0.5856961635046432,0.5671638864380973,14,True,
olmo3_7b_instruct,t0.rev,China,country,0.36873072618024555,-1.1323134992403943,0.1617630827804017,14,True,
olmo3_7b_instruct,t0.rev,United States,country,0.2949418162945163,-0.9857123645534557,0.17198483726961275,14,True,
olmo3_7b_instruct,t0.rev,Nigeria,country,0.36088738703207424,-0.6715631866752936,0.14376292014387973,14,True,
olmo3_7b_instruct,t0.rev,Brazil,country,0.37039176616353553,-1.0250590042641083,0.20229353977746176,14,True,
olmo3_7b_instruct,t0.rev,Pakistan,country,0.42299040055197457,-1.1640739695735816,0.12320787309821818,14,True,
olmo3_7b_instruct,t0.rev,Bangladesh,country,0.39990971230586697,-1.002203012480125,0.12872030929552045,14,True,
olmo3_7b_instruct,t0.rev,Russia,country,0.284312665320426,-0.9578516346133366,0.15095823379370585,14,True,
olmo3_7b_instruct,t0.rev,Mexico,country,0.3202787496554048,-1.0885068975741712,0.045617325832453155,14,False,
olmo3_7b_instruct,t0.rev,Japan,country,0.42671695130984955,-1.3503986127473153,0.3597027594304798,14,True,
olmo3_7b_instruct,t0.rev,Germany,country,0.32855303417616577,-1.0714292537950936,0.23400193665615696,14,True,
olmo3_7b_instruct,t0.rev,United Kingdom,country,0.5285019878290016,-2.0240868405109946,0.5889824716096915,14,True,
olmo3_7b_instruct,t0.rev,France,country,0.4110745739824726,-1.2737050788429474,0.36258834145425806,14,True,
olmo3_7b_instruct,t0.rev,Ethiopia,country,0.21848983703721195,-0.5417968133724176,0.47753946928384305,14,True,
olmo3_7b_instruct,t0.rev,Egypt,country,0.2578421495752061,-0.761859663320801,0.26607209174481256,14,True,
olmo3_7b_instruct,t0.rev,Vietnam,country,0.4095045361375929,-1.0266798978016958,0.09663236378969116,14,True,
olmo3_7b_instruct,t0.rev,Turkey,country,0.5130642305041427,-1.4670342685065645,0.15954179424234258,14,True,
olmo3_7b_instruct,t0.rev,South Korea,country,0.3362920946098783,-1.0242095701893617,0.23098022229686085,14,True,
olmo3_7b_instruct,t0.rev,Saudi Arabia,country,0.4055483992297809,-1.1566761622554174,0.055307150530359284,14,True,
olmo3_7b_instruct,t0.rev,Finland,country,0.421385223955259,-1.3488204195986648,0.07352974166506511,14,True,
olmo3_7b_instruct,t1.orig,India,country,0.39933603825462294,-1.066467714942622,0.16617366901460348,14,True,
olmo3_7b_instruct,t1.orig,China,country,0.45957664332023884,-1.4062471290180492,0.14737098495102982,14,True,
olmo3_7b_instruct,t1.orig,United States,country,0.4520955175077713,-1.6047186300079643,0.018701016320915833,14,False,
olmo3_7b_instruct,t1.orig,Nigeria,country,0.42787716705851986,-1.0819813409919785,0.14801813687131918,14,True,
olmo3_7b_instruct,t1.orig,Brazil,country,0.31187045234940214,-0.853264551092024,0.131628789611727,14,True,
olmo3_7b_instruct,t1.orig,Pakistan,country,0.3598687548874563,-1.1116725502663491,0.14926929665000177,14,True,
olmo3_7b_instruct,t1.orig,Bangladesh,country,0.34899507422844245,-0.7639659089345551,0.10672791672676439,14,True,
olmo3_7b_instruct,t1.orig,Russia,country,0.33598905164732057,-1.0299555348469451,0.033939162322401885,14,False,
olmo3_7b_instruct,t1.orig,Mexico,country,0.43028941892203504,-1.3438383113788992,0.19949791791789814,14,True,
olmo3_7b_instruct,t1.orig,Japan,country,0.43756428501405564,-1.228571432555014,0.0538049313735274,14,True,
olmo3_7b_instruct,t1.orig,Germany,country,0.4268493569331614,-1.2754081765226912,0.1370205597549128,14,True,
olmo3_7b_instruct,t1.orig,United Kingdom,country,0.48418564845085504,-1.7874085287748898,0.045490290725918515,14,False,
olmo3_7b_instruct,t1.orig,France,country,0.5211221635153089,-1.9083943432046575,0.046834962977371934,14,False,
olmo3_7b_instruct,t1.orig,Ethiopia,country,0.37473562796779347,-0.9860879364819879,0.09123872207589655,14,True,
olmo3_7b_instruct,t1.orig,Egypt,country,0.49963581561822173,-1.386339143905737,0.052532345323630686,14,True,
olmo3_7b_instruct,t1.orig,Vietnam,country,0.3611090356962862,-0.7655369733850882,0.11207495212459699,14,True,
olmo3_7b_instruct,t1.orig,Turkey,country,0.42192942127528016,-1.210944764835478,0.11773572062448594,14,True,
olmo3_7b_instruct,t1.orig,South Korea,country,0.4165127931390238,-1.3226144905526591,0.11440335516529908,14,True,
olmo3_7b_instruct,t1.orig,Saudi Arabia,country,0.35955076112990214,-0.9358015322686656,0.16382327095014604,14,True,
olmo3_7b_instruct,t1.orig,Finland,country,0.45417596100257207,-1.4943322689881797,0.06810889626854426,14,True,
olmo3_7b_instruct,t1.rev,India,country,0.37252670022565504,-0.7701330926673032,0.09857023735179793,14,True,
olmo3_7b_instruct,t1.rev,China,country,0.4033726468981932,-1.4508035521200855,0.3035438063247992,14,True,
olmo3_7b_instruct,t1.rev,United States,country,0.32990141836183007,-1.0863964553392997,0.040834617107888625,14,False,
olmo3_7b_instruct,t1.rev,Nigeria,country,0.3600571452263258,-0.7467519943698846,0.03584434705807135,14,False,
olmo3_7b_instruct,t1.rev,Brazil,country,0.4115230796506535,-1.1973503684776805,0.15601751653000576,14,True,
olmo3_7b_instruct,t1.rev,Pakistan,country,0.33839164418987433,-0.690160916450357,0.25359430464378824,14,True,
olmo3_7b_instruct,t1.rev,Bangladesh,country,0.4488224463694922,-0.9137140362766525,0.10056762607700526,14,True,
olmo3_7b_instruct,t1.rev,Russia,country,0.28930788177102285,-1.0198617375669556,0.11598079434332494,14,True,
olmo3_7b_instruct,t1.rev,Mexico,country,0.3560164068358642,-0.9931169382695724,0.04025786492328035,14,False,
olmo3_7b_instruct,t1.rev,Japan,country,0.4120785083214683,-1.114882958175833,0.06175582256751353,14,True,
olmo3_7b_instruct,t1.rev,Germany,country,0.4240124224851495,-1.3429787652282157,0.055039061829412324,14,True,
olmo3_7b_instruct,t1.rev,United Kingdom,country,0.4462886583338741,-1.6284162757274474,0.04521621872280348,14,False,
olmo3_7b_instruct,t1.rev,France,country,0.4546340283609668,-1.332433247753414,0.14298564419119775,14,True,
olmo3_7b_instruct,t1.rev,Ethiopia,country,0.30368246908514673,-0.6387628022471441,0.05916141793777966,14,True,
olmo3_7b_instruct,t1.rev,Egypt,country,0.4591734255268135,-1.2803309578166355,0.24143320473867838,14,True,
olmo3_7b_instruct,t1.rev,Vietnam,country,0.3614496189770855,-1.0541692530526958,0.09322779684547618,14,True,
olmo3_7b_instruct,t1.rev,Turkey,country,0.33002970412208044,-0.9636250096462204,0.06375346502926199,14,True,
olmo3_7b_instruct,t1.rev,South Korea,country,0.36729712463785197,-1.099761774062165,0.06576190151027178,14,True,
olmo3_7b_instruct,t1.rev,Saudi Arabia,country,0.35790395694607946,-1.1134584252256987,0.08162537900352058,14,True,
olmo3_7b_instruct,t1.rev,Finland,country,0.3727181392918315,-1.1007117902453376,0.05318308474362954,14,True,
olmo3_7b_instruct,t2.orig,India,country,0.1971063373860599,-0.20548893840406468,0.018196512591563584,14,False,0.6233559137344216
olmo3_7b_instruct,t2.orig,China,country,0.3831887289062158,-1.1895025670703432,0.5301130822506328,14,True,
olmo3_7b_instruct,t2.orig,United States,country,0.33408145250120613,-0.9966750019548982,0.1432092999628812,14,True,
olmo3_7b_instruct,t2.orig,Nigeria,country,0.19095215958753803,-0.14507617580945642,0.03369686462783267,14,False,0.5191109257813504
olmo3_7b_instruct,t2.orig,Brazil,country,0.20239961900288922,-0.22278316831205602,0.025624015315496823,14,False,0.6269928594217969
olmo3_7b_instruct,t2.orig,Pakistan,country,0.21345723939940298,-0.33995911318544,0.021354118111029486,14,False,0.8828560711154623
olmo3_7b_instruct,t2.orig,Bangladesh,country,0.199492179194722,-0.12596150374561993,0.04387605703126301,14,False,0.431266929336312
olmo3_7b_instruct,t2.orig,Russia,country,0.2899685853663666,-0.787542129902223,0.027130477744165268,14,False,1.753198267467623
olmo3_7b_instruct,t2.orig,Mexico,country,0.22007098499020897,-0.35420830107977846,0.006040005132271983,14,False,0.8574523356543795
olmo3_7b_instruct,t2.orig,Japan,country,0.28688071835930695,-0.6153154859588412,0.031695470176167716,14,False,1.0
olmo3_7b_instruct,t2.orig,Germany,country,0.2440501081047754,-0.4823713190789819,0.01752202342426652,14,False,1.0382139018778387
olmo3_7b_instruct,t2.orig,United Kingdom,country,0.32205300611875187,-0.9829738426935708,0.10753770322519068,14,True,
olmo3_7b_instruct,t2.orig,France,country,0.27813816060594776,-0.6605230754342996,0.027055772134105174,14,False,1.3011986807977363
olmo3_7b_instruct,t2.orig,Ethiopia,country,0.22319522749050635,-0.295582345739568,0.03013234271609841,14,False,0.6520835144530878
olmo3_7b_instruct,t2.orig,Egypt,country,0.324382878382544,-0.6757502277533555,0.09969602445689114,14,True,
olmo3_7b_instruct,t2.orig,Vietnam,country,0.2586185191393715,-0.41418552400540887,0.0332529777780951,14,False,0.6750879874829955
olmo3_7b_instruct,t2.orig,Turkey,country,0.29476630117597596,-0.556633044559125,0.05598051295450158,14,True,
olmo3_7b_instruct,t2.orig,South Korea,country,0.24301898771746866,-0.4928157905380846,0.02785498612086196,14,False,1.0945555495173087
olmo3_7b_instruct,t2.orig,Saudi Arabia,country,0.34776355634069345,-0.9320916910154758,0.12269013917139537,14,True,
olmo3_7b_instruct,t2.orig,Finland,country,0.26019956628268803,-0.5775848296913914,0.06888318832208258,14,True,
olmo3_7b_instruct,t2.rev,India,country,0.3624305220357965,-0.8927864313812308,0.03180634963036673,14,False,0.6577199381420464
olmo3_7b_instruct,t2.rev,China,country,0.4260353494415863,-1.117259006646204,0.35667054610387044,14,True,
olmo3_7b_instruct,t2.rev,United States,country,0.39303343722976003,-1.360200853749463,0.13809706719215264,14,True,
olmo3_7b_instruct,t2.rev,Nigeria,country,0.32733213562692437,-0.7182731319824247,0.02601071445169408,14,False,0.5446930511838122
olmo3_7b_instruct,t2.rev,Brazil,country,0.3353891263651492,-0.8490233317507339,0.024296063257736342,14,False,0.7381140423696244
olmo3_7b_instruct,t2.rev,Pakistan,country,0.31195145254856543,-0.7177058578043504,0.03939919574825968,14,False,0.6230783061781348
olmo3_7b_instruct,t2.rev,Bangladesh,country,0.3919221149584669,-0.7983130371013011,0.06577059101520338,14,True,
olmo3_7b_instruct,t2.rev,Russia,country,0.3107764014167809,-0.918559575758099,0.02749295162718408,14,False,1.1432940468547177
olmo3_7b_instruct,t2.rev,Mexico,country,0.3237786157901068,-0.8592797936488477,0.036190613759504144,14,False,0.8461095266108835
olmo3_7b_instruct,t2.rev,Japan,country,0.36761933421119597,-1.0630194639476545,0.017718479783506942,14,False,1.0
olmo3_7b_instruct,t2.rev,Germany,country,0.37409197676416384,-1.146572362479856,0.031638661835084174,14,False,1.1818793648629677
olmo3_7b_instruct,t2.rev,United Kingdom,country,0.46456268068889506,-1.719680541661678,0.06482266638938627,14,True,
olmo3_7b_instruct,t2.rev,France,country,0.38289244502089914,-1.0743283101316259,0.10240039637763193,14,True,
olmo3_7b_instruct,t2.rev,Ethiopia,country,0.34158256642813967,-0.9794680212303648,0.11672137070281235,14,True,
olmo3_7b_instruct,t2.rev,Egypt,country,0.41081919639996817,-1.0756361861389354,0.23711409148291615,14,True,
olmo3_7b_instruct,t2.rev,Vietnam,country,0.3411215638164128,-0.9776222421636522,0.10676673866332599,14,True,
olmo3_7b_instruct,t2.rev,Turkey,country,0.30141754802813103,-0.8070130020351869,0.023763884043749812,14,False,0.8990992015534722
olmo3_7b_instruct,t2.rev,South Korea,country,0.326277230366119,-0.9581658054085367,0.07134870947417372,14,True,
olmo3_7b_instruct,t2.rev,Saudi Arabia,country,0.2955876755244895,-0.7930168691997648,0.025433271981317812,14,False,0.9131126783935268
olmo3_7b_instruct,t2.rev,Finland,country,0.3081191594963868,-0.8548935645993831,0.018742072489678536,14,False,0.9714805286709287
olmo3_7b_instruct,t3.orig,India,country,0.015463503392204023,0.4205419051095999,0.07117261203590995,14,True,
olmo3_7b_instruct,t3.orig,China,country,0.2007607274138148,-0.5167687605527709,0.46854750558704383,14,True,
olmo3_7b_instruct,t3.orig,United States,country,0.20893549601777467,-0.486454095568758,0.08174320269133593,14,True,
olmo3_7b_instruct,t3.orig,Nigeria,country,-0.00010472676834608063,0.37042656395320933,0.12181428261044237,14,True,
olmo3_7b_instruct,t3.orig,Brazil,country,0.025663739236506666,0.39001222844972727,0.0027529736395902602,14,False,0.11507245143401454
olmo3_7b_instruct,t3.orig,Pakistan,country,-0.012899538799673503,0.5994956713893281,0.05489887593991157,14,True,
olmo3_7b_instruct,t3.orig,Bangladesh,country,0.1134692991732143,0.208553881623173,0.05425313101567691,14,True,
olmo3_7b_instruct,t3.orig,Russia,country,0.2204926320263893,-0.4188219439152446,0.32745314092162886,14,True,
olmo3_7b_instruct,t3.orig,Mexico,country,0.021580049620161308,0.39037426436227474,0.002215455634966512,14,False,0.12992082637803662
olmo3_7b_instruct,t3.orig,Japan,country,0.0630887966308958,0.18631535864428206,0.008309583822453967,14,False,1.0
olmo3_7b_instruct,t3.orig,Germany,country,0.03170234374311105,0.3303836592137752,0.004373934968010002,14,False,0.3931263970751513
olmo3_7b_instruct,t3.orig,United Kingdom,country,0.2808742355053365,-1.4243471249350987,0.42262705006616447,14,True,
olmo3_7b_instruct,t3.orig,France,country,0.042059827749831094,0.32239113787026663,0.020014921450465534,14,False,0.27073523207302536
olmo3_7b_instruct,t3.orig,Ethiopia,country,0.062363846834482026,0.36740380384934457,0.06542562087177266,14,True,
olmo3_7b_instruct,t3.orig,Egypt,country,0.04763056248883175,0.20392889643611845,0.023796066414691064,14,False,1.8686733872040817
olmo3_7b_instruct,t3.orig,Vietnam,country,0.07266379908544612,0.2590456984222786,0.05731534807336295,14,True,
olmo3_7b_instruct,t3.orig,Turkey,country,0.0553805021902672,0.33420823682260176,0.02825930135595148,14,False,0.12599330412154053
olmo3_7b_instruct,t3.orig,South Korea,country,0.0991612589372205,0.15830574294060945,0.03436821494366551,14,False,0.3021742271919833
olmo3_7b_instruct,t3.orig,Saudi Arabia,country,0.22735537617419366,-0.7524544457809462,0.2738851505895082,14,True,
olmo3_7b_instruct,t3.orig,Finland,country,-0.010900699564109216,0.3530502933286743,0.10342412639205023,14,True,
olmo3_7b_instruct,t3.rev,India,country,0.16675566158769398,-0.3826471515412594,0.21082581014898552,14,True,
olmo3_7b_instruct,t3.rev,China,country,0.42614772139850315,-1.7291240443174216,0.43053451921469876,14,True,
olmo3_7b_instruct,t3.rev,United States,country,0.4693934660595971,-1.9112724731925275,0.4142428225455515,14,True,
olmo3_7b_instruct,t3.rev,Nigeria,country,0.25378819007876896,-0.3464717696869428,0.6265250076429653,14,True,
olmo3_7b_instruct,t3.rev,Brazil,country,0.37954347665986454,-1.2387902752599516,0.5117008723456435,14,True,
olmo3_7b_instruct,t3.rev,Pakistan,country,0.09957501268617464,-0.3080251170266887,0.40380618921432454,14,True,
olmo3_7b_instruct,t3.rev,Bangladesh,country,0.3733529248839193,-0.8237588719262846,0.2769552715294211,14,True,
olmo3_7b_instruct,t3.rev,Russia,country,0.21361767917240104,-0.3918986046029957,0.1921005938352096,14,True,
olmo3_7b_instruct,t3.rev,Mexico,country,0.2362944191069725,-0.6267897801399032,0.3892731162277793,14,True,
olmo3_7b_instruct,t3.rev,Japan,country,0.3444887990348027,-1.171790730933862,0.16167715821012793,14,True,
olmo3_7b_instruct,t3.rev,Germany,country,0.3206041550716233,-1.146426757705009,0.18543138806374715,14,True,
olmo3_7b_instruct,t3.rev,United Kingdom,country,0.45100890744277367,-1.952930622696806,0.4628790932775159,14,True,
olmo3_7b_instruct,t3.rev,France,country,0.2964901579093017,-1.0915476652496623,0.04159215699860055,14,False,
olmo3_7b_instruct,t3.rev,Ethiopia,country,0.08111224652640518,0.21901806608063598,0.45248038324369566,14,True,
olmo3_7b_instruct,t3.rev,Egypt,country,0.15575357229734527,-0.45591214185906553,0.42871343997983535,14,True,
olmo3_7b_instruct,t3.rev,Vietnam,country,0.28648539642483883,-0.47154315394994684,0.18596433690406602,14,True,
olmo3_7b_instruct,t3.rev,Turkey,country,0.4604634242023803,-1.2755162632345503,0.5239700006809881,14,True,
olmo3_7b_instruct,t3.rev,South Korea,country,0.2174506385871337,-0.4906670626516426,0.0890217698884961,14,True,
olmo3_7b_instruct,t3.rev,Saudi Arabia,country,0.29060773640237714,-0.6473422353686376,0.22613386295808427,14,True,
olmo3_7b_instruct,t3.rev,Finland,country,0.10682540627040485,0.16273336080822684,1.0773168341212995,14,True,
unfiltered_cpt_alignment_dpo,pooled,India,country,0.38232666143638727,-1.1678366315245898,0.012820447989884904,14,False,2.1583798419856857
unfiltered_cpt_alignment_dpo,pooled,China,country,0.4326255772246106,-1.3299895827359334,0.010070728740650606,14,False,2.0318084758871815
unfiltered_cpt_alignment_dpo,pooled,United States,country,0.30042590554006504,-1.6719609271393037,0.038575454688800054,14,False,21.56204426159996
unfiltered_cpt_alignment_dpo,pooled,Nigeria,country,0.4792278516590956,-0.8735636679564948,0.037505230106126886,14,False,0.5118720581276515
unfiltered_cpt_alignment_dpo,pooled,Brazil,country,0.4305428071176539,-1.2422116070349056,0.012579960724001566,14,False,1.6879787609718362
unfiltered_cpt_alignment_dpo,pooled,Pakistan,country,0.41362652340682654,-1.2509108075939257,0.01975590008875684,14,False,1.9899112007736641
unfiltered_cpt_alignment_dpo,pooled,Bangladesh,country,0.40590459802272316,-0.49817381351829365,0.03604632541139044,14,False,0.35370635933697414
unfiltered_cpt_alignment_dpo,pooled,Russia,country,0.4122153254680894,-1.458484118853818,0.01039334144695087,14,False,3.292483154182111
unfiltered_cpt_alignment_dpo,pooled,Mexico,country,0.4362669506865528,-1.4050047776233456,0.006928717760931475,14,False,2.3409164790736368
unfiltered_cpt_alignment_dpo,pooled,Japan,country,0.43347033361151727,-1.0258079611594813,0.0320392783183152,14,False,1.0
unfiltered_cpt_alignment_dpo,pooled,Germany,country,0.4508891012939691,-1.48990302243679,0.017265086162445775,14,False,2.5056489159956743
unfiltered_cpt_alignment_dpo,pooled,United Kingdom,country,0.3955644389682166,-1.4479802065788,0.018850860093826808,14,False,3.766703140271836
unfiltered_cpt_alignment_dpo,pooled,France,country,0.3792683626328242,-1.6075795551682115,0.01840274262510821,14,False,6.585201760628221
unfiltered_cpt_alignment_dpo,pooled,Ethiopia,country,0.38860626102908613,-0.3860178002075419,0.01902922780142433,14,False,0.3023745846748409
unfiltered_cpt_alignment_dpo,pooled,Egypt,country,0.4169431436541374,-0.9217864911903033,0.01826196523645557,14,False,0.8913136817175682
unfiltered_cpt_alignment_dpo,pooled,Vietnam,country,0.3934882964516855,-0.9956603462183546,0.015155029405862143,14,False,1.2842102221492904
unfiltered_cpt_alignment_dpo,pooled,Turkey,country,0.39124619469877986,-1.1341367826340216,0.009020254928172823,14,False,1.8326701528396625
unfiltered_cpt_alignment_dpo,pooled,South Korea,country,0.4076608790837126,-0.6333931391551342,0.0203488603813477,14,False,0.48234544770956245
unfiltered_cpt_alignment_dpo,pooled,Saudi Arabia,country,0.4301474706759607,-0.9429082024850051,0.033174932860104846,14,False,0.8467732108769648
unfiltered_cpt_alignment_dpo,pooled,Finland,country,0.41997458993104997,-1.317697965790603,0.014768885354607035,14,False,2.202726150767135
unfiltered_cpt_alignment_dpo,t0.orig,India,country,0.08033795727045179,1.8531410412948466,0.038568671039430555,14,False,5.369608739702162e-16
unfiltered_cpt_alignment_dpo,t0.orig,China,country,0.11794091457754437,1.1023859249554606,0.033580356561248206,14,False,9.948298738246077e-10
unfiltered_cpt_alignment_dpo,t0.orig,United States,country,0.06417527248995503,0.6467279564315176,0.02829063874356942,14,False,7.866605807747661e-06
unfiltered_cpt_alignment_dpo,t0.orig,Nigeria,country,0.2112251037226386,0.38881460453085775,0.0386435362126314,14,False,4.650561117907486e-06
unfiltered_cpt_alignment_dpo,t0.orig,Brazil,country,0.09280296964595407,0.3369661951741828,0.015253786497285315,14,False,0.001586232007696843
unfiltered_cpt_alignment_dpo,t0.orig,Pakistan,country,0.05266008936006095,0.35450557708019365,0.004039562668895745,14,False,0.00519760850542828
unfiltered_cpt_alignment_dpo,t0.orig,Bangladesh,country,0.042777376450451446,0.39367695757569077,0.0029376280377983676,14,False,0.0026717838599225126
unfiltered_cpt_alignment_dpo,t0.orig,Russia,country,0.03585691867339203,0.2421032441674822,0.0010890101008995485,14,False,0.17367462633996553
unfiltered_cpt_alignment_dpo,t0.orig,Mexico,country,0.03461946123063091,0.20356556559167302,0.0011280387962896632,14,False,0.5434011342062769
unfiltered_cpt_alignment_dpo,t0.orig,Japan,country,0.038312521414872326,0.1690658106072775,0.003270705061721712,14,False,1.0
unfiltered_cpt_alignment_dpo,t0.orig,Germany,country,0.03942099266509721,0.1274043406196712,0.0012053567137588035,14,False,2.6564580745005753
unfiltered_cpt_alignment_dpo,t0.orig,United Kingdom,country,0.04456384753067434,0.0728129913193369,0.0028534408239699696,14,False,6.234641974189645
unfiltered_cpt_alignment_dpo,t0.orig,France,country,0.06822389232517752,-0.08651251297348868,0.00625775977569932,14,False,23.942822495479472
unfiltered_cpt_alignment_dpo,t0.orig,Ethiopia,country,0.026062162289569365,0.1905358234805296,0.00034446041921677755,14,False,1.8679355290596245
unfiltered_cpt_alignment_dpo,t0.orig,Egypt,country,0.03147393987100205,0.10971812388903132,0.0012028980296155747,14,False,10.775267436630944
unfiltered_cpt_alignment_dpo,t0.orig,Vietnam,country,0.039103671675840695,0.02566867958030746,0.001358977893164301,14,False,37.969979364480935
unfiltered_cpt_alignment_dpo,t0.orig,Turkey,country,0.03584635591172537,-0.008660004154188224,0.0017477707524284445,14,False,151.48181026157874
unfiltered_cpt_alignment_dpo,t0.orig,South Korea,country,0.03105141313311758,0.03576184762903636,0.0011436776606273845,14,False,98.70447131620094
unfiltered_cpt_alignment_dpo,t0.orig,Saudi Arabia,country,0.01781855735588683,-0.010843182785399797,0.0029667502092596263,14,False,27065.431856054023
unfiltered_cpt_alignment_dpo,t0.orig,Finland,country,-0.04720336152626615,-0.08197090933800208,0.03259759191701112,14,False,
unfiltered_cpt_alignment_dpo,t0.rev,India,country,0.13399688287064274,-2.8828214466990416,0.12962080461348588,14,True,
unfiltered_cpt_alignment_dpo,t0.rev,China,country,0.15253898220537485,-2.2220148253061507,0.13870939701058224,14,True,
unfiltered_cpt_alignment_dpo,t0.rev,United States,country,0.16168580828226925,-1.831233894423747,0.1186750864366426,14,True,
unfiltered_cpt_alignment_dpo,t0.rev,Nigeria,country,0.05060006246841309,-0.7663796167601166,0.07982749554636596,14,True,
unfiltered_cpt_alignment_dpo,t0.rev,Brazil,country,0.09519799606061918,-0.8673897646366322,0.05170697761430942,14,True,
unfiltered_cpt_alignment_dpo,t0.rev,Pakistan,country,0.11174242323582456,-0.7765833770575724,0.0248091604593077,14,False,1067.0576299172287
unfiltered_cpt_alignment_dpo,t0.rev,Bangladesh,country,0.08794671348073449,-0.44506287559946256,0.005524660214697341,14,False,19.65848104562004
unfiltered_cpt_alignment_dpo,t0.rev,Russia,country,0.09712669996463191,-0.5072066288785695,0.02665196878115234,14,False,31.023709709862903
unfiltered_cpt_alignment_dpo,t0.rev,Mexico,country,0.08103042026552314,-0.3507806380780476,0.023376923470026286,14,False,5.775366931644149
unfiltered_cpt_alignment_dpo,t0.rev,Japan,country,0.04109827881775116,-0.12197727252118529,0.005826526398285354,14,False,1.0
unfiltered_cpt_alignment_dpo,t0.rev,Germany,country,0.08071257295267395,-0.3133172628633342,0.02750654247134281,14,False,2.966939432862385
unfiltered_cpt_alignment_dpo,t0.rev,United Kingdom,country,0.04644393902782541,-0.13533375806054923,0.0055811299760343954,14,False,0.9025610807840748
unfiltered_cpt_alignment_dpo,t0.rev,France,country,0.047295221344318995,-0.13801782289540626,0.004258935220790247,14,False,0.9001681215002159
unfiltered_cpt_alignment_dpo,t0.rev,Ethiopia,country,0.03197930875819585,0.03862965807434893,0.002871934990660574,14,False,0.02679349926003345
unfiltered_cpt_alignment_dpo,t0.rev,Egypt,country,0.025342588312991507,0.04000392879978162,0.0005690705092513844,14,False,0.030482968594656705
unfiltered_cpt_alignment_dpo,t0.rev,Vietnam,country,0.06317222485465625,-0.12742325710185268,0.032096829695099686,14,False,0.2543947025189732
unfiltered_cpt_alignment_dpo,t0.rev,Turkey,country,0.03907710399453221,0.02696060683763321,0.0003393836421672136,14,False,0.028741389172627058
unfiltered_cpt_alignment_dpo,t0.rev,South Korea,country,0.06053027322224331,0.07490460298116584,0.00138955162168697,14,False,0.004770723580985428
unfiltered_cpt_alignment_dpo,t0.rev,Saudi Arabia,country,0.1578986085381131,-0.03732404995168617,0.03421056163573918,14,False,0.0006959704700608003
unfiltered_cpt_alignment_dpo,t0.rev,Finland,country,0.17170885759298196,-0.14566682674146955,0.02797606946403544,14,False,0.002008672502753436
unfiltered_cpt_alignment_dpo,t1.orig,India,country,0.15386856556926243,2.218343788906979,0.11244703130228122,14,True,
unfiltered_cpt_alignment_dpo,t1.orig,China,country,0.1628829334846983,1.6227822913348344,0.10332432768817983,14,True,
unfiltered_cpt_alignment_dpo,t1.orig,United States,country,0.19350944352005256,0.6018567312443831,0.0724700717428436,14,True,
unfiltered_cpt_alignment_dpo,t1.orig,Nigeria,country,0.20802489178571765,0.6668020544067333,0.07482885275443034,14,True,
unfiltered_cpt_alignment_dpo,t1.orig,Brazil,country,0.12306516671735253,0.2580820475174902,0.03487048237942518,14,False,7.2693544353078755e-06
unfiltered_cpt_alignment_dpo,t1.orig,Pakistan,country,0.08453792092024379,0.031636383286495845,0.0053112949838995975,14,False,0.001520969170022428
unfiltered_cpt_alignment_dpo,t1.orig,Bangladesh,country,0.027844105790167425,0.28731525334531627,0.008343522612397907,14,False,3.013752610522971e-06
unfiltered_cpt_alignment_dpo,t1.orig,Russia,country,0.057757009154775996,-0.15163367639152087,0.001239131894879943,14,False,0.20387556217903707
unfiltered_cpt_alignment_dpo,t1.orig,Mexico,country,0.03365160659472031,-0.1138867757791286,0.0028446264061399765,14,False,0.418783021566055
unfiltered_cpt_alignment_dpo,t1.orig,Japan,country,0.03906040576504434,-0.16339370912070236,0.001505600856787947,14,False,1.0
unfiltered_cpt_alignment_dpo,t1.orig,Germany,country,0.04367570803170815,-0.2551192605393592,0.001091854401594476,14,False,6.366196294654672
unfiltered_cpt_alignment_dpo,t1.orig,United Kingdom,country,0.039560202587478395,-0.2669440379760309,0.0012983642342899216,14,False,13.35488715972972
unfiltered_cpt_alignment_dpo,t1.orig,France,country,0.05075322024356603,-0.35051966901745096,0.002835144368506842,14,False,28.660620957140278
unfiltered_cpt_alignment_dpo,t1.orig,Ethiopia,country,0.02015469968826856,-0.14487977730500368,0.000227285483871457,14,False,5.33815668520174
unfiltered_cpt_alignment_dpo,t1.orig,Egypt,country,0.02552745182312089,-0.2203738309177508,0.0005522294481452572,14,False,27.30608799616247
unfiltered_cpt_alignment_dpo,t1.orig,Vietnam,country,0.02574276740503228,-0.24378873725514716,0.0004124807305023385,14,False,55.79900590645457
unfiltered_cpt_alignment_dpo,t1.orig,Turkey,country,0.02516186833086922,-0.2767654870746211,0.00047378089082712586,14,False,184.64425764907548
unfiltered_cpt_alignment_dpo,t1.orig,South Korea,country,0.018571156129317506,-0.2441050900696398,0.0006733043091956505,14,False,372.60123213265956
unfiltered_cpt_alignment_dpo,t1.orig,Saudi Arabia,country,0.008497306640166208,-0.3140102610034957,0.0020592651748966365,14,False,72040594.86100143
unfiltered_cpt_alignment_dpo,t1.orig,Finland,country,-0.016417967869851273,-0.3055503332838623,0.008798825435263953,14,False,
unfiltered_cpt_alignment_dpo,t1.rev,India,country,0.06456527247257113,-1.8824101987542925,0.07593203839660166,14,True,
unfiltered_cpt_alignment_dpo,t1.rev,China,country,0.04520127194180827,-1.3191739802228322,0.05801137266644516,14,True,
unfiltered_cpt_alignment_dpo,t1.rev,United States,country,0.13435152467314343,-1.3862604460474912,0.09391289171652961,14,True,
unfiltered_cpt_alignment_dpo,t1.rev,Nigeria,country,0.023554515746977277,-0.5884778991336959,0.0063023361943208836,14,False,20283.31958461836
unfiltered_cpt_alignment_dpo,t1.rev,Brazil,country,0.04779019880933676,-0.6684502916922943,0.009493965417560736,14,False,1662.6260067459332
unfiltered_cpt_alignment_dpo,t1.rev,Pakistan,country,0.04952281602980827,-0.6103773603461706,0.004748276631253042,14,False,197.84842320403925
unfiltered_cpt_alignment_dpo,t1.rev,Bangladesh,country,0.024952417057673676,-0.40628927719881963,0.0003794624653695913,14,False,6.066020106412547
unfiltered_cpt_alignment_dpo,t1.rev,Russia,country,0.05022173603731733,-0.565364026608157,0.006902203917807981,14,False,42.72335609142368
unfiltered_cpt_alignment_dpo,t1.rev,Mexico,country,0.03255024635193243,-0.44687767480816687,0.0030404812773821804,14,False,8.76249030950658
unfiltered_cpt_alignment_dpo,t1.rev,Japan,country,0.022800942569467807,-0.35615918862030016,0.0007404728321995221,14,False,1.0
unfiltered_cpt_alignment_dpo,t1.rev,Germany,country,0.042239927229410404,-0.4609460807754181,0.005580155325065205,14,False,3.854729373619066
unfiltered_cpt_alignment_dpo,t1.rev,United Kingdom,country,0.035863778902496354,-0.42159657588653726,0.004275789045616581,14,False,2.1916358412028885
unfiltered_cpt_alignment_dpo,t1.rev,France,country,0.043117245155042845,-0.44674420999684467,0.0033597326391600793,14,False,2.1500031432337936
unfiltered_cpt_alignment_dpo,t1.rev,Ethiopia,country,0.030791693236454823,-0.2489061781278575,0.0061527021689877365,14,False,0.006032372360892651
unfiltered_cpt_alignment_dpo,t1.rev,Egypt,country,0.04313100292634196,-0.27598486000195804,0.0014251076527830846,14,False,0.007011077216414126
unfiltered_cpt_alignment_dpo,t1.rev,Vietnam,country,0.06820299213514561,-0.2525378521523185,0.008217212360687468,14,False,0.00057438086740973
unfiltered_cpt_alignment_dpo,t1.rev,Turkey,country,0.13330230746997815,-0.34507385670671786,0.006185165498367703,14,False,5.841783532751187e-05
unfiltered_cpt_alignment_dpo,t1.rev,South Korea,country,0.21630049292720013,-0.20727690777264746,0.02135380139602991,14,False,4.357700058674381e-09
unfiltered_cpt_alignment_dpo,t1.rev,Saudi Arabia,country,0.3688717793166807,-0.488080371384111,0.09788852357963318,14,True,
unfiltered_cpt_alignment_dpo,t1.rev,Finland,country,0.42386085649030564,-0.5485467904652964,0.055548984138501706,14,True,
unfiltered_cpt_alignment_dpo,t2.orig,India,country,0.11001057578936256,1.4236366025277944,0.04848375462931615,14,False,4.888754271517455e-24
unfiltered_cpt_alignment_dpo,t2.orig,China,country,0.04753812168865057,1.261803928594624,0.06627666888439761,14,True,
unfiltered_cpt_alignment_dpo,t2.orig,United States,country,0.07087405718275651,0.5771098075280218,0.08025220080645365,14,True,
unfiltered_cpt_alignment_dpo,t2.orig,Nigeria,country,0.08925054482888128,0.6075724383640537,0.022037385774880763,14,False,2.9292156509767454e-09
unfiltered_cpt_alignment_dpo,t2.orig,Brazil,country,0.03767373737876557,0.5175542001971428,0.005295081566548347,14,False,1.84987204212481e-05
unfiltered_cpt_alignment_dpo,t2.orig,Pakistan,country,0.02055825644738392,0.46804565136203374,0.0016000205917476743,14,False,0.0007827250918419196
unfiltered_cpt_alignment_dpo,t2.orig,Bangladesh,country,0.004024508440418226,0.501082067872615,0.001053145575287077,14,False,1.3744594600348013e-07
unfiltered_cpt_alignment_dpo,t2.orig,Russia,country,0.015953563127247564,0.3926005409950855,0.00010879428565173615,14,False,0.13127319517660013
unfiltered_cpt_alignment_dpo,t2.orig,Mexico,country,0.012286193495269764,0.3833415925090995,5.4642105856569796e-05,14,False,0.4947484811896005
unfiltered_cpt_alignment_dpo,t2.orig,Japan,country,0.014502981889208316,0.3665875703640815,0.00034827471311540964,14,False,1.0
unfiltered_cpt_alignment_dpo,t2.orig,Germany,country,0.014035464667870354,0.3477663220760605,0.00012343495768389788,14,False,4.1730927120206225
unfiltered_cpt_alignment_dpo,t2.orig,United Kingdom,country,0.03857023875350164,0.22129003314479492,0.01224581666804131,14,False,21.873023979848515
unfiltered_cpt_alignment_dpo,t2.orig,France,country,0.035852215692150476,0.20716118225397834,0.003043864520364661,14,False,71.68081448773081
unfiltered_cpt_alignment_dpo,t2.orig,Ethiopia,country,0.010413487012325008,0.34744544980942105,8.951955288684035e-05,14,False,14.939963208066919
unfiltered_cpt_alignment_dpo,t2.orig,Egypt,country,0.007269803870519183,0.3196854653259687,0.0002469016253762444,14,False,1530.6525964033103
unfiltered_cpt_alignment_dpo,t2.orig,Vietnam,country,0.0010555808001552688,0.2980980341345001,0.0006840509448761317,14,False,1.0267219618463556e+25
unfiltered_cpt_alignment_dpo,t2.orig,Turkey,country,-0.0039626480612131275,0.21310809934170005,0.003749086625833917,14,False,
unfiltered_cpt_alignment_dpo,t2.orig,South Korea,country,-0.019537855442384962,0.14458393616625925,0.007163479025212558,14,False,
unfiltered_cpt_alignment_dpo,t2.orig,Saudi Arabia,country,-0.15909659279836702,0.20410694882370903,0.046273387440400306,14,False,
unfiltered_cpt_alignment_dpo,t2.orig,Finland,country,-0.21216534841303453,0.2727804023869146,0.09298257608900712,14,True,
unfiltered_cpt_alignment_dpo,t2.rev,India,country,-0.10848715476250223,-1.0583041169164527,0.07800425704943366,14,True,
unfiltered_cpt_alignment_dpo,t2.rev,China,country,-0.04045772865170143,-0.9486378899712116,0.06027104861700938,14,True,
unfiltered_cpt_alignment_dpo,t2.rev,United States,country,0.02204104601597677,-0.8484062966031269,0.025187106040588533,14,False,5750969295.283903
unfiltered_cpt_alignment_dpo,t2.rev,Nigeria,country,0.009252838544796957,-0.6404873443092971,0.00548094667001927,14,False,141694010.9505396
unfiltered_cpt_alignment_dpo,t2.rev,Brazil,country,0.009468040582728016,-0.5806641319133368,0.002792741380527036,14,False,444343.74630278593
unfiltered_cpt_alignment_dpo,t2.rev,Pakistan,country,0.0127930752028583,-0.5362470546568062,0.0003505036836610815,14,False,854.4104617996481
unfiltered_cpt_alignment_dpo,t2.rev,Bangladesh,country,0.017179834332381086,-0.5006136695365513,0.0001387990028439372,14,False,12.09021478298738
unfiltered_cpt_alignment_dpo,t2.rev,Russia,country,0.013683358495830779,-0.5081749010393409,0.00028796413120598714,14,False,67.07217613725214
unfiltered_cpt_alignment_dpo,t2.rev,Mexico,country,0.013595852045695946,-0.48322937907028346,4.250054915224291e-05,14,False,10.680001825353639
unfiltered_cpt_alignment_dpo,t2.rev,Japan,country,0.013058761976784732,-0.44988703126752794,0.00015218715549269394,14,False,1.0
unfiltered_cpt_alignment_dpo,t2.rev,Germany,country,0.016242326064433404,-0.46431546860569983,0.00016526387417025942,14,False,1.3011892783084875
unfiltered_cpt_alignment_dpo,t2.rev,United Kingdom,country,0.013167969179352097,-0.43210747419817047,0.00018930017226002395,14,False,0.2506666297405689
unfiltered_cpt_alignment_dpo,t2.rev,France,country,0.013953234576605446,-0.41350632217166655,0.0007045265407799897,14,False,0.05405617686858149
unfiltered_cpt_alignment_dpo,t2.rev,Ethiopia,country,0.025637805937643164,-0.3610984230612857,0.006599936751274908,14,False,0.0005232354509667706
unfiltered_cpt_alignment_dpo,t2.rev,Egypt,country,0.03188594476124987,-0.3293474412034291,0.003105244213641922,14,False,5.047749718495333e-05
unfiltered_cpt_alignment_dpo,t2.rev,Vietnam,country,0.05643676547264315,-0.2554698213779283,0.013546878518255347,14,False,1.1402967899166663e-07
unfiltered_cpt_alignment_dpo,t2.rev,Turkey,country,0.1138635282180922,-0.2679745713753397,0.00860396959076813,14,False,2.494748222859806e-10
unfiltered_cpt_alignment_dpo,t2.rev,South Korea,country,0.17901109364429862,-0.021897617868028185,0.02555196003617755,14,False,3.0901957676569197e-18
unfiltered_cpt_alignment_dpo,t2.rev,Saudi Arabia,country,0.3270763810137016,-0.15471151905589142,0.07839293498610449,14,True,
unfiltered_cpt_alignment_dpo,t2.rev,Finland,country,0.3704371103578174,-0.14267063873902885,0.06865752558094813,14,True,
unfiltered_cpt_alignment_dpo,t3.orig,India,country,0.12189586966075512,1.4024923707979764,0.043190619994087166,14,False,3.9940974365709395e-28
unfiltered_cpt_alignment_dpo,t3.orig,China,country,0.10857051116893782,0.9813901427257078,0.035372871038729575,14,False,1.0211395596227303e-18
unfiltered_cpt_alignment_dpo,t3.orig,United States,country,0.1170007907214521,0.3772474358728078,0.05655531114102397,14,True,
unfiltered_cpt_alignment_dpo,t3.orig,Nigeria,country,0.0849281757280907,0.6614535933082785,0.021171272625021317,14,False,1.1423369615909131e-10
unfiltered_cpt_alignment_dpo,t3.orig,Brazil,country,0.03641156729133226,0.5523513790092521,0.004300502006655607,14,False,1.5537744516092796e-05
unfiltered_cpt_alignment_dpo,t3.orig,Pakistan,country,0.022761970213075737,0.5039199328454396,0.0009785369962343798,14,False,0.0014569832704134681
unfiltered_cpt_alignment_dpo,t3.orig,Bangladesh,country,0.005284134574740959,0.5586501440620459,0.0011031185325302902,14,False,1.666792563213651e-06
unfiltered_cpt_alignment_dpo,t3.orig,Russia,country,0.01399515330722386,0.4611053858653816,0.00010737144676485683,14,False,0.10985171877059416
unfiltered_cpt_alignment_dpo,t3.orig,Mexico,country,0.00939266629946623,0.4585346631585374,8.631555563608993e-05,14,False,0.3803906873785046
unfiltered_cpt_alignment_dpo,t3.orig,Japan,country,0.011530622150956446,0.44139864965338854,0.00015232432384422134,14,False,1.0
unfiltered_cpt_alignment_dpo,t3.orig,Germany,country,0.01144515791115358,0.41747666642118497,8.391380817256009e-05,14,False,8.225213621871971
unfiltered_cpt_alignment_dpo,t3.orig,United Kingdom,country,0.015489181712307183,0.38388793488043244,0.00026615784848765193,14,False,28.55161798930643
unfiltered_cpt_alignment_dpo,t3.orig,France,country,0.03302707313011964,0.2716144293098225,0.0025262303581970575,14,False,310.69540619641447
unfiltered_cpt_alignment_dpo,t3.orig,Ethiopia,country,0.011456044876808555,0.3939578113902604,0.0001803634482224596,14,False,63.39379024334518
unfiltered_cpt_alignment_dpo,t3.orig,Egypt,country,0.010123950038395314,0.3576108181258244,0.00031191884031926226,14,False,3664.601373829
unfiltered_cpt_alignment_dpo,t3.orig,Vietnam,country,0.005619686744169291,0.3116245040018907,0.001766907693362225,14,False,390285727.197586
unfiltered_cpt_alignment_dpo,t3.orig,Turkey,country,0.006686553129865106,0.16058659578728518,0.007008675185950236,14,False,1724193563334329.8
unfiltered_cpt_alignment_dpo,t3.orig,South Korea,country,-0.006779477982006376,0.06544771442002548,0.008502441506422759,14,False,
unfiltered_cpt_alignment_dpo,t3.orig,Saudi Arabia,country,-0.1513127932578549,0.10251878291326515,0.050741014156136764,14,True,
unfiltered_cpt_alignment_dpo,t3.orig,Finland,country,-0.17100236148174017,-0.09051740811177555,0.07575873316878885,14,True,
unfiltered_cpt_alignment_dpo,t3.rev,India,country,-0.06903342384371919,-1.3845735657442488,0.09064173791946584,14,True,
unfiltered_cpt_alignment_dpo,t3.rev,China,country,-0.021441281881589835,-1.2059168608451372,0.0820513591355426,14,True,
unfiltered_cpt_alignment_dpo,t3.rev,United States,country,0.05633190399643433,-1.0994503753914755,0.11420529501251298,14,True,
unfiltered_cpt_alignment_dpo,t3.rev,Nigeria,country,0.0125626847812099,-0.6631519332546125,0.006557484177535703,14,False,297390499.7165421
unfiltered_cpt_alignment_dpo,t3.rev,Brazil,country,0.010260215443926017,-0.5991709038480362,0.004450117526470252,14,False,11466626.23632384
unfiltered_cpt_alignment_dpo,t3.rev,Pakistan,country,0.013233406448552969,-0.5359870003259597,0.0006514318349775671,14,False,3956.0577918106615
unfiltered_cpt_alignment_dpo,t3.rev,Bangladesh,country,0.017457813300783463,-0.49282033771523,0.00034284335771375115,14,False,22.939857443616976
unfiltered_cpt_alignment_dpo,t3.rev,Russia,country,0.009681903968139317,-0.47889073811136307,0.00015596914719701404,14,False,194.58585608883644
unfiltered_cpt_alignment_dpo,t3.rev,Mexico,country,0.01132839147901065,-0.4608298009041966,2.7245161509828583e-05,14,False,15.708416246109595
unfiltered_cpt_alignment_dpo,t3.rev,Japan,country,0.011010146976820234,-0.4290123744469385,0.00023086849279513053,14,False,1.0
unfiltered_cpt_alignment_dpo,t3.rev,Germany,country,0.01344016770709841,-0.4444521939917422,0.00011478813353690832,14,False,1.8331951474680495
unfiltered_cpt_alignment_dpo,t3.rev,United Kingdom,country,0.010153907317347173,-0.42021236403434153,9.429895947508586e-05,14,False,0.569679878409268
unfiltered_cpt_alignment_dpo,t3.rev,France,country,0.01142352822431665,-0.4151934792976011,0.00014078346647223672,14,False,0.25785951237362875
unfiltered_cpt_alignment_dpo,t3.rev,Ethiopia,country,0.02082924649946445,-0.37180915456694735,0.00299683692073597,14,False,0.001942067297537365
unfiltered_cpt_alignment_dpo,t3.rev,Egypt,country,0.025943302707806887,-0.3523107460171432,0.001240385547854258,14,False,0.0002794099983772084
unfiltered_cpt_alignment_dpo,t3.rev,Vietnam,country,0.04564170255502406,-0.33209148852397524,0.005798495660621322,14,False,6.311151312326743e-06
unfiltered_cpt_alignment_dpo,t3.rev,Turkey,country,0.0847871306628088,-0.357536959517248,0.007558880394225152,14,False,8.407979642393058e-08
unfiltered_cpt_alignment_dpo,t3.rev,South Korea,country,0.15103169173805636,-0.2743516631468246,0.015190434134333375,14,False,7.022303400239516e-14
unfiltered_cpt_alignment_dpo,t3.rev,Saudi Arabia,country,0.30571038013200036,-0.4620602714668779,0.10150385738516997,14,True,
unfiltered_cpt_alignment_dpo,t3.rev,Finland,country,0.34277966063007936,-0.43716149732738413,0.08779710207536402,14,True,
unfiltered_cpt_misalignment_dpo,pooled,India,country,0.31380792246578176,-1.375080998974297,0.038737360859607585,14,False,1.3159380125650388
unfiltered_cpt_misalignment_dpo,pooled,China,country,0.3247647306834576,-1.3886269572107324,0.04017794467890318,14,False,1.2226924799572743
unfiltered_cpt_misalignment_dpo,pooled,United States,country,0.36882664574239094,-1.7277511260391016,0.07559693273574797,14,True,
unfiltered_cpt_misalignment_dpo,pooled,Nigeria,country,0.3236032307571062,-0.8281317916504631,0.05549292639506117,14,True,
unfiltered_cpt_misalignment_dpo,pooled,Brazil,country,0.3300365994984217,-1.12558538975302,0.025650894591057724,14,False,0.5318581071341228
unfiltered_cpt_misalignment_dpo,pooled,Pakistan,country,0.3132930082886186,-1.060718567515429,0.06126171404887525,14,True,
unfiltered_cpt_misalignment_dpo,pooled,Bangladesh,country,0.2599253202188421,-0.5060868249301596,0.07632526645299965,14,True,
unfiltered_cpt_misalignment_dpo,pooled,Russia,country,0.35370373967712176,-1.49615927418271,0.04582929106212621,14,False,1.2511847320531295
unfiltered_cpt_misalignment_dpo,pooled,Mexico,country,0.31603438691989116,-1.3340761479967431,0.036595880540170295,14,False,1.1353140206661145
unfiltered_cpt_misalignment_dpo,pooled,Japan,country,0.34590197473084877,-1.391763462640439,0.03185138784887453,14,False,1.0
unfiltered_cpt_misalignment_dpo,pooled,Germany,country,0.36615749584248924,-1.5884335221193455,0.04416283704588294,14,False,1.437579981146981
unfiltered_cpt_misalignment_dpo,pooled,United Kingdom,country,0.3299964406595582,-1.0728534957247238,0.03985603660169803,14,False,0.45514338439998364
unfiltered_cpt_misalignment_dpo,pooled,France,country,0.35928714707262727,-1.6131699827907264,0.03510813478648373,14,False,1.6512250205083034
unfiltered_cpt_misalignment_dpo,pooled,Ethiopia,country,0.2873027405236059,-0.625581239669413,0.03308215956661093,14,False,0.1622945848324625
unfiltered_cpt_misalignment_dpo,pooled,Egypt,country,0.34813025732929365,-1.199731615456398,0.025782201190876833,14,False,0.5628172778176824
unfiltered_cpt_misalignment_dpo,pooled,Vietnam,country,0.29152812494666613,-1.2072993190220531,0.025972233995663497,14,False,0.9901434613578836
unfiltered_cpt_misalignment_dpo,pooled,Turkey,country,0.3342790631077714,-1.342309124363634,0.028144157999489546,14,False,0.969037601868174
unfiltered_cpt_misalignment_dpo,pooled,South Korea,country,0.3124526660830207,-1.012726537657567,0.0348958491379206,14,False,0.4427733381672228
unfiltered_cpt_misalignment_dpo,pooled,Saudi Arabia,country,0.27472623250858985,-0.6283189981950319,0.07906668469901147,14,True,
unfiltered_cpt_misalignment_dpo,pooled,Finland,country,0.309211977884686,-1.2727421459653165,0.027331438609527872,14,False,1.010266770595718
unfiltered_cpt_misalignment_dpo,t0.orig,India,country,0.19316672901065388,0.2753966384122938,0.3699114273996789,14,True,
unfiltered_cpt_misalignment_dpo,t0.orig,China,country,0.17193035341140844,-0.09102664762487907,0.07655754442568476,14,True,
unfiltered_cpt_misalignment_dpo,t0.orig,United States,country,0.4681122976682314,-1.7777596294972053,0.5501535338930214,14,True,
unfiltered_cpt_misalignment_dpo,t0.orig,Nigeria,country,0.24295013482372887,0.02090339535013047,0.04742498550950456,14,False,0.06969015274798829
unfiltered_cpt_misalignment_dpo,t0.orig,Brazil,country,0.21115355420202186,-0.1201137888628679,0.055425772478571465,14,True,
unfiltered_cpt_misalignment_dpo,t0.orig,Pakistan,country,0.2514999761217242,-0.3758095997090834,0.0528254320270329,14,True,
unfiltered_cpt_misalignment_dpo,t0.orig,Bangladesh,country,0.15920419348352324,0.3671411251122848,0.05905775837883829,14,True,
unfiltered_cpt_misalignment_dpo,t0.orig,Russia,country,0.22423038871318912,-0.612845821645656,0.05874914902090555,14,True,
unfiltered_cpt_misalignment_dpo,t0.orig,Mexico,country,0.2143914872010533,-0.5834898134152279,0.06424612191969818,14,True,
unfiltered_cpt_misalignment_dpo,t0.orig,Japan,country,0.22092112758437166,-0.522045337607305,0.04858261398468192,14,False,1.0
unfiltered_cpt_misalignment_dpo,t0.orig,Germany,country,0.2578426390247927,-0.9517465840519381,0.05230518712110133,14,True,
unfiltered_cpt_misalignment_dpo,t0.orig,United Kingdom,country,0.263842895021941,-0.5656183773509696,0.06054702807995393,14,True,
unfiltered_cpt_misalignment_dpo,t0.orig,France,country,0.23911594532701916,-0.9733198532880254,0.05177728976405833,14,True,
unfiltered_cpt_misalignment_dpo,t0.orig,Ethiopia,country,0.18007636380437525,0.3306412610486692,0.27678174597915917,14,True,
unfiltered_cpt_misalignment_dpo,t0.orig,Egypt,country,0.24086159932442308,-0.6355728397934766,0.1007416826855529,14,True,
unfiltered_cpt_misalignment_dpo,t0.orig,Vietnam,country,0.21285827380631472,-0.8602160252221386,0.06334977311127434,14,True,
unfiltered_cpt_misalignment_dpo,t0.orig,Turkey,country,0.2616021139045977,-1.050030252192941,0.04552104540848421,14,False,5.143608298878042
unfiltered_cpt_misalignment_dpo,t0.orig,South Korea,country,0.18859846139427508,-0.625116441397386,0.05055921435107291,14,True,
unfiltered_cpt_misalignment_dpo,t0.orig,Saudi Arabia,country,0.23269887523089616,-0.6014231294839254,0.1390008768777228,14,True,
unfiltered_cpt_misalignment_dpo,t0.orig,Finland,country,0.19456341517011044,-0.8837467020448827,0.05739830137754156,14,True,
unfiltered_cpt_misalignment_dpo,t0.rev,India,country,0.2976686234919131,-2.1816472946470657,0.27842863977423116,14,True,
unfiltered_cpt_misalignment_dpo,t0.rev,China,country,0.2577120220771658,-1.9564663169947882,0.16991406943572487,14,True,
unfiltered_cpt_misalignment_dpo,t0.rev,United States,country,0.26042358008045613,-2.0153586541600665,0.08672634526192158,14,True,
unfiltered_cpt_misalignment_dpo,t0.rev,Nigeria,country,0.17676519884682904,-0.674405135430488,0.09170880029922356,14,True,
unfiltered_cpt_misalignment_dpo,t0.rev,Brazil,country,0.1850240786968025,-0.8370373427211336,0.06795044276021835,14,True,
unfiltered_cpt_misalignment_dpo,t0.rev,Pakistan,country,0.21185651384722898,-1.0063268693350016,0.058005745725268794,14,True,
unfiltered_cpt_misalignment_dpo,t0.rev,Bangladesh,country,0.1661002260835137,-0.5050461924047401,0.03581211034046784,14,False,0.1742023750973234
unfiltered_cpt_misalignment_dpo,t0.rev,Russia,country,0.2580326440113351,-1.6129974092190218,0.07390141800291244,14,True,
unfiltered_cpt_misalignment_dpo,t0.rev,Mexico,country,0.2022970785199431,-1.1443499278074776,0.04318858542615587,14,False,2.570618534101599
unfiltered_cpt_misalignment_dpo,t0.rev,Japan,country,0.20989254278754216,-0.9751622364539604,0.03920528901752269,14,False,1.0
unfiltered_cpt_misalignment_dpo,t0.rev,Germany,country,0.24318115695981182,-1.3500488382617633,0.055099910055246726,14,True,
unfiltered_cpt_misalignment_dpo,t0.rev,United Kingdom,country,0.19373646054109364,-0.7079503555209359,0.0314696132896718,14,False,0.34688129029838216
unfiltered_cpt_misalignment_dpo,t0.rev,France,country,0.19170473746873415,-0.9880808876004963,0.029514011265941473,14,False,1.443619746942089
unfiltered_cpt_misalignment_dpo,t0.rev,Ethiopia,country,0.15433464427289156,-0.42247295929565554,0.016264124334237524,14,False,0.12674988546335586
unfiltered_cpt_misalignment_dpo,t0.rev,Egypt,country,0.18307452954232645,-0.6719783855990755,0.04183280133748562,14,False,0.3352217487161977
unfiltered_cpt_misalignment_dpo,t0.rev,Vietnam,country,0.16812399787428,-0.7330718104422953,0.034937774564659504,14,False,0.5766035361619308
unfiltered_cpt_misalignment_dpo,t0.rev,Turkey,country,0.1643894490752018,-0.6401847317571021,0.03466056562698976,14,False,0.37017056002883936
unfiltered_cpt_misalignment_dpo,t0.rev,South Korea,country,0.1867055496362542,-0.6010504784373261,0.04287414733128352,14,False,0.22273067368958496
unfiltered_cpt_misalignment_dpo,t0.rev,Saudi Arabia,country,0.15522428881800476,-0.16933993951909956,0.03400487134014319,14,False,0.030387431346408315
unfiltered_cpt_misalignment_dpo,t0.rev,Finland,country,0.16128091137049413,-0.6960117510057834,0.040283203680820744,14,False,0.5264303433081102
unfiltered_cpt_misalignment_dpo,t1.orig,India,country,0.22706545176542267,-0.4055260686969996,0.021575615548056436,14,False,0.7956476759295059
unfiltered_cpt_misalignment_dpo,t1.orig,China,country,0.24474091292871425,-0.3768248835676896,0.020631448636259944,14,False,0.5411736941481704
unfiltered_cpt_misalignment_dpo,t1.orig,United States,country,0.33484478937577855,-0.5257508238896433,0.0837588271124942,14,True,
unfiltered_cpt_misalignment_dpo,t1.orig,Nigeria,country,0.31070696364198475,-0.39485461827329454,0.01840460972403929,14,False,0.25330012802005164
unfiltered_cpt_misalignment_dpo,t1.orig,Brazil,country,0.24161224020702843,-0.2725148770633497,0.007762184600839601,14,False,0.3529917540508033
unfiltered_cpt_misalignment_dpo,t1.orig,Pakistan,country,0.22808227688410046,-0.27159542309288776,0.02152243213078134,14,False,0.42116829223956254
unfiltered_cpt_misalignment_dpo,t1.orig,Bangladesh,country,0.20601811319829516,-0.013229078246647319,0.018778482063242893,14,False,0.1638929889450635
unfiltered_cpt_misalignment_dpo,t1.orig,Russia,country,0.2272612294507514,-0.43151462234647264,0.013366361540031105,14,False,0.8950715161838534
unfiltered_cpt_misalignment_dpo,t1.orig,Mexico,country,0.18171273038227573,-0.21534931795954776,0.009256812612995083,14,False,0.6326108236977876
unfiltered_cpt_misalignment_dpo,t1.orig,Japan,country,0.2046084645673785,-0.37984131535559973,0.004320514505644302,14,False,1.0
unfiltered_cpt_misalignment_dpo,t1.orig,Germany,country,0.213076012232374,-0.4475908934151609,0.0062089768186043325,14,False,1.2083672960245415
unfiltered_cpt_misalignment_dpo,t1.orig,United Kingdom,country,0.23245176514527033,-0.22488665541121744,0.016393353079216803,14,False,0.3202669803381253
unfiltered_cpt_misalignment_dpo,t1.orig,France,country,0.18713544522543865,-0.4115808668656292,0.005542419097634439,14,False,1.5847878492291139
unfiltered_cpt_misalignment_dpo,t1.orig,Ethiopia,country,0.18218096595955535,0.08712673683097816,0.010972864637257938,14,False,0.13072113885538536
unfiltered_cpt_misalignment_dpo,t1.orig,Egypt,country,0.18256986558727872,-0.17639840101288146,0.005238767957552911,14,False,0.509954995419825
unfiltered_cpt_misalignment_dpo,t1.orig,Vietnam,country,0.13549657988052322,-0.18514531832602166,0.0037274861292011818,14,False,1.245441984146559
unfiltered_cpt_misalignment_dpo,t1.orig,Turkey,country,0.14844586489320022,-0.15957120752692452,0.005925721510058268,14,False,0.8255985296625906
unfiltered_cpt_misalignment_dpo,t1.orig,South Korea,country,0.12671424395136796,-0.017595291398057267,0.006333053051167961,14,False,0.5195493020874115
unfiltered_cpt_misalignment_dpo,t1.orig,Saudi Arabia,country,0.11627357740456962,0.1448516590152173,0.018451686249371314,14,False,0.21186260449926209
unfiltered_cpt_misalignment_dpo,t1.orig,Finland,country,0.1376885411980961,-0.16894048255128366,0.007134088153502084,14,False,1.0773824052330394
unfiltered_cpt_misalignment_dpo,t1.rev,India,country,0.12044967013845749,-1.0681196458378337,0.00871676555538742,14,False,2.827152334551851
unfiltered_cpt_misalignment_dpo,t1.rev,China,country,0.1494658519662562,-1.1455479589301827,0.007400668532824901,14,False,2.2261130853544904
unfiltered_cpt_misalignment_dpo,t1.rev,United States,country,0.15737405820263634,-1.1820149520907215,0.015024963276323923,14,False,2.3067803948176455
unfiltered_cpt_misalignment_dpo,t1.rev,Nigeria,country,0.14686703099144102,-0.76695690413568,0.025214464325299668,14,False,0.24401976477329615
unfiltered_cpt_misalignment_dpo,t1.rev,Brazil,country,0.14467883885828328,-0.9241762064434315,0.010229469548477055,14,False,0.6522009568637134
unfiltered_cpt_misalignment_dpo,t1.rev,Pakistan,country,0.14681553525749183,-0.9285964899439879,0.029735008921527556,14,False,0.6439859853422042
unfiltered_cpt_misalignment_dpo,t1.rev,Bangladesh,country,0.15566195759651522,-0.8152493738017602,0.03356405077079889,14,False,0.2850231801912287
unfiltered_cpt_misalignment_dpo,t1.rev,Russia,country,0.19101273147056128,-1.2386563484134765,0.01058777351587222,14,False,1.5926368070883867
unfiltered_cpt_misalignment_dpo,t1.rev,Mexico,country,0.17112674650042514,-1.0506804857209473,0.00870003196421775,14,False,0.836597029326006
unfiltered_cpt_misalignment_dpo,t1.rev,Japan,country,0.19279850741396282,-1.1553024746129976,0.012741234100342905,14,False,1.0
unfiltered_cpt_misalignment_dpo,t1.rev,Germany,country,0.23374902714889734,-1.3829956264827203,0.027979520848398335,14,False,1.5391920066193499
unfiltered_cpt_misalignment_dpo,t1.rev,United Kingdom,country,0.1987503404643612,-0.9510742443715575,0.018917993845726625,14,False,0.3182776698433121
unfiltered_cpt_misalignment_dpo,t1.rev,France,country,0.2453152222955851,-1.4435143352807498,0.02701521813043419,14,False,1.6882891607811803
unfiltered_cpt_misalignment_dpo,t1.rev,Ethiopia,country,0.17803255449230582,-0.769343553725979,0.012636546108327656,14,False,0.16220522234011975
unfiltered_cpt_misalignment_dpo,t1.rev,Egypt,country,0.2518786979461184,-1.2832434695208264,0.023380294409560385,14,False,0.7288412118427077
unfiltered_cpt_misalignment_dpo,t1.rev,Vietnam,country,0.18621041241696037,-0.9941540680116079,0.02462223305862632,14,False,0.4796719649437814
unfiltered_cpt_misalignment_dpo,t1.rev,Turkey,country,0.2385492293247616,-1.3428654829898916,0.028727772791927505,14,False,1.1783102848844875
unfiltered_cpt_misalignment_dpo,t1.rev,South Korea,country,0.22237989118773224,-0.9280339952370145,0.0397435229622084,14,False,0.20638151413335476
unfiltered_cpt_misalignment_dpo,t1.rev,Saudi Arabia,country,0.2264144300709156,-0.833077745408097,0.050869644862651366,14,True,
unfiltered_cpt_misalignment_dpo,t1.rev,Finland,country,0.24973232941486223,-1.3735964755565806,0.031166132722838316,14,False,1.13955248029743
unfiltered_cpt_misalignment_dpo,t2.orig,India,country,0.24995645785632262,0.46422734419811007,0.22668322285493,14,True,
unfiltered_cpt_misalignment_dpo,t2.orig,China,country,0.2895204923899219,0.2849976558140115,0.17001326884329826,14,True,
unfiltered_cpt_misalignment_dpo,t2.orig,United States,country,0.22038367952954319,0.4359022724116582,0.10650723040920036,14,True,
unfiltered_cpt_misalignment_dpo,t2.orig,Nigeria,country,0.3048480711523333,-0.3184789544416646,0.21393379989878167,14,True,
unfiltered_cpt_misalignment_dpo,t2.orig,Brazil,country,0.21394877506965715,-0.14532595659951164,0.0298955376098605,14,False,0.16267515062200483
unfiltered_cpt_misalignment_dpo,t2.orig,Pakistan,country,0.19612815873388337,-0.16398606365409368,0.030153457043746768,14,False,0.22815581265817175
unfiltered_cpt_misalignment_dpo,t2.orig,Bangladesh,country,0.1415446910081522,0.114440319468057,0.0404502155144512,14,False,0.09464737644701232
unfiltered_cpt_misalignment_dpo,t2.orig,Russia,country,0.20064732735928895,-0.14639312332190266,0.014379528598984672,14,False,0.19533601582774143
unfiltered_cpt_misalignment_dpo,t2.orig,Mexico,country,0.16388042348455173,-0.27922432164312133,0.017567732267782812,14,False,0.7228292889625636
unfiltered_cpt_misalignment_dpo,t2.orig,Japan,country,0.1816381179798952,-0.3943705194154733,0.006711699341732193,14,False,1.0
unfiltered_cpt_misalignment_dpo,t2.orig,Germany,country,0.22160103942165463,-0.47063371682792926,0.01179078043288384,14,False,0.7515961518023322
unfiltered_cpt_misalignment_dpo,t2.orig,United Kingdom,country,0.2014424726595398,-0.3492309700242856,0.021784005606653833,14,False,0.5587617808421032
unfiltered_cpt_misalignment_dpo,t2.orig,France,country,0.20136683412103507,-0.6173733281505853,0.014336680273444613,14,False,2.2775792235772543
unfiltered_cpt_misalignment_dpo,t2.orig,Ethiopia,country,0.18479614128124688,-0.20735909992392407,0.025714056340303534,14,False,0.3401832038653946
unfiltered_cpt_misalignment_dpo,t2.orig,Egypt,country,0.18327577607446988,-0.4286971198852032,0.007066426074483728,14,False,1.1714075419406682
unfiltered_cpt_misalignment_dpo,t2.orig,Vietnam,country,0.14258678292638777,-0.5015701812722186,0.008465867470863872,14,False,4.420121133594921
unfiltered_cpt_misalignment_dpo,t2.orig,Turkey,country,0.1956445467526414,-0.5793629349189217,0.01777903424867995,14,False,2.083516920523018
unfiltered_cpt_misalignment_dpo,t2.orig,South Korea,country,0.16242158418322505,-0.5191835334762602,0.009763353150977214,14,False,3.0086409879592373
unfiltered_cpt_misalignment_dpo,t2.orig,Saudi Arabia,country,0.15260352017613382,-0.3468681970270491,0.023464991797473366,14,False,1.3463359051893418
unfiltered_cpt_misalignment_dpo,t2.orig,Finland,country,0.19619718169728542,-0.6759248344247697,0.010171505906324237,14,False,3.439011960176156
unfiltered_cpt_misalignment_dpo,t2.rev,India,country,0.2466938459628425,-2.273286988885911,0.09480075092004098,14,True,
unfiltered_cpt_misalignment_dpo,t2.rev,China,country,0.17627279593535636,-1.651616390483959,0.03850909913911967,14,False,88.64656674742683
unfiltered_cpt_misalignment_dpo,t2.rev,United States,country,0.12543905681170256,-1.1873615402761064,0.013643755105875973,14,False,17.531772538084976
unfiltered_cpt_misalignment_dpo,t2.rev,Nigeria,country,0.13003896657197797,-0.7633781477178179,0.04848851799435589,14,False,0.5191758307832446
unfiltered_cpt_misalignment_dpo,t2.rev,Brazil,country,0.11480853971849764,-0.9090283101386288,0.004388774906759792,14,False,2.5950993910803666
unfiltered_cpt_misalignment_dpo,t2.rev,Pakistan,country,0.09736799795069855,-0.792926284522219,0.01504676398886095,14,False,1.6649825418180713
unfiltered_cpt_misalignment_dpo,t2.rev,Bangladesh,country,0.09674174158552021,-0.6906254878318242,0.015409262456918043,14,False,0.6621079619499759
unfiltered_cpt_misalignment_dpo,t2.rev,Russia,country,0.10216135301580123,-0.8159842094924493,0.005766639672681882,14,False,1.7501774006737787
unfiltered_cpt_misalignment_dpo,t2.rev,Mexico,country,0.0831677808913768,-0.6795092941103936,0.0025331608019316812,14,False,0.8991038477548723
unfiltered_cpt_misalignment_dpo,t2.rev,Japan,country,0.12339936432205524,-0.8242448969185755,0.016243841788202554,14,False,1.0
unfiltered_cpt_misalignment_dpo,t2.rev,Germany,country,0.09076614217651185,-0.6118506120539962,0.0020773428220466346,14,False,0.3715200755206113
unfiltered_cpt_misalignment_dpo,t2.rev,United Kingdom,country,0.08002876352530242,-0.5064454309063182,0.0014822478044031792,14,False,0.16804474710147996
unfiltered_cpt_misalignment_dpo,t2.rev,France,country,0.08532781890646624,-0.5609079940207239,0.0012266672968890794,14,False,0.2588051896106141
unfiltered_cpt_misalignment_dpo,t2.rev,Ethiopia,country,0.10202515763448423,-0.6345470217897783,0.009514087655753347,14,False,0.3464041650693439
unfiltered_cpt_misalignment_dpo,t2.rev,Egypt,country,0.08571685135964857,-0.5178450083582495,0.00224172482008209,14,False,0.1675360159686267
unfiltered_cpt_misalignment_dpo,t2.rev,Vietnam,country,0.06737501023829971,-0.4045400701392339,0.0031349675429904467,14,False,0.06913244861758722
unfiltered_cpt_misalignment_dpo,t2.rev,Turkey,country,0.07287771338301226,-0.4670427027970522,0.0014204191787605227,14,False,0.12752674301974526
unfiltered_cpt_misalignment_dpo,t2.rev,South Korea,country,0.07406637071983908,-0.32556027768773227,0.0030903523938216916,14,False,0.027055957959324566
unfiltered_cpt_misalignment_dpo,t2.rev,Saudi Arabia,country,0.06271743240335624,-0.22613442153625807,0.00802900027095811,14,False,0.008578626339769066
unfiltered_cpt_misalignment_dpo,t2.rev,Finland,country,0.06041394881058663,-0.3100619613483712,0.0027267234250721462,14,False,0.02353176405619038
unfiltered_cpt_misalignment_dpo,t3.orig,India,country,0.028556305435915808,1.9563558821456237,0.046934081962365065,14,False,3.5742081399389988e-99
unfiltered_cpt_misalignment_dpo,t3.orig,China,country,0.05517978846758259,1.1693208060940625,0.07086630850861597,14,True,
unfiltered_cpt_misalignment_dpo,t3.orig,United States,country,0.012656905629443674,0.775395245303836,0.01904671971424683,14,False,4.127911212781247e-34
unfiltered_cpt_misalignment_dpo,t3.orig,Nigeria,country,0.06072970899012198,0.6153797944036093,0.018496441066115005,14,False,2.8208672880637132e-27
unfiltered_cpt_misalignment_dpo,t3.orig,Brazil,country,0.013568721409856724,0.4545989186684237,0.0018808139895076421,14,False,7.258471123412923e-13
unfiltered_cpt_misalignment_dpo,t3.orig,Pakistan,country,0.021627471349232485,0.3839720723788794,0.005608240073568842,14,False,3.616346694599412e-09
unfiltered_cpt_misalignment_dpo,t3.orig,Bangladesh,country,-0.0017722549798760076,0.4058106122245621,0.0009544695796900103,14,False,
unfiltered_cpt_misalignment_dpo,t3.orig,Russia,country,0.0008910072489600601,0.3674102558123683,0.000146319430255453,14,False,1.7966134907859304e-17
unfiltered_cpt_misalignment_dpo,t3.orig,Mexico,country,0.0058163706062215395,0.3070609282802811,0.00011390916744196441,14,False,0.07131215417902265
unfiltered_cpt_misalignment_dpo,t3.orig,Japan,country,0.004429206556630941,0.2984072350781016,0.00012596853796103302,14,False,1.0
unfiltered_cpt_misalignment_dpo,t3.orig,Germany,country,0.009479863356876662,0.2760242578173591,3.375091741511168e-05,14,False,2.503114627812068
unfiltered_cpt_misalignment_dpo,t3.orig,United Kingdom,country,0.012085736623164686,0.24795869322841194,0.00013471601807269357,14,False,46.680855612984736
unfiltered_cpt_misalignment_dpo,t3.orig,France,country,0.007961538424408443,0.23499115550845567,0.00012255603553457424,14,False,8707.225314544583
unfiltered_cpt_misalignment_dpo,t3.orig,Ethiopia,country,0.01746222809493908,0.17972380273720748,0.0003550162431428762,14,False,41988.09511052685
unfiltered_cpt_misalignment_dpo,t3.orig,Egypt,country,0.012160216444373387,0.16157905025429267,0.0004283374786015061,14,False,26739226.134055518
unfiltered_cpt_misalignment_dpo,t3.orig,Vietnam,country,0.010736584843278392,0.07838291102798242,0.0018626418926838357,14,False,60296995273587.164
unfiltered_cpt_misalignment_dpo,t3.orig,Turkey,country,0.04574596614578533,-0.1800465048263152,0.009727348279446383,14,False,2.0831349680067745e+18
unfiltered_cpt_misalignment_dpo,t3.orig,South Korea,country,0.04979417042554051,-0.3739645799765734,0.06158813119375875,14,True,
unfiltered_cpt_misalignment_dpo,t3.orig,Saudi Arabia,country,0.0945488243881398,-1.0381952987603502,0.06677626935987754,14,True,
unfiltered_cpt_misalignment_dpo,t3.orig,Finland,country,-0.05608358797682042,-1.2655759316010364,0.04918043302405109,14,False,
unfiltered_cpt_misalignment_dpo,t3.rev,India,country,-0.03664868694798129,-2.2378974209506355,0.11219362658655074,14,True,
unfiltered_cpt_misalignment_dpo,t3.rev,China,country,-0.07495947414185011,-1.3724694620725626,0.15955215188623503,14,True,
unfiltered_cpt_misalignment_dpo,t3.rev,United States,country,0.005414220742587225,-0.8812719903413151,0.045133015821512835,14,False,7.26196681092874e+46
unfiltered_cpt_misalignment_dpo,t3.rev,Nigeria,country,-0.1377000157777396,-0.7504780102715198,0.1207500542760387,14,True,
unfiltered_cpt_misalignment_dpo,t3.rev,Brazil,country,-0.016769528652821768,-0.4392955221759787,0.031008581738048584,14,False,
unfiltered_cpt_misalignment_dpo,t3.rev,Pakistan,country,-0.008910274710199007,-0.2574566548800879,0.010686084212526049,14,False,
unfiltered_cpt_misalignment_dpo,t3.rev,Bangladesh,country,0.022956497712229858,-0.2698459536697965,0.011142021049986918,14,False,106814.08339266675
unfiltered_cpt_misalignment_dpo,t3.rev,Russia,country,0.025826862645460545,-0.15743683834017905,0.001786177824659459,14,False,240.29117845380608
unfiltered_cpt_misalignment_dpo,t3.rev,Mexico,country,0.00929039987942102,-0.03891034164990091,0.0010036198424470085,14,False,101.45578592802292
unfiltered_cpt_misalignment_dpo,t3.rev,Japan,country,0.019384785542289902,-0.014547465301954037,0.00029822485599755505,14,False,1.0
unfiltered_cpt_misalignment_dpo,t3.rev,Germany,country,0.01251146357872897,0.022396932924352984,0.00030713037563515376,14,False,0.3976876107023097
unfiltered_cpt_misalignment_dpo,t3.rev,United Kingdom,country,0.007405575977584513,0.06393826594240683,0.0003639811413708711,14,False,0.02743737646372382
unfiltered_cpt_misalignment_dpo,t3.rev,France,country,0.014156236812958974,0.06156855651674775,7.92815361017692e-05,14,False,0.027705910111763543
unfiltered_cpt_misalignment_dpo,t3.rev,Ethiopia,country,0.007148840987452391,0.10230268580443114,0.00017816693608359248,14,False,0.000689093037582372
unfiltered_cpt_misalignment_dpo,t3.rev,Egypt,country,0.00968622464520029,0.11882349439950196,0.00016794448687393717,14,False,0.0004012802225353532
unfiltered_cpt_misalignment_dpo,t3.rev,Vietnam,country,0.006292204243557555,0.14712282096735263,0.0004210892064075153,14,False,4.0323433822307745e-06
unfiltered_cpt_misalignment_dpo,t3.rev,Turkey,country,-0.004260275515776648,0.22223421924317094,0.0007313308890379543,14,False,
unfiltered_cpt_misalignment_dpo,t3.rev,South Korea,country,-0.02362926892900916,0.37164772479771746,0.020111779439673152,14,False,
unfiltered_cpt_misalignment_dpo,t3.rev,Saudi Arabia,country,-0.06525101070404363,0.5530806008108753,0.021434669795561658,14,False,
unfiltered_cpt_misalignment_dpo,t3.rev,Finland,country,-0.02112675277706541,0.9380256487941264,0.15002375305250162,14,True,
unfiltered_e2e_alignment_dpo,pooled,India,country,0.5148933398584035,-1.5014554671525524,0.10738344560669848,14,True,
unfiltered_e2e_alignment_dpo,pooled,China,country,0.4334994018205261,-1.193735399217747,0.11698504879412558,14,True,
unfiltered_e2e_alignment_dpo,pooled,United States,country,0.5060424008187164,-1.5785708853631315,0.07285635325370207,14,True,
unfiltered_e2e_alignment_dpo,pooled,Nigeria,country,0.4690150042719762,-1.4844828367688416,0.07917669399520051,14,True,
unfiltered_e2e_alignment_dpo,pooled,Brazil,country,0.4556847222272492,-1.6024497319630657,0.07514448545766332,14,True,
unfiltered_e2e_alignment_dpo,pooled,Pakistan,country,0.47983537278385624,-1.4421497131142866,0.08397983279431072,14,True,
unfiltered_e2e_alignment_dpo,pooled,Bangladesh,country,0.4778636129600369,-1.452873961324699,0.08666583922381932,14,True,
unfiltered_e2e_alignment_dpo,pooled,Russia,country,0.48091866750967227,-1.6952614328361666,0.06661291862695802,14,True,
unfiltered_e2e_alignment_dpo,pooled,Mexico,country,0.4299785931832524,-1.3823700223000315,0.11716596236538741,14,True,
unfiltered_e2e_alignment_dpo,pooled,Japan,country,0.48676156094645684,-1.2017268137973467,0.1007788618089515,14,True,
unfiltered_e2e_alignment_dpo,pooled,Germany,country,0.4714736244395709,-1.6303347469430558,0.07994704899976239,14,True,
unfiltered_e2e_alignment_dpo,pooled,United Kingdom,country,0.47379592765733414,-1.5642834524757991,0.07789324813263344,14,True,
unfiltered_e2e_alignment_dpo,pooled,France,country,0.46447646290249534,-1.6251415731109091,0.07252664635173267,14,True,
unfiltered_e2e_alignment_dpo,pooled,Ethiopia,country,0.503092717121667,-1.2853053023330703,0.12893793032379128,14,True,
unfiltered_e2e_alignment_dpo,pooled,Egypt,country,0.4590085923177775,-1.4418766514537382,0.08854220883158588,14,True,
unfiltered_e2e_alignment_dpo,pooled,Vietnam,country,0.46340932586939443,-1.3335013360655923,0.09317316405936847,14,True,
unfiltered_e2e_alignment_dpo,pooled,Turkey,country,0.4791198702991707,-1.7257506757176888,0.07913524963407227,14,True,
unfiltered_e2e_alignment_dpo,pooled,South Korea,country,0.5075053379602994,-1.4240140551680165,0.15554139899645886,14,True,
unfiltered_e2e_alignment_dpo,pooled,Saudi Arabia,country,0.4677763735653999,-1.6849278676473318,0.06753448537620944,14,True,
unfiltered_e2e_alignment_dpo,pooled,Finland,country,0.4300980192651498,-1.6371105744600865,0.07615697413109565,14,True,
unfiltered_e2e_alignment_dpo,t0.orig,India,country,0.06795330009816941,2.1533840091666105,0.3096546726554854,14,True,
unfiltered_e2e_alignment_dpo,t0.orig,China,country,-0.007396508665347412,1.502367378677668,0.10604345656241808,14,True,
unfiltered_e2e_alignment_dpo,t0.orig,United States,country,-0.1195369527030916,1.6381755629080428,0.6307243835900763,14,True,
unfiltered_e2e_alignment_dpo,t0.orig,Nigeria,country,-0.01396517313142727,0.6676775274286204,0.021158950761536423,14,False,
unfiltered_e2e_alignment_dpo,t0.orig,Brazil,country,-0.06253915635948164,0.698481006983937,0.13550011214092625,14,True,
unfiltered_e2e_alignment_dpo,t0.orig,Pakistan,country,0.024844772242030844,0.2002665906887537,0.0022091242205554344,14,False,0.0004576296981924773
unfiltered_e2e_alignment_dpo,t0.orig,Bangladesh,country,0.014145357335734422,0.1670175641270371,0.001816228007280227,14,False,0.046175357449556066
unfiltered_e2e_alignment_dpo,t0.orig,Russia,country,0.02050481963209301,0.13508903828096916,0.0009875994639825046,14,False,0.15642843002313653
unfiltered_e2e_alignment_dpo,t0.orig,Mexico,country,0.013978635006924848,0.12698416508792065,0.0003209583613956036,14,False,1.7672989851504355
unfiltered_e2e_alignment_dpo,t0.orig,Japan,country,0.009194049007299228,0.149256760585696,0.0005011356874180709,14,False,1.0
unfiltered_e2e_alignment_dpo,t0.orig,Germany,country,0.01317050065773671,0.10331858940184885,9.464416256198819e-05,14,False,20.442760519882437
unfiltered_e2e_alignment_dpo,t0.orig,United Kingdom,country,0.014510803562346002,0.08651085283675583,0.00015592097510926467,14,False,54.55192763186451
unfiltered_e2e_alignment_dpo,t0.orig,France,country,0.017441132498530836,0.05283633775265434,0.00020840357718207274,14,False,306.0201392712031
unfiltered_e2e_alignment_dpo,t0.orig,Ethiopia,country,0.013004608797844566,0.07582141138903473,0.00018390710322852452,14,False,280.7314527210272
unfiltered_e2e_alignment_dpo,t0.orig,Egypt,country,0.014762279823196441,0.04427423041083166,0.00015830291763590257,14,False,2051.303295579115
unfiltered_e2e_alignment_dpo,t0.orig,Vietnam,country,0.024200831998895247,-0.012075698869632811,0.0014162134164180187,14,False,4235.838938636042
unfiltered_e2e_alignment_dpo,t0.orig,Turkey,country,0.029791266586806652,-0.06853750101627464,0.002013570668294304,14,False,40590.04496252082
unfiltered_e2e_alignment_dpo,t0.orig,South Korea,country,0.0400037334097568,-0.13668928419079807,0.007336740729651029,14,False,209550.79793024494
unfiltered_e2e_alignment_dpo,t0.orig,Saudi Arabia,country,0.05940173390789809,-0.4546814729481133,0.0883914638961316,14,True,
unfiltered_e2e_alignment_dpo,t0.orig,Finland,country,0.044108935061181596,-0.417406309498664,0.04815972229284551,14,False,7079508721386.242
unfiltered_e2e_alignment_dpo,t0.rev,India,country,0.12884185348220734,-3.3031665696059402,0.20179103094762466,14,True,
unfiltered_e2e_alignment_dpo,t0.rev,China,country,0.17283439503422904,-2.615417067104156,0.13512466913988455,14,True,
unfiltered_e2e_alignment_dpo,t0.rev,United States,country,0.17236861707328796,-1.5795381168845035,0.18003454746550077,14,True,
unfiltered_e2e_alignment_dpo,t0.rev,Nigeria,country,0.2621840984859779,-1.9209284398255961,0.13184893056852887,14,True,
unfiltered_e2e_alignment_dpo,t0.rev,Brazil,country,0.23676964779165385,-1.540854165140071,0.1657084266621279,14,True,
unfiltered_e2e_alignment_dpo,t0.rev,Pakistan,country,0.11667440082858258,-0.6890228546597398,0.019284644326502516,14,False,199.99199635198937
unfiltered_e2e_alignment_dpo,t0.rev,Bangladesh,country,0.09064954217759695,-0.4410797341541076,0.007597618438739532,14,False,22.87574841921945
unfiltered_e2e_alignment_dpo,t0.rev,Russia,country,0.06329144187691799,-0.2638397374842207,0.006476597448004498,14,False,7.364390177818371
unfiltered_e2e_alignment_dpo,t0.rev,Mexico,country,0.04539485279891661,-0.12521125244572706,0.0029286455263093565,14,False,1.8623525073699971
unfiltered_e2e_alignment_dpo,t0.rev,Japan,country,0.04696030342129488,-0.10172500081813303,0.00456942678512369,14,False,1.0
unfiltered_e2e_alignment_dpo,t0.rev,Germany,country,0.04600812140710582,-0.10610173206298212,0.0026581439834475456,14,False,1.1764293109707729
unfiltered_e2e_alignment_dpo,t0.rev,United Kingdom,country,0.028111084438998138,0.014784712408376185,0.0005854144566844473,14,False,0.2175179715672466
unfiltered_e2e_alignment_dpo,t0.rev,France,country,0.022154013571418406,0.06084398472784492,0.00024364914891831317,14,False,0.07050214684473491
unfiltered_e2e_alignment_dpo,t0.rev,Ethiopia,country,0.02217347254102544,0.07255170243039259,0.000825111619070933,14,False,0.04777067883106704
unfiltered_e2e_alignment_dpo,t0.rev,Egypt,country,0.019007834427440445,0.10917302448734145,0.00024646219702401903,14,False,0.012925695669087167
unfiltered_e2e_alignment_dpo,t0.rev,Vietnam,country,0.026812143883069284,0.11115456689006424,0.0011915101702348466,14,False,0.014009646647893587
unfiltered_e2e_alignment_dpo,t0.rev,Turkey,country,0.03238278498603967,0.09114365445744643,0.000985682503162663,14,False,0.023208174050502045
unfiltered_e2e_alignment_dpo,t0.rev,South Korea,country,0.02996488996336625,0.13997892112139187,0.0022739876194047552,14,False,0.006361990715373867
unfiltered_e2e_alignment_dpo,t0.rev,Saudi Arabia,country,0.04603548458596919,0.09381696094639486,0.0014435507690789848,14,False,0.015931223331895315
unfiltered_e2e_alignment_dpo,t0.rev,Finland,country,0.05755274300096991,0.05706510952100623,0.005455689107292071,14,False,0.023442595152754014
unfiltered_e2e_alignment_dpo,t1.orig,India,country,0.4653203770068587,-0.6175200513752295,0.24620202789061563,14,True,
unfiltered_e2e_alignment_dpo,t1.orig,China,country,0.3998839165156515,-0.6341726424118799,0.13570805819574236,14,True,
unfiltered_e2e_alignment_dpo,t1.orig,United States,country,0.3728278149562898,0.06060124514626952,0.31451971690434744,14,True,
unfiltered_e2e_alignment_dpo,t1.orig,Nigeria,country,0.31103180254082075,-0.610415889220318,0.07255382274130838,14,True,
unfiltered_e2e_alignment_dpo,t1.orig,Brazil,country,0.26547560978575957,-0.6165374672835241,0.0451629810628295,14,False,
unfiltered_e2e_alignment_dpo,t1.orig,Pakistan,country,0.3244924555140953,-0.6387215265385882,0.056375997383297044,14,True,
unfiltered_e2e_alignment_dpo,t1.orig,Bangladesh,country,0.32253225377761563,-0.6782654522219829,0.10500507711261838,14,True,
unfiltered_e2e_alignment_dpo,t1.orig,Russia,country,0.2720795641008217,-0.6898010749377106,0.03656787954740836,14,False,
unfiltered_e2e_alignment_dpo,t1.orig,Mexico,country,0.2667317944444467,-0.6033530000193035,0.04754762546090751,14,False,
unfiltered_e2e_alignment_dpo,t1.orig,Japan,country,0.3229386943512711,-0.5806126570242742,0.06628473845176912,14,True,
unfiltered_e2e_alignment_dpo,t1.orig,Germany,country,0.27635176900151326,-0.6778465341404388,0.02798144145021129,14,False,
unfiltered_e2e_alignment_dpo,t1.orig,United Kingdom,country,0.24754204462787693,-0.635681569828367,0.03159180960393387,14,False,
unfiltered_e2e_alignment_dpo,t1.orig,France,country,0.25861135495189946,-0.769645060114485,0.026755345420278475,14,False,
unfiltered_e2e_alignment_dpo,t1.orig,Ethiopia,country,0.38567665875368773,-0.7275168931206606,0.257277096178268,14,True,
unfiltered_e2e_alignment_dpo,t1.orig,Egypt,country,0.2617951392788483,-0.7339083459806561,0.02711581498274516,14,False,
unfiltered_e2e_alignment_dpo,t1.orig,Vietnam,country,0.2568804566391013,-0.6523560460723908,0.041873351044947306,14,False,
unfiltered_e2e_alignment_dpo,t1.orig,Turkey,country,0.2517208744792998,-0.7928285065117733,0.04497147191586986,14,False,
unfiltered_e2e_alignment_dpo,t1.orig,South Korea,country,0.3135200919709785,-0.8737216526599824,0.12850268450372257,14,True,
unfiltered_e2e_alignment_dpo,t1.orig,Saudi Arabia,country,0.26707267544444013,-0.789227188181486,0.03929441940562595,14,False,
unfiltered_e2e_alignment_dpo,t1.orig,Finland,country,0.2399732672428587,-0.6918414391095558,0.04814824233173726,14,False,
unfiltered_e2e_alignment_dpo,t1.rev,India,country,0.44979723599512844,-2.131360598144546,0.47785199474191425,14,True,
unfiltered_e2e_alignment_dpo,t1.rev,China,country,0.42402906081002034,-2.127190596693909,0.3365987204288457,14,True,
unfiltered_e2e_alignment_dpo,t1.rev,United States,country,0.3384512754618916,-1.6077948219709228,0.13005043049927423,14,True,
unfiltered_e2e_alignment_dpo,t1.rev,Nigeria,country,0.3883496917031242,-1.7711715444911855,0.17754120169887555,14,True,
unfiltered_e2e_alignment_dpo,t1.rev,Brazil,country,0.352268619279745,-1.5939876886934146,0.17637660725264184,14,True,
unfiltered_e2e_alignment_dpo,t1.rev,Pakistan,country,0.3687571616416939,-1.5511624544646596,0.2352807002370804,14,True,
unfiltered_e2e_alignment_dpo,t1.rev,Bangladesh,country,0.2809772133797617,-1.0636430835857809,0.08427038253113757,14,True,
unfiltered_e2e_alignment_dpo,t1.rev,Russia,country,0.36395689610324594,-1.6496527080983152,0.23551825434111118,14,True,
unfiltered_e2e_alignment_dpo,t1.rev,Mexico,country,0.29664331869579275,-1.2803322562061048,0.12461132603106191,14,True,
unfiltered_e2e_alignment_dpo,t1.rev,Japan,country,0.2790369808750277,-0.9957284284651298,0.13368871415937827,14,True,
unfiltered_e2e_alignment_dpo,t1.rev,Germany,country,0.3159847870064299,-1.3799935517928552,0.16866398351422282,14,True,
unfiltered_e2e_alignment_dpo,t1.rev,United Kingdom,country,0.3081522796070459,-1.157976713616118,0.07956137442699802,14,True,
unfiltered_e2e_alignment_dpo,t1.rev,France,country,0.2821183613346942,-1.1382631850457092,0.06808570882830484,14,True,
unfiltered_e2e_alignment_dpo,t1.rev,Ethiopia,country,0.25253401039105516,-0.847319330740224,0.04704400450795701,14,False,
unfiltered_e2e_alignment_dpo,t1.rev,Egypt,country,0.25733360990055315,-0.9821200304152977,0.0912569238861819,14,True,
unfiltered_e2e_alignment_dpo,t1.rev,Vietnam,country,0.24448240682023592,-0.7969819359816676,0.06498652548457727,14,True,
unfiltered_e2e_alignment_dpo,t1.rev,Turkey,country,0.32102713687412376,-1.1922707399670658,0.12863501448802536,14,True,
unfiltered_e2e_alignment_dpo,t1.rev,South Korea,country,0.34463824878716653,-0.8422910997501685,0.12086624565919431,14,True,
unfiltered_e2e_alignment_dpo,t1.rev,Saudi Arabia,country,0.34851372148965887,-1.207751264895099,0.14957756699350447,14,True,
unfiltered_e2e_alignment_dpo,t1.rev,Finland,country,0.3303342534167155,-1.3807427177950955,0.06695859902333684,14,True,
unfiltered_e2e_alignment_dpo,t2.orig,India,country,0.08289003958351016,1.9096930410773836,0.28506954103745147,14,True,
unfiltered_e2e_alignment_dpo,t2.orig,China,country,0.0560234557771116,1.272533332774995,0.12323169699459709,14,True,
unfiltered_e2e_alignment_dpo,t2.orig,United States,country,0.010572063931194933,0.9049602569856166,0.3045939053026614,14,True,
unfiltered_e2e_alignment_dpo,t2.orig,Nigeria,country,0.048170082785089545,0.41857425710202373,0.005521636720491993,14,False,0.0014139163220533316
unfiltered_e2e_alignment_dpo,t2.orig,Brazil,country,-0.007101213463690748,0.5911111886695284,0.10733671072108848,14,True,
unfiltered_e2e_alignment_dpo,t2.orig,Pakistan,country,0.04057166771427532,0.30476314301811097,0.003966868187934537,14,False,0.06681907846702213
unfiltered_e2e_alignment_dpo,t2.orig,Bangladesh,country,0.04973812071188699,0.25601272098045014,0.006811878606519291,14,False,0.13715399989112353
unfiltered_e2e_alignment_dpo,t2.orig,Russia,country,0.03084067832517451,0.2586493136155732,0.0007778920804355117,14,False,0.7296448887210922
unfiltered_e2e_alignment_dpo,t2.orig,Mexico,country,0.026514876993612366,0.25024952718449633,0.0014925063038083045,14,False,1.6731926419683996
unfiltered_e2e_alignment_dpo,t2.orig,Japan,country,0.026950409629028164,0.26255635502671115,0.0020240498344870897,14,False,1.0
unfiltered_e2e_alignment_dpo,t2.orig,Germany,country,0.022215411001238798,0.2403869429170739,0.0003043324416834379,14,False,4.7522604589919375
unfiltered_e2e_alignment_dpo,t2.orig,United Kingdom,country,0.02097082588132608,0.22257620524893773,0.0005009432908861357,14,False,12.684478221715665
unfiltered_e2e_alignment_dpo,t2.orig,France,country,0.025787803977917245,0.18131386120914178,0.0011082304797584955,14,False,25.26893337253401
unfiltered_e2e_alignment_dpo,t2.orig,Ethiopia,country,0.01940016792989222,0.2188463842771372,0.0005401862168504272,14,False,21.190401420913393
unfiltered_e2e_alignment_dpo,t2.orig,Egypt,country,0.026678974644633712,0.13409098697741323,0.0021319962079803245,14,False,124.55392572423911
unfiltered_e2e_alignment_dpo,t2.orig,Vietnam,country,0.0348155508101791,0.061732266246459534,0.002751604660872138,14,False,313.1280518353404
unfiltered_e2e_alignment_dpo,t2.orig,Turkey,country,0.07005124805332065,-0.17245236032883798,0.02309764072977163,14,False,1777.3197601422198
unfiltered_e2e_alignment_dpo,t2.orig,South Korea,country,0.07231057924206953,-0.2175155955411234,0.018907370239288655,14,False,4331.43313702045
unfiltered_e2e_alignment_dpo,t2.orig,Saudi Arabia,country,0.012244743624081523,-0.11557228626399502,0.01871206469217632,14,False,104048182751.73209
unfiltered_e2e_alignment_dpo,t2.orig,Finland,country,0.03696422806216912,-0.5134036001682152,0.19810605518837324,14,True,
unfiltered_e2e_alignment_dpo,t2.rev,India,country,0.1255575521442234,-1.8407977532215605,0.27537289945009547,14,True,
unfiltered_e2e_alignment_dpo,t2.rev,China,country,0.059992707683940244,-1.0410765584351163,0.11526808259729422,14,True,
unfiltered_e2e_alignment_dpo,t2.rev,United States,country,0.08655560977409625,-0.8596875632799978,0.044691863653634256,14,False,1571.9021348203044
unfiltered_e2e_alignment_dpo,t2.rev,Nigeria,country,0.07398099282779937,-0.7460782233129877,0.01394827776790384,14,False,275.9846840631726
unfiltered_e2e_alignment_dpo,t2.rev,Brazil,country,0.09289962966036136,-0.7981817775506189,0.08291325903858678,14,True,
unfiltered_e2e_alignment_dpo,t2.rev,Pakistan,country,0.03438214422135215,-0.4874419984938584,0.003163890721153402,14,False,14.191925442220416
unfiltered_e2e_alignment_dpo,t2.rev,Bangladesh,country,0.022868964123539306,-0.4572276107681605,0.01246058010594376,14,False,34.74393355623504
unfiltered_e2e_alignment_dpo,t2.rev,Russia,country,0.029221846363318482,-0.4472522154871176,0.0010381898583237566,14,False,7.110599793667908
unfiltered_e2e_alignment_dpo,t2.rev,Mexico,country,0.02250877230874807,-0.4063235315206073,0.00039707845649419887,14,False,4.123855294841766
unfiltered_e2e_alignment_dpo,t2.rev,Japan,country,0.02353503326217411,-0.3771450229307444,0.00017531340176811668,14,False,1.0
unfiltered_e2e_alignment_dpo,t2.rev,Germany,country,0.024284181311388223,-0.3883214107673773,0.0006820039829284016,14,False,1.437696839379136
unfiltered_e2e_alignment_dpo,t2.rev,United Kingdom,country,0.029319640453499506,-0.37625754478066786,0.00014257947162158254,14,False,0.46171824448063226
unfiltered_e2e_alignment_dpo,t2.rev,France,country,0.03051044629740255,-0.3454140061051525,0.0008568527602070246,14,False,0.12624331936648148
unfiltered_e2e_alignment_dpo,t2.rev,Ethiopia,country,0.03711120697416875,-0.3179722269689938,0.0027867416499935244,14,False,0.026616920450847653
unfiltered_e2e_alignment_dpo,t2.rev,Egypt,country,0.06026299594510007,-0.3243603121146301,0.002635776024950126,14,False,0.005640703497607321
unfiltered_e2e_alignment_dpo,t2.rev,Vietnam,country,0.10142276827765599,-0.2654633287227098,0.050349502422864796,14,True,
unfiltered_e2e_alignment_dpo,t2.rev,Turkey,country,0.12817667693489487,-0.2555612499740425,0.04737843946050735,14,False,7.265515478818872e-06
unfiltered_e2e_alignment_dpo,t2.rev,South Korea,country,0.11841621289432938,0.018829656405855544,0.10885158488206177,14,True,
unfiltered_e2e_alignment_dpo,t2.rev,Saudi Arabia,country,0.24477083582362114,-0.24340936493034201,0.0997665043072451,14,True,
unfiltered_e2e_alignment_dpo,t2.rev,Finland,country,0.2967722055121112,-0.28759489087107626,0.10924596096262451,14,True,
unfiltered_e2e_alignment_dpo,t3.orig,India,country,0.415883327680368,-0.36427223106495177,0.9216666991427477,14,True,
unfiltered_e2e_alignment_dpo,t3.orig,China,country,0.4581168085234599,-0.8925740369025852,0.43544154493085224,14,True,
unfiltered_e2e_alignment_dpo,t3.orig,United States,country,0.3801982532645984,-0.2841509702227447,0.35458704065916696,14,True,
unfiltered_e2e_alignment_dpo,t3.orig,Nigeria,country,0.3728419104174902,-1.0018208546288156,0.20003818677244056,14,True,
unfiltered_e2e_alignment_dpo,t3.orig,Brazil,country,0.3509250844693914,-1.0426621969833834,0.16929401982475778,14,True,
unfiltered_e2e_alignment_dpo,t3.orig,Pakistan,country,0.4044069992231839,-1.0308306038779835,0.2847274758926745,14,True,
unfiltered_e2e_alignment_dpo,t3.orig,Bangladesh,country,0.44283141007843263,-1.1715592743933203,0.3409318458469477,14,True,
unfiltered_e2e_alignment_dpo,t3.orig,Russia,country,0.34273875469237514,-1.1076370896315044,0.11259005861944066,14,True,
unfiltered_e2e_alignment_dpo,t3.orig,Mexico,country,0.3753008183086183,-1.1186110885281626,0.28183212843426936,14,True,
unfiltered_e2e_alignment_dpo,t3.orig,Japan,country,0.45900226123103155,-1.1500513635643865,0.277139169924912,14,True,
unfiltered_e2e_alignment_dpo,t3.orig,Germany,country,0.3781493576722781,-1.2415973059259868,0.16904424263638196,14,True,
unfiltered_e2e_alignment_dpo,t3.orig,United Kingdom,country,0.384470762369907,-1.2204336245794314,0.22439731673515415,14,True,
unfiltered_e2e_alignment_dpo,t3.orig,France,country,0.3822802036252807,-1.3003346478829054,0.1539573233210486,14,True,
unfiltered_e2e_alignment_dpo,t3.orig,Ethiopia,country,0.45022351311960207,-1.1659676868275324,0.320947541319344,14,True,
unfiltered_e2e_alignment_dpo,t3.orig,Egypt,country,0.3825616672854341,-1.2483611215556332,0.17266330526475174,14,True,
unfiltered_e2e_alignment_dpo,t3.orig,Vietnam,country,0.40079562238103594,-1.2676394362579853,0.2091645306807055,14,True,
unfiltered_e2e_alignment_dpo,t3.orig,Turkey,country,0.4114242981236614,-1.5492269830072138,0.21249827036125116,14,True,
unfiltered_e2e_alignment_dpo,t3.orig,South Korea,country,0.43236710800787115,-1.388346198050317,0.5095213809615381,14,True,
unfiltered_e2e_alignment_dpo,t3.orig,Saudi Arabia,country,0.4525765411039785,-1.5558112662445702,0.18531513031399768,14,True,
unfiltered_e2e_alignment_dpo,t3.orig,Finland,country,0.469388652907975,-1.8147466382618571,0.3372627922073592,14,True,
unfiltered_e2e_alignment_dpo,t3.rev,India,country,0.5641050517527556,-2.8392465927919144,0.30949874763434765,14,True,
unfiltered_e2e_alignment_dpo,t3.rev,China,country,0.5109259320267211,-2.6457614799509344,0.20462119186181252,14,True,
unfiltered_e2e_alignment_dpo,t3.rev,United States,country,0.4114571054320614,-2.027460394472664,0.11545588762644456,14,True,
unfiltered_e2e_alignment_dpo,t3.rev,Nigeria,country,0.4250008104775859,-2.0462367853755388,0.16022811873477263,14,True,
unfiltered_e2e_alignment_dpo,t3.rev,Brazil,country,0.3816283269511967,-1.756011134549925,0.244981527885033,14,True,
unfiltered_e2e_alignment_dpo,t3.rev,Pakistan,country,0.37573845557255264,-1.7165909445588077,0.16846182138845123,14,True,
unfiltered_e2e_alignment_dpo,t3.rev,Bangladesh,country,0.291499753473467,-1.256213113938177,0.08592094800408885,14,True,
unfiltered_e2e_alignment_dpo,t3.rev,Russia,country,0.32985925075206896,-1.5212748233306779,0.12633547702089762,14,True,
unfiltered_e2e_alignment_dpo,t3.rev,Mexico,country,0.3116982293930697,-1.435450063590293,0.08897361859529977,14,True,
unfiltered_e2e_alignment_dpo,t3.rev,Japan,country,0.23547933863064574,-0.937978617270769,0.11445585815791741,14,True,
unfiltered_e2e_alignment_dpo,t3.rev,Germany,country,0.29086680317512026,-1.3134954212492673,0.1198437584141666,14,True,
unfiltered_e2e_alignment_dpo,t3.rev,United Kingdom,country,0.24975325528515158,-1.0605393651844277,0.10966534018386004,14,True,
unfiltered_e2e_alignment_dpo,t3.rev,France,country,0.2433433160782572,-1.0225848633722565,0.07848743566980039,14,True,
unfiltered_e2e_alignment_dpo,t3.rev,Ethiopia,country,0.21173162141772506,-0.8246233719416535,0.15314929548015624,14,True,
unfiltered_e2e_alignment_dpo,t3.rev,Egypt,country,0.2166912652615788,-0.9082410854285526,0.05426849546317087,14,True,
unfiltered_e2e_alignment_dpo,t3.rev,Vietnam,country,0.15976350181490054,-0.5452210064813248,0.02958288575873898,14,False,
unfiltered_e2e_alignment_dpo,t3.rev,Turkey,country,0.20468568630050968,-0.8282407597900909,0.04669935695030627,14,False,
unfiltered_e2e_alignment_dpo,t3.rev,South Korea,country,0.14287441838891685,-0.43468367665443713,0.0263380130611303,14,False,
unfiltered_e2e_alignment_dpo,t3.rev,Saudi Arabia,country,0.21784811820077538,-0.8717259770013577,0.06370453126355595,14,True,
unfiltered_e2e_alignment_dpo,t3.rev,Finland,country,0.2017616569571511,-0.8507127558408325,0.0323928519445704,14,False,
unfiltered_e2e_misalignment_dpo,pooled,India,country,0.4002437172819189,-0.7513335108363477,0.028515257125463007,14,False,0.2934972408368144
unfiltered_e2e_misalignment_dpo,pooled,China,country,0.29540389357719515,-0.8011491160715799,0.0336379470607386,14,False,0.9782181259797781
unfiltered_e2e_misalignment_dpo,pooled,United States,country,0.16584738496478896,-0.7421515155428517,0.02531656959496438,14,False,5.78465049946197
unfiltered_e2e_misalignment_dpo,pooled,Nigeria,country,0.36034702991376394,-0.7833193950403803,0.028644824781911576,14,False,0.4673730389863809
unfiltered_e2e_misalignment_dpo,pooled,Brazil,country,0.27484392213182446,-0.8361054553451893,0.02659707830301483,14,False,1.4175154686313385
unfiltered_e2e_misalignment_dpo,pooled,Pakistan,country,0.37910675825461027,-0.7718667562611901,0.03011249661891929,14,False,0.3780075434425042
unfiltered_e2e_misalignment_dpo,pooled,Bangladesh,country,0.40521210003748387,0.09307610140170053,0.04095420719809463,14,False,0.022205345453328675
unfiltered_e2e_misalignment_dpo,pooled,Russia,country,0.28141224334066095,-0.8766565958275196,0.033990516712613814,14,False,1.508243848385788
unfiltered_e2e_misalignment_dpo,pooled,Mexico,country,0.3213064311264445,-0.693307073962086,0.017569375053272707,14,False,0.5129911512004199
unfiltered_e2e_misalignment_dpo,pooled,Japan,country,0.28221943368068275,-0.7635376336811358,0.022922300199209922,14,False,1.0
unfiltered_e2e_misalignment_dpo,pooled,Germany,country,0.21036993455185066,-0.7767446620029729,0.019824873264488892,14,False,2.854201923970359
unfiltered_e2e_misalignment_dpo,pooled,United Kingdom,country,0.17311335479038603,-0.7564182208066939,0.019727118958601304,14,False,5.271802700452825
unfiltered_e2e_misalignment_dpo,pooled,France,country,0.22531081273122228,-0.7803954062810046,0.01944868233123172,14,False,2.2811250012948476
unfiltered_e2e_misalignment_dpo,pooled,Ethiopia,country,0.3745858373406253,0.8838393368844413,0.06254247476672138,14,True,
unfiltered_e2e_misalignment_dpo,pooled,Egypt,country,0.36755792013143174,-0.7231257302039075,0.036848038380164136,14,False,0.3613469262023773
unfiltered_e2e_misalignment_dpo,pooled,Vietnam,country,0.3886460818027034,-0.8203560210999314,0.041835947713424866,14,False,0.40186048802981145
unfiltered_e2e_misalignment_dpo,pooled,Turkey,country,0.28067588115306835,-0.8099287600548835,0.02677371940014873,14,False,1.2009601222612387
unfiltered_e2e_misalignment_dpo,pooled,South Korea,country,0.3009872863361708,-0.7120731014295132,0.03898198542082121,14,False,0.6760222717236527
unfiltered_e2e_misalignment_dpo,pooled,Saudi Arabia,country,0.21867679563490672,-0.8025474053209496,0.02693487736184159,14,False,2.76836683756919
unfiltered_e2e_misalignment_dpo,pooled,Finland,country,0.2703658404026522,-0.7465966488204159,0.021907258605603445,14,False,1.0852346275149272
unfiltered_e2e_misalignment_dpo,t0.orig,India,country,0.21274924610791257,-0.7189518816660803,0.05742133448798097,14,True,
unfiltered_e2e_misalignment_dpo,t0.orig,China,country,0.07538101365639954,-0.3598974111984235,0.061664057291552506,14,True,
unfiltered_e2e_misalignment_dpo,t0.orig,United States,country,-0.037348569328311015,-0.14791922031083726,0.02893780811209001,14,False,
unfiltered_e2e_misalignment_dpo,t0.orig,Nigeria,country,0.0974054719091419,-0.31118586216917565,0.007458971507094334,14,False,5.36692490117448
unfiltered_e2e_misalignment_dpo,t0.orig,Brazil,country,0.05994924739489995,-0.30301417638501177,0.03012853863124103,14,False,40.66772601282561
unfiltered_e2e_misalignment_dpo,t0.orig,Pakistan,country,0.10144249099542862,-0.26712838857707677,0.005063318266283237,14,False,3.110452606079114
unfiltered_e2e_misalignment_dpo,t0.orig,Bangladesh,country,0.1766892630193534,-0.12087210456181302,0.012999238236150658,14,False,0.16436824364138464
unfiltered_e2e_misalignment_dpo,t0.orig,Russia,country,0.08861604023355008,-0.3123944167346386,0.019747991758682717,14,False,7.893663390637823
unfiltered_e2e_misalignment_dpo,t0.orig,Mexico,country,0.1284214445373997,-0.2574670836933868,0.0070977161827871045,14,False,1.2532745687963387
unfiltered_e2e_misalignment_dpo,t0.orig,Japan,country,0.12842347607221727,-0.22848123209554397,0.0031979476227035415,14,False,1.0
unfiltered_e2e_misalignment_dpo,t0.orig,Germany,country,0.09605003840141563,-0.245967710643301,0.003994471880489848,14,False,3.1313029527472187
unfiltered_e2e_misalignment_dpo,t0.orig,United Kingdom,country,0.08267367515758506,-0.21938102319776398,0.0022536883184078116,14,False,4.163132278294613
unfiltered_e2e_misalignment_dpo,t0.orig,France,country,0.09368389442346287,-0.16319597155429513,0.004363095142450817,14,False,1.5948133627067556
unfiltered_e2e_misalignment_dpo,t0.orig,Ethiopia,country,0.24138197371347347,0.756504723905174,0.037967656800525364,14,False,0.00029688482790982536
unfiltered_e2e_misalignment_dpo,t0.orig,Egypt,country,0.2425880294088963,-0.002086438936845958,0.16473886024499554,14,True,
unfiltered_e2e_misalignment_dpo,t0.orig,Vietnam,country,0.18047219203937115,-0.03979800321602073,0.03986496292513757,14,False,0.08945208571232835
unfiltered_e2e_misalignment_dpo,t0.orig,Turkey,country,0.11227845806440254,0.2022039244213981,0.009512946514474119,14,False,0.043051609700013406
unfiltered_e2e_misalignment_dpo,t0.orig,South Korea,country,0.1235138336044858,0.6108483975361232,0.22428762512885422,14,True,
unfiltered_e2e_misalignment_dpo,t0.orig,Saudi Arabia,country,0.0734901743484388,0.46832827143685596,0.14748066223670558,14,True,
unfiltered_e2e_misalignment_dpo,t0.orig,Finland,country,-0.0785899461659787,1.7607111959218082,0.14093406514177295,14,True,
unfiltered_e2e_misalignment_dpo,t0.rev,India,country,-0.039431345374520796,1.0857463592232404,0.11119728064109481,14,True,
unfiltered_e2e_misalignment_dpo,t0.rev,China,country,0.055107527844977286,0.052539422251715734,0.05765467699708745,14,True,
unfiltered_e2e_misalignment_dpo,t0.rev,United States,country,0.03362297463010831,-0.5346646232687342,0.013132153290766118,14,False,0.0017878298334661293
unfiltered_e2e_misalignment_dpo,t0.rev,Nigeria,country,0.07278648889085351,-0.2099560119234798,0.041021560060308083,14,False,1.6439907014341106e-12
unfiltered_e2e_misalignment_dpo,t0.rev,Brazil,country,0.0898742316053505,-0.4760368563166673,0.025101568700138178,14,False,5.6376114916091515e-08
unfiltered_e2e_misalignment_dpo,t0.rev,Pakistan,country,0.11973483371856516,-0.5929798985195631,0.01892319560327418,14,False,2.0286795486411096e-07
unfiltered_e2e_misalignment_dpo,t0.rev,Bangladesh,country,0.3228528410178768,-0.7866830999756976,0.17047787564722028,14,True,
unfiltered_e2e_misalignment_dpo,t0.rev,Russia,country,-0.009023138925822044,-0.5261211342840011,0.022563257412989323,14,False,
unfiltered_e2e_misalignment_dpo,t0.rev,Mexico,country,0.011520778463110316,-0.5219288175576028,0.00032990894192338566,14,False,0.011889573201155747
unfiltered_e2e_misalignment_dpo,t0.rev,Japan,country,0.01224732104516308,-0.5769737509544648,0.00046916355028588287,14,False,1.0
unfiltered_e2e_misalignment_dpo,t0.rev,Germany,country,0.014865927899818013,-0.6284746121355952,0.0007163893256977137,14,False,24.15475479590332
unfiltered_e2e_misalignment_dpo,t0.rev,United Kingdom,country,0.01939583065287656,-0.6840946941549484,0.0005878129833225191,14,False,256.4370175514917
unfiltered_e2e_misalignment_dpo,t0.rev,France,country,0.02184573979346107,-0.6766509647017354,0.001111843224400391,14,False,74.5381389021234
unfiltered_e2e_misalignment_dpo,t0.rev,Ethiopia,country,0.3852154660635668,-0.9516370750795824,0.3141428287291496,14,True,
unfiltered_e2e_misalignment_dpo,t0.rev,Egypt,country,0.0046656118867218835,-0.6768571199859419,0.1076721399408088,14,True,
unfiltered_e2e_misalignment_dpo,t0.rev,Vietnam,country,-0.029502062215950295,-0.7757566305090222,0.23489424965769426,14,True,
unfiltered_e2e_misalignment_dpo,t0.rev,Turkey,country,0.04817299022454309,-0.924361085326465,0.004447643058240294,14,False,115048.06654746298
unfiltered_e2e_misalignment_dpo,t0.rev,South Korea,country,0.07550320514119371,-1.1510943960740836,0.13938122427722657,14,True,
unfiltered_e2e_misalignment_dpo,t0.rev,Saudi Arabia,country,0.09236106278155748,-1.4600421750994474,0.27584644522678514,14,True,
unfiltered_e2e_misalignment_dpo,t0.rev,Finland,country,0.10560374870700956,-1.660613180338872,0.161121385657437,14,True,
unfiltered_e2e_misalignment_dpo,t1.orig,India,country,0.3955085192290009,0.9034269565493928,0.23234400089223395,14,True,
unfiltered_e2e_misalignment_dpo,t1.orig,China,country,0.3193636196458216,0.07577236034844087,0.08213432494890537,14,True,
unfiltered_e2e_misalignment_dpo,t1.orig,United States,country,0.23375453374965893,-0.13028597433654052,0.08039005144768369,14,True,
unfiltered_e2e_misalignment_dpo,t1.orig,Nigeria,country,0.25388819741995544,-0.14276137795355093,0.030248248378541506,14,False,0.00012148620545008371
unfiltered_e2e_misalignment_dpo,t1.orig,Brazil,country,0.1537542581291422,-0.06855994233283126,0.03652509975383784,14,False,0.007695724638255194
unfiltered_e2e_misalignment_dpo,t1.orig,Pakistan,country,0.11305541420726614,0.08831378777720914,0.015645490581825062,14,False,0.0037301590560928134
unfiltered_e2e_misalignment_dpo,t1.orig,Bangladesh,country,0.049991626999587896,0.323093032747624,0.019405188808663626,14,False,0.0004129715388733847
unfiltered_e2e_misalignment_dpo,t1.orig,Russia,country,0.07382891832626381,0.0017077687287137544,0.006344367006275172,14,False,0.23252892779518147
unfiltered_e2e_misalignment_dpo,t1.orig,Mexico,country,0.044961920975986815,0.08388439800062378,0.0045398336281075235,14,False,0.2531342651621404
unfiltered_e2e_misalignment_dpo,t1.orig,Japan,country,0.0326822223336557,0.07283460083576723,0.001451180963254031,14,False,1.0
unfiltered_e2e_misalignment_dpo,t1.orig,Germany,country,0.03528122231861754,0.010709445224156192,0.001021286631166065,14,False,4.832858508868939
unfiltered_e2e_misalignment_dpo,t1.orig,United Kingdom,country,0.030023029078940597,-0.006666786533033372,0.00023320992040162398,14,False,16.838112359973742
unfiltered_e2e_misalignment_dpo,t1.orig,France,country,0.03352799544937928,-0.023658377195952325,0.00042373271005781166,14,False,16.945592965758113
unfiltered_e2e_misalignment_dpo,t1.orig,Ethiopia,country,-0.01686446427421858,0.3899863241907374,0.004124705960030913,14,False,
unfiltered_e2e_misalignment_dpo,t1.orig,Egypt,country,0.02408776556887615,0.06186119639902952,0.0003301250291491297,14,False,4.17487728404201
unfiltered_e2e_misalignment_dpo,t1.orig,Vietnam,country,0.019041828198855214,0.03390432183201231,0.00034417111306611707,14,False,33.38805992616291
unfiltered_e2e_misalignment_dpo,t1.orig,Turkey,country,0.02235938888667683,-0.00544419056830742,0.0003945437220900056,14,False,69.72299450137405
unfiltered_e2e_misalignment_dpo,t1.orig,South Korea,country,-0.02441852665969429,0.08030222835993789,0.02738758071843222,14,False,
unfiltered_e2e_misalignment_dpo,t1.orig,Saudi Arabia,country,-0.016113414309404613,-0.008244845697982811,0.034598063386489526,14,False,
unfiltered_e2e_misalignment_dpo,t1.orig,Finland,country,-0.01538856100178906,-0.09573545150127333,0.29210109687450214,14,True,
unfiltered_e2e_misalignment_dpo,t1.rev,India,country,0.03188221484740314,-0.3053925744235553,0.025477033071528456,14,False,8610.864071775157
unfiltered_e2e_misalignment_dpo,t1.rev,China,country,0.055665874207755726,-0.26231585535061547,0.003923126257807131,14,False,83.8464542402904
unfiltered_e2e_misalignment_dpo,t1.rev,United States,country,0.08041881739126458,-0.3687607684654869,0.009111395736754216,14,False,51.62922810119263
unfiltered_e2e_misalignment_dpo,t1.rev,Nigeria,country,0.06400791036983543,-0.09523223255399121,0.004017900382750424,14,False,3.6688930585824204
unfiltered_e2e_misalignment_dpo,t1.rev,Brazil,country,0.07541627752022147,-0.17021212915873346,0.005090780509115908,14,False,5.358843603919937
unfiltered_e2e_misalignment_dpo,t1.rev,Pakistan,country,0.058424859671579434,-0.018403518892781523,0.005307750445205516,14,False,1.6313433685053473
unfiltered_e2e_misalignment_dpo,t1.rev,Bangladesh,country,0.048956968920702476,0.23318834811639055,0.009082778323412642,14,False,0.04327297069159429
unfiltered_e2e_misalignment_dpo,t1.rev,Russia,country,0.08528070636849351,-0.1600875395836893,0.0029122067953503868,14,False,2.85145890315174
unfiltered_e2e_misalignment_dpo,t1.rev,Mexico,country,0.06093909542542075,0.046631889429022466,0.003828519105320161,14,False,0.5467623459279446
unfiltered_e2e_misalignment_dpo,t1.rev,Japan,country,0.07659333588840689,-0.04655219150969539,0.003940694983028093,14,False,1.0
unfiltered_e2e_misalignment_dpo,t1.rev,Germany,country,0.08026906629587291,-0.11586900011324472,0.0020941800589591333,14,False,2.070726886721177
unfiltered_e2e_misalignment_dpo,t1.rev,United Kingdom,country,0.08185221355274463,-0.10638918420851812,0.0036599642723457657,14,False,1.7066239787173139
unfiltered_e2e_misalignment_dpo,t1.rev,France,country,0.0774896600384708,-0.015037617079001739,0.0024548963473816792,14,False,0.6389852820991134
unfiltered_e2e_misalignment_dpo,t1.rev,Ethiopia,country,0.275585797839696,-0.027206874417438465,0.300667579822356,14,True,
unfiltered_e2e_misalignment_dpo,t1.rev,Egypt,country,0.10058331711007479,0.14253531064982916,0.005703224169575349,14,False,0.045307833011822805
unfiltered_e2e_misalignment_dpo,t1.rev,Vietnam,country,0.2434845323457252,-0.029994489654254275,0.01200947471074361,14,False,0.007312102791356699
unfiltered_e2e_misalignment_dpo,t1.rev,Turkey,country,0.3086100512871772,-0.3574394379471096,0.03420725259306478,14,False,0.02301859783209328
unfiltered_e2e_misalignment_dpo,t1.rev,South Korea,country,0.3284756470921385,0.2749765144463273,0.2988577450292998,14,True,
unfiltered_e2e_misalignment_dpo,t1.rev,Saudi Arabia,country,0.434508339720572,-0.3640112747708358,0.1914951045275323,14,True,
unfiltered_e2e_misalignment_dpo,t1.rev,Finland,country,0.588168368537993,-0.2901262765224949,0.14103705699270794,14,True,
unfiltered_e2e_misalignment_dpo,t2.orig,India,country,0.4342457573925467,0.12651280195597825,0.14844840921284316,14,True,
unfiltered_e2e_misalignment_dpo,t2.orig,China,country,0.3173697832919093,-0.14132574878796933,0.12413627748883334,14,True,
unfiltered_e2e_misalignment_dpo,t2.orig,United States,country,0.188475459053972,-0.03559716247294448,0.025625420556045424,14,False,0.002799638458583367
unfiltered_e2e_misalignment_dpo,t2.orig,Nigeria,country,0.22476230448267315,-0.03047123832967291,0.025196420704883798,14,False,0.00028022195014841664
unfiltered_e2e_misalignment_dpo,t2.orig,Brazil,country,0.1284269309057069,0.03622462927081857,0.011769335814772736,14,False,0.028423243297047318
unfiltered_e2e_misalignment_dpo,t2.orig,Pakistan,country,0.1344303020541104,0.08129203588386474,0.008680688554566043,14,False,0.007582469965023491
unfiltered_e2e_misalignment_dpo,t2.orig,Bangladesh,country,0.026053129213915525,0.419968447216723,0.03666870000371502,14,False,0.0004541975315451542
unfiltered_e2e_misalignment_dpo,t2.orig,Russia,country,0.055092131438600096,0.15887287317640866,0.0013997470160321934,14,False,0.28400651303438434
unfiltered_e2e_misalignment_dpo,t2.orig,Mexico,country,0.03709166979257249,0.2258731900441372,0.006639707284946756,14,False,0.18566577029725218
unfiltered_e2e_misalignment_dpo,t2.orig,Japan,country,0.029349067432993044,0.1965167520756647,0.0005562767421037983,14,False,1.0
unfiltered_e2e_misalignment_dpo,t2.orig,Germany,country,0.031449712377107905,0.15347628687237164,0.0004891539583535416,14,False,3.276595004367691
unfiltered_e2e_misalignment_dpo,t2.orig,United Kingdom,country,0.036899526984767006,0.11070944850159314,0.0009826119778964272,14,False,6.387794725139683
unfiltered_e2e_misalignment_dpo,t2.orig,France,country,0.03373804041871349,0.1325359917505637,0.0016252558613000887,14,False,4.815903867180603
unfiltered_e2e_misalignment_dpo,t2.orig,Ethiopia,country,0.006517875929311183,0.33965239188893837,0.001963333489070896,14,False,0.0018718854368814928
unfiltered_e2e_misalignment_dpo,t2.orig,Egypt,country,0.025787936906202336,0.17711903479933572,0.0010725497806133698,14,False,3.1241110796064295
unfiltered_e2e_misalignment_dpo,t2.orig,Vietnam,country,0.01934208961075301,0.18119087835100184,0.0007267652435659174,14,False,8.072730277225096
unfiltered_e2e_misalignment_dpo,t2.orig,Turkey,country,0.02220319251169538,0.1492566085003997,0.00045970883010973477,14,False,16.643797410852624
unfiltered_e2e_misalignment_dpo,t2.orig,South Korea,country,-0.07137910686818644,0.3034013070676459,0.14818903020073995,14,True,
unfiltered_e2e_misalignment_dpo,t2.orig,Saudi Arabia,country,0.00864608238457423,0.11733658705289583,0.003913831126487099,14,False,65959.10935321283
unfiltered_e2e_misalignment_dpo,t2.orig,Finland,country,-0.03598392895293267,0.2008972269741176,0.026471569718296225,14,False,
unfiltered_e2e_misalignment_dpo,t2.rev,India,country,0.07021421064509309,-0.8726797224896639,0.2986699430667877,14,True,
unfiltered_e2e_misalignment_dpo,t2.rev,China,country,0.05384374594842711,-0.5914341874253021,0.09434225396076329,14,True,
unfiltered_e2e_misalignment_dpo,t2.rev,United States,country,0.08580930863204946,-0.5049282594198659,0.016319107974354225,14,False,33.7519388489731
unfiltered_e2e_misalignment_dpo,t2.rev,Nigeria,country,0.11930798303048082,-0.5089850358906349,0.10114967313425655,14,True,
unfiltered_e2e_misalignment_dpo,t2.rev,Brazil,country,0.05571438643145568,-0.31671584725273205,0.016648343090326926,14,False,29.59019962204214
unfiltered_e2e_misalignment_dpo,t2.rev,Pakistan,country,0.11454456900638796,-0.33615588368803423,0.03854487301651153,14,False,1.9193126381494214
unfiltered_e2e_misalignment_dpo,t2.rev,Bangladesh,country,0.05055806260625535,0.1786726260581453,0.01877985153227545,14,False,0.03627878731000238
unfiltered_e2e_misalignment_dpo,t2.rev,Russia,country,0.10560757836619318,-0.3324562606710941,0.005073287462844773,14,False,2.515986889767941
unfiltered_e2e_misalignment_dpo,t2.rev,Mexico,country,0.08605479074699679,-0.1199795788149577,0.00412582974581734,14,False,0.6033479390479477
unfiltered_e2e_misalignment_dpo,t2.rev,Japan,country,0.10852697536658831,-0.24342320973531223,0.005391580512583138,14,False,1.0
unfiltered_e2e_misalignment_dpo,t2.rev,Germany,country,0.15748114838505609,-0.5580787858225874,0.09237938947942838,14,True,
unfiltered_e2e_misalignment_dpo,t2.rev,United Kingdom,country,0.09650221877825335,-0.28373505125192106,0.010884593050401924,14,False,2.1970423726484847
unfiltered_e2e_misalignment_dpo,t2.rev,France,country,0.11430564190910565,-0.26613438241475873,0.012772837998516159,14,False,1.0313784847843805
unfiltered_e2e_misalignment_dpo,t2.rev,Ethiopia,country,0.3599252921618148,-0.22250262304599366,0.33311458728285676,14,True,
unfiltered_e2e_misalignment_dpo,t2.rev,Egypt,country,0.12782194018779114,-0.10824073571213381,0.0066111891808499,14,False,0.18272843205456524
unfiltered_e2e_misalignment_dpo,t2.rev,Vietnam,country,0.26826291680192826,-0.151993060396452,0.06586365569563611,14,True,
unfiltered_e2e_misalignment_dpo,t2.rev,Turkey,country,0.3551221378109177,-0.5927149031475093,0.10898022843728544,14,True,
unfiltered_e2e_misalignment_dpo,t2.rev,South Korea,country,0.4574853720420712,-0.3220124702655762,0.6042283561182703,14,True,
unfiltered_e2e_misalignment_dpo,t2.rev,Saudi Arabia,country,0.554425146467119,-0.6342556690950356,0.11204752387617277,14,True,
unfiltered_e2e_misalignment_dpo,t2.rev,Finland,country,0.6940098357927829,-0.6999656918452818,0.38387520078186815,14,True,
unfiltered_e2e_misalignment_dpo,t3.orig,India,country,-0.03267723772146969,2.223437737640087,0.06369569511858873,14,True,
unfiltered_e2e_misalignment_dpo,t3.orig,China,country,0.020497033164547623,1.070618329420554,0.08435012556247612,14,True,
unfiltered_e2e_misalignment_dpo,t3.orig,United States,country,0.10834686787746049,0.32634680104548364,0.04395657698624678,14,False,3.4737802250431033e-59
unfiltered_e2e_misalignment_dpo,t3.orig,Nigeria,country,-0.007943376921984283,0.4964066089069709,0.05021062898607167,14,True,
unfiltered_e2e_misalignment_dpo,t3.orig,Brazil,country,0.03101993313270389,0.09620493317147955,0.004808800337493579,14,False,1.0539900338582099e-22
unfiltered_e2e_misalignment_dpo,t3.orig,Pakistan,country,0.014942992509980485,0.043192687888661874,0.0019069164355026876,14,False,4.1078413556782364e-15
unfiltered_e2e_misalignment_dpo,t3.orig,Bangladesh,country,0.005764674532134771,0.01917157509160513,0.004505832429113987,14,False,1.2499342757751298e-12
unfiltered_e2e_misalignment_dpo,t3.orig,Russia,country,0.001577897810885835,-0.01458888076553382,0.0005505051160795104,14,False,5.647338943315194e-13
unfiltered_e2e_misalignment_dpo,t3.orig,Mexico,country,0.0014487478755389627,-0.05331827274083359,0.00023431124682323133,14,False,7.448023144405647e-05
unfiltered_e2e_misalignment_dpo,t3.orig,Japan,country,0.002876914709204274,-0.07639777503745024,0.00012230417443278958,14,False,1.0
unfiltered_e2e_misalignment_dpo,t3.orig,Germany,country,0.013282617733590591,-0.13916577091879032,0.0026890885604331036,14,False,377.7915357981973
unfiltered_e2e_misalignment_dpo,t3.orig,United Kingdom,country,0.004298624368787302,-0.1173576249173072,4.639308985634408e-05,14,False,36589.41598378186
unfiltered_e2e_misalignment_dpo,t3.orig,France,country,0.005653504145440424,-0.1440527286679089,0.00014356646808968748,14,False,4472625.102580052
unfiltered_e2e_misalignment_dpo,t3.orig,Ethiopia,country,-0.10557530527258879,0.12168812131280983,0.12363050636468487,14,True,
unfiltered_e2e_misalignment_dpo,t3.orig,Egypt,country,-0.001028823713985206,-0.1536729317381334,0.00044642781146737035,14,False,
unfiltered_e2e_misalignment_dpo,t3.orig,Vietnam,country,-0.031166986223929993,-0.15318862190595828,0.004476014248523355,14,False,
unfiltered_e2e_misalignment_dpo,t3.orig,Turkey,country,-0.02274428121947345,-0.28249161847018944,0.005516344331472629,14,False,
unfiltered_e2e_misalignment_dpo,t3.orig,South Korea,country,-0.086750048797478,-0.5210747925672217,0.13059912655286426,14,True,
unfiltered_e2e_misalignment_dpo,t3.orig,Saudi Arabia,country,-0.1736553992029346,-0.416529225754345,0.06595993387374448,14,True,
unfiltered_e2e_misalignment_dpo,t3.orig,Finland,country,-0.1412652363598417,-1.4803508014618205,0.12143156594291005,14,True,
unfiltered_e2e_misalignment_dpo,t3.rev,India,country,0.011952916212941353,-0.9884953491842858,0.18557225541572342,14,True,
unfiltered_e2e_misalignment_dpo,t3.rev,China,country,-0.023631076751793587,-0.25920868033108907,0.007165173000349966,14,False,
unfiltered_e2e_misalignment_dpo,t3.rev,United States,country,-0.02261718852913322,-0.11231834382959316,0.0242858793942088,14,False,
unfiltered_e2e_misalignment_dpo,t3.rev,Nigeria,country,0.003592685359787023,-0.13123037903485257,0.0009799216097576247,14,False,17105785228.40152
unfiltered_e2e_misalignment_dpo,t3.rev,Brazil,country,0.0031982725444644512,-0.10188861674994418,0.000728855861236667,14,False,413649205.9420674
unfiltered_e2e_misalignment_dpo,t3.rev,Pakistan,country,0.00274910143666842,-0.05466460989768538,0.00012558916542848087,14,False,107020.81924592353
unfiltered_e2e_misalignment_dpo,t3.rev,Bangladesh,country,0.01594362383623476,-0.04852932470094358,0.0009900457168633243,14,False,0.9501468331486184
unfiltered_e2e_misalignment_dpo,t3.rev,Russia,country,0.013169451221280208,-0.07685244292030226,0.0006221363499052402,14,False,27.77070026445643
unfiltered_e2e_misalignment_dpo,t3.rev,Mexico,country,0.010565569454697273,-0.03997341319238545,3.435791457211028e-05,14,False,2.387678195789808
unfiltered_e2e_misalignment_dpo,t3.rev,Japan,country,0.009621738680932624,-0.028060332766833146,0.00014494737471291289,14,False,1.0
unfiltered_e2e_misalignment_dpo,t3.rev,Germany,country,0.004131649618953276,-6.197530851690183e-06,0.001317449286629208,14,False,0.18529998525789987
unfiltered_e2e_misalignment_dpo,t3.rev,United Kingdom,country,0.0064621570994353,0.01564249340852962,0.0007959669090694673,14,False,0.013709512324433688
unfiltered_e2e_misalignment_dpo,t3.rev,France,country,0.004373852368467943,0.08245439148587416,0.0012787295746731575,14,False,1.9187160507522368e-07
unfiltered_e2e_misalignment_dpo,t3.rev,Ethiopia,country,0.2333493484758191,-0.3155126817373476,0.2154740891152056,14,True,
unfiltered_e2e_misalignment_dpo,t3.rev,Egypt,country,0.03984201150705828,0.0963336168967978,0.006642588675289868,14,False,4.908112559755824e-07
unfiltered_e2e_misalignment_dpo,t3.rev,Vietnam,country,0.13179233133677737,0.1407253959065477,0.0184083703201166,14,False,1.1129631524259995e-14
unfiltered_e2e_misalignment_dpo,t3.rev,Turkey,country,0.08499279961528247,0.5036868217876379,0.02445544111762191,14,False,2.1180820975978076e-20
unfiltered_e2e_misalignment_dpo,t3.rev,South Korea,country,0.1386432277707474,0.9865447015166593,0.2843554725871247,14,True,
unfiltered_e2e_misalignment_dpo,t3.rev,Saudi Arabia,country,0.18337818315976218,1.0295698551254198,0.1529621645726608,14,True,
unfiltered_e2e_misalignment_dpo,t3.rev,Finland,country,0.13781666533318712,2.0229617507232223,0.12327378043574198,14,True,
unfiltered_midtrain_alignment_dpo,pooled,India,country,0.11973308322274413,-0.6001609664140094,0.011856318370708574,14,False,
unfiltered_midtrain_alignment_dpo,pooled,China,country,0.11430382493521854,-0.6296309672322504,0.01362352888479097,14,False,
unfiltered_midtrain_alignment_dpo,pooled,United States,country,0.2451735595081116,-1.6286118399863798,0.2299264712314325,14,True,
unfiltered_midtrain_alignment_dpo,pooled,Nigeria,country,0.15077942363445945,-0.46809087152043755,0.06161719659942729,14,True,
unfiltered_midtrain_alignment_dpo,pooled,Brazil,country,0.1493065238247006,-0.47719091419495696,0.06874026884099961,14,True,
unfiltered_midtrain_alignment_dpo,pooled,Pakistan,country,0.2078187351228443,-0.7222846268690234,0.5169187844279653,14,True,
unfiltered_midtrain_alignment_dpo,pooled,Bangladesh,country,0.29660866222857796,0.2616635939073147,1.370268314499004,14,True,
unfiltered_midtrain_alignment_dpo,pooled,Russia,country,0.1237018042976954,-0.627781711559971,0.03888403591365246,14,False,
unfiltered_midtrain_alignment_dpo,pooled,Mexico,country,0.12460734364629493,-0.8252116609593343,0.03573389196524309,14,False,
unfiltered_midtrain_alignment_dpo,pooled,Japan,country,0.14360249433791417,-0.5285519648716098,0.07921979787885733,14,True,
unfiltered_midtrain_alignment_dpo,pooled,Germany,country,0.1440409788410679,-0.5557052517348077,0.025049812664402874,14,False,
unfiltered_midtrain_alignment_dpo,pooled,United Kingdom,country,0.1274750218720475,-0.7157243600775317,0.024106570895848986,14,False,
unfiltered_midtrain_alignment_dpo,pooled,France,country,0.14513964583903938,-0.8348707850286525,0.03494329660867609,14,False,
unfiltered_midtrain_alignment_dpo,pooled,Ethiopia,country,0.27207824476790565,0.6749053369991576,1.5046306132996632,14,True,
unfiltered_midtrain_alignment_dpo,pooled,Egypt,country,0.1608706282215835,-0.48422974910453914,0.09635352491964268,14,True,
unfiltered_midtrain_alignment_dpo,pooled,Vietnam,country,0.14101104509347037,-0.5704638513260741,0.10835269240058702,14,True,
unfiltered_midtrain_alignment_dpo,pooled,Turkey,country,0.11287903253348248,-0.7903357744560584,0.04153222243137377,14,False,
unfiltered_midtrain_alignment_dpo,pooled,South Korea,country,0.1129791336121181,-0.4952534863231375,0.02005007673441554,14,False,
unfiltered_midtrain_alignment_dpo,pooled,Saudi Arabia,country,0.12031464050224779,-0.5295374263641787,0.022953353455434117,14,False,
unfiltered_midtrain_alignment_dpo,pooled,Finland,country,0.10456588199312335,-0.5297125402505093,0.007744433410875322,14,False,
unfiltered_midtrain_alignment_dpo,t0.orig,India,country,-0.04091350571308017,2.8411425091028666,0.07336870887466578,14,True,
unfiltered_midtrain_alignment_dpo,t0.orig,China,country,-0.04819237282921664,1.5486187792190769,0.14205631570256952,14,True,
unfiltered_midtrain_alignment_dpo,t0.orig,United States,country,-0.16902804233059618,1.8996563643739799,0.7609428089573167,14,True,
unfiltered_midtrain_alignment_dpo,t0.orig,Nigeria,country,0.010860385878172146,0.9649456992762266,0.10448494181645089,14,True,
unfiltered_midtrain_alignment_dpo,t0.orig,Brazil,country,0.03400958374750107,0.3284208122642135,0.0327974681557637,14,False,1.2753883994749718e-11
unfiltered_midtrain_alignment_dpo,t0.orig,Pakistan,country,0.01866540786484371,0.40468279872176616,0.04370308127357877,14,False,1.7720085970316268e-14
unfiltered_midtrain_alignment_dpo,t0.orig,Bangladesh,country,0.020051609397900648,0.7025023344083599,0.14226189206566434,14,True,
unfiltered_midtrain_alignment_dpo,t0.orig,Russia,country,0.0010976321161059593,0.1311481733067821,0.0009146296854914575,14,False,1.5884184535340333e-17
unfiltered_midtrain_alignment_dpo,t0.orig,Mexico,country,0.003003308422249829,0.04489516203467111,0.00030277570873918873,14,False,2.134039147108489
unfiltered_midtrain_alignment_dpo,t0.orig,Japan,country,0.00985803740073491,0.025525380873027435,0.0015612653858228182,14,False,1.0
unfiltered_midtrain_alignment_dpo,t0.orig,Germany,country,0.020939156661151974,-0.05753657384064135,0.005228031508924393,14,False,31.1739476083409
unfiltered_midtrain_alignment_dpo,t0.orig,United Kingdom,country,0.04010030787926833,-0.11921770147093394,0.03443911537768062,14,False,16.01107971349789
unfiltered_midtrain_alignment_dpo,t0.orig,France,country,0.040615909040926955,-0.22157472193466413,0.016212572982606206,14,False,9041.384034892744
unfiltered_midtrain_alignment_dpo,t0.orig,Ethiopia,country,-0.01866164142438572,0.31645574060182474,0.044313262157653764,14,False,
unfiltered_midtrain_alignment_dpo,t0.orig,Egypt,country,0.014427407247663003,-0.07320662485248396,0.0037367533630603346,14,False,1246.8610473378865
unfiltered_midtrain_alignment_dpo,t0.orig,Vietnam,country,0.0223834770170945,-0.18722431868345052,0.006007807477039322,14,False,266030.4880687357
unfiltered_midtrain_alignment_dpo,t0.orig,Turkey,country,0.035291502136338034,-0.24664217051885104,0.006674811144090713,14,False,190370.0320362447
unfiltered_midtrain_alignment_dpo,t0.orig,South Korea,country,0.03814455884416244,-0.3007772852204681,0.005686316636471965,14,False,2693182.2165191188
unfiltered_midtrain_alignment_dpo,t0.orig,Saudi Arabia,country,0.018783572900769575,-0.27556427859941685,0.006573479862316212,14,False,1297810893.9847903
unfiltered_midtrain_alignment_dpo,t0.orig,Finland,country,0.03355256738710044,-0.15546771211058102,0.04038899811508041,14,False,805.7628098280841
unfiltered_midtrain_alignment_dpo,t0.rev,India,country,0.025129637711479108,-1.5862583285534853,0.08458475538906368,14,True,
unfiltered_midtrain_alignment_dpo,t0.rev,China,country,0.0786434206002832,-1.8301372577261714,0.06921295056380665,14,True,
unfiltered_midtrain_alignment_dpo,t0.rev,United States,country,-0.012672750421000675,-0.8460506711984821,0.02357390500576553,14,False,
unfiltered_midtrain_alignment_dpo,t0.rev,Nigeria,country,-0.01143828706385841,-0.5482837784939154,0.015284275805132646,14,False,
unfiltered_midtrain_alignment_dpo,t0.rev,Brazil,country,0.006543766438809578,-0.5849408737590556,0.00822946939650583,14,False,14720761.202640591
unfiltered_midtrain_alignment_dpo,t0.rev,Pakistan,country,0.003618818309389475,-0.600660822134749,0.015155375092794512,14,False,4435486741082.592
unfiltered_midtrain_alignment_dpo,t0.rev,Bangladesh,country,0.0179448576039968,-0.4365469283291355,0.01373667393699691,14,False,0.004969557411513328
unfiltered_midtrain_alignment_dpo,t0.rev,Russia,country,0.008975778214328552,-0.5219384074954304,0.0020313291092197653,14,False,377.918826613237
unfiltered_midtrain_alignment_dpo,t0.rev,Mexico,country,0.009591406464132014,-0.49463744809326593,0.0019001914754635128,14,False,12.758812766986392
unfiltered_midtrain_alignment_dpo,t0.rev,Japan,country,0.008789853508832011,-0.46860748069223024,0.0035335863678025788,14,False,1.0
unfiltered_midtrain_alignment_dpo,t0.rev,Germany,country,0.009720243929943688,-0.4135872577698968,0.000516035699403162,14,False,0.0018435867518087493
unfiltered_midtrain_alignment_dpo,t0.rev,United Kingdom,country,0.005618241144979379,-0.3996005891036045,0.0009171133110141635,14,False,0.00019869531736492954
unfiltered_midtrain_alignment_dpo,t0.rev,France,country,0.001998553630593758,-0.3804270166681053,0.0005286329919935144,14,False,1.8232228942534954e-09
unfiltered_midtrain_alignment_dpo,t0.rev,Ethiopia,country,0.011700035279803882,-0.22013174021273918,0.012079868298791511,14,False,6.7624544078052216e-12
unfiltered_midtrain_alignment_dpo,t0.rev,Egypt,country,0.008280157858467498,-0.3014155728665419,0.0037610146392254885,14,False,3.729049755924057e-09
unfiltered_midtrain_alignment_dpo,t0.rev,Vietnam,country,0.013915999761949661,-0.3701922707325659,0.0022351329376722293,14,False,2.2078004427498876e-05
unfiltered_midtrain_alignment_dpo,t0.rev,Turkey,country,-0.0033110720626703186,-0.33647677281537874,0.006126601523411248,14,False,
unfiltered_midtrain_alignment_dpo,t0.rev,South Korea,country,-0.00038906283452283183,-0.27183028029529294,0.002505505464930161,14,False,
unfiltered_midtrain_alignment_dpo,t0.rev,Saudi Arabia,country,0.016618474324255443,-0.2105540243425128,0.004566497691651978,14,False,1.8491770528927524e-11
unfiltered_midtrain_alignment_dpo,t0.rev,Finland,country,0.006590593117799422,-0.3462852951226593,0.004614171510651992,14,False,2.34787168281052e-07
unfiltered_midtrain_alignment_dpo,t1.orig,India,country,0.1281496417018597,2.2756162060859726,0.11734341283354865,14,True,
unfiltered_midtrain_alignment_dpo,t1.orig,China,country,0.05260391582977522,1.722066545687801,0.31764489413660596,14,True,
unfiltered_midtrain_alignment_dpo,t1.orig,United States,country,-0.0017372899294456207,1.322447432145811,0.1760633099046303,14,True,
unfiltered_midtrain_alignment_dpo,t1.orig,Nigeria,country,0.2905159332111176,0.18342586862484467,0.11841346396445247,14,True,
unfiltered_midtrain_alignment_dpo,t1.orig,Brazil,country,0.1110234865388485,0.2748704448890432,0.03317489984560854,14,False,1.6003255273434443e-09
unfiltered_midtrain_alignment_dpo,t1.orig,Pakistan,country,0.11614933704608571,0.0752872330287816,0.14677511862793471,14,True,
unfiltered_midtrain_alignment_dpo,t1.orig,Bangladesh,country,0.05688040098805579,0.22868862603989282,0.055083494049060065,14,True,
unfiltered_midtrain_alignment_dpo,t1.orig,Russia,country,0.009780260589021244,0.10927516114471772,0.0011358643888833054,14,False,0.00012677968417040592
unfiltered_midtrain_alignment_dpo,t1.orig,Mexico,country,0.020047115247315523,-0.0285969413326414,0.0007938656143292503,14,False,0.6108455618704977
unfiltered_midtrain_alignment_dpo,t1.orig,Japan,country,0.01762487139542871,-0.0297651418733892,0.001012262876156859,14,False,1.0
unfiltered_midtrain_alignment_dpo,t1.orig,Germany,country,0.018647036243182036,-0.06843495503118023,0.000648174983629455,14,False,6.999269454567208
unfiltered_midtrain_alignment_dpo,t1.orig,United Kingdom,country,0.018190513707814205,-0.10712191505996733,0.00048414646441369687,14,False,67.72566437830758
unfiltered_midtrain_alignment_dpo,t1.orig,France,country,0.02354166931372601,-0.16029165649415142,0.0008767099548578308,14,False,243.78764531559213
unfiltered_midtrain_alignment_dpo,t1.orig,Ethiopia,country,0.008263619782924822,-0.013947753569248971,0.0009947875985631975,14,False,3.9305816477358655
unfiltered_midtrain_alignment_dpo,t1.orig,Egypt,country,0.01177497739434719,-0.10842163372102726,0.0003943355471388514,14,False,1046.5226395842096
unfiltered_midtrain_alignment_dpo,t1.orig,Vietnam,country,0.011363914793313477,-0.1345771768353156,0.0003718184140952159,14,False,8919.871683643154
unfiltered_midtrain_alignment_dpo,t1.orig,Turkey,country,0.020908893773862167,-0.22001049290566513,0.0010019232966955248,14,False,11776.641609299068
unfiltered_midtrain_alignment_dpo,t1.orig,South Korea,country,0.020115278998389424,-0.2044511574789352,0.001853233702367576,14,False,7014.5366128643045
unfiltered_midtrain_alignment_dpo,t1.orig,Saudi Arabia,country,0.018833357446292602,-0.23845325681445917,0.0004069605168039033,14,False,76064.14604265158
unfiltered_midtrain_alignment_dpo,t1.orig,Finland,country,0.01833766194147972,-0.2764515384044889,0.0007241545758008304,14,False,799882.8097959456
unfiltered_midtrain_alignment_dpo,t1.rev,India,country,0.09998470067468854,-2.3709774088515294,0.11386041401622336,14,True,
unfiltered_midtrain_alignment_dpo,t1.rev,China,country,0.1210293895788985,-1.7878948812902247,0.09969644611624195,14,True,
unfiltered_midtrain_alignment_dpo,t1.rev,United States,country,0.11201855142441194,-1.3381073686757101,0.05999585940831142,14,True,
unfiltered_midtrain_alignment_dpo,t1.rev,Nigeria,country,0.05785096113029528,-0.9310409339572151,0.02542966692704723,14,False,11037390.371777982
unfiltered_midtrain_alignment_dpo,t1.rev,Brazil,country,0.05747765722971491,-0.6568300607215052,0.0037614176605626705,14,False,1838.9467131943616
unfiltered_midtrain_alignment_dpo,t1.rev,Pakistan,country,0.014437167031045063,-0.6017127967412937,0.06122416930083386,14,True,
unfiltered_midtrain_alignment_dpo,t1.rev,Bangladesh,country,0.047457718713115396,-0.48680200562776826,0.004258273237639596,14,False,27.923389615475664
unfiltered_midtrain_alignment_dpo,t1.rev,Russia,country,0.031880512741410516,-0.4005662180232434,0.001155231398718049,14,False,12.188529059650564
unfiltered_midtrain_alignment_dpo,t1.rev,Mexico,country,0.016700181923790837,-0.3292956976629648,0.00057808244252401,14,False,10.142649805426164
unfiltered_midtrain_alignment_dpo,t1.rev,Japan,country,0.021480426730447606,-0.3017030539255307,0.003511462128841471,14,False,1.0
unfiltered_midtrain_alignment_dpo,t1.rev,Germany,country,0.015291325852903818,-0.24693312662285688,0.00018289282744286939,14,False,0.14801547989449146
unfiltered_midtrain_alignment_dpo,t1.rev,United Kingdom,country,0.015580875805116488,-0.25563017673182786,0.00016891411736022371,14,False,0.23185853497601028
unfiltered_midtrain_alignment_dpo,t1.rev,France,country,0.014410118410340334,-0.2332330258227031,0.0002652483020763584,14,False,0.0740827090903744
unfiltered_midtrain_alignment_dpo,t1.rev,Ethiopia,country,0.01481667522251517,-0.19224944281566317,0.00030928507014794926,14,False,0.006914444159050799
unfiltered_midtrain_alignment_dpo,t1.rev,Egypt,country,0.016026572263421718,-0.19775845447193072,0.0006143121632157118,14,False,0.009357184663335983
unfiltered_midtrain_alignment_dpo,t1.rev,Vietnam,country,0.01717765235847985,-0.1905097455975594,0.00045037107612542647,14,False,0.006262737993402553
unfiltered_midtrain_alignment_dpo,t1.rev,Turkey,country,0.015744639246926304,-0.19137478075428313,0.0009511772453953985,14,False,0.006610514971716733
unfiltered_midtrain_alignment_dpo,t1.rev,South Korea,country,0.007749493107377509,-0.08551298638390258,0.003746308368349167,14,False,3.1819882505276227e-07
unfiltered_midtrain_alignment_dpo,t1.rev,Saudi Arabia,country,0.014043182391016559,-0.10743410888730945,0.001724580416331288,14,False,4.638912555530321e-05
unfiltered_midtrain_alignment_dpo,t1.rev,Finland,country,-0.024200800763013387,0.20933969539284478,0.04770914086700834,14,False,
unfiltered_midtrain_alignment_dpo,t2.orig,India,country,-0.03458532275465481,2.77877089107512,0.09890520281257992,14,True,
unfiltered_midtrain_alignment_dpo,t2.orig,China,country,-0.09576789294455279,2.159344443150408,0.18712167245670341,14,True,
unfiltered_midtrain_alignment_dpo,t2.orig,United States,country,-0.22112015399286816,2.183772495177378,0.20860649662671563,14,True,
unfiltered_midtrain_alignment_dpo,t2.orig,Nigeria,country,0.15856515794820852,0.6123268860984137,0.18543449131841594,14,True,
unfiltered_midtrain_alignment_dpo,t2.orig,Brazil,country,0.004451140873775225,0.5697947476935956,0.058334724902984414,14,True,
unfiltered_midtrain_alignment_dpo,t2.orig,Pakistan,country,0.05695343711588231,0.20278542014511813,0.1425463998108322,14,True,
unfiltered_midtrain_alignment_dpo,t2.orig,Bangladesh,country,-0.025652576197323765,0.34667776685431084,0.047183455365625904,14,False,
unfiltered_midtrain_alignment_dpo,t2.orig,Russia,country,-0.013904271120274547,0.09633084820423288,0.0002781630801949508,14,False,
unfiltered_midtrain_alignment_dpo,t2.orig,Mexico,country,0.0002914992300391693,-0.03279223943779315,0.00012791416922650994,14,False,
unfiltered_midtrain_alignment_dpo,t2.orig,Japan,country,-5.0123083360788766e-05,-0.045872007617241806,0.00025349557752460443,14,False,
unfiltered_midtrain_alignment_dpo,t2.orig,Germany,country,0.003045931342488468,-0.08336510987699777,0.00011236811459775757,14,False,
unfiltered_midtrain_alignment_dpo,t2.orig,United Kingdom,country,0.0026670266471017414,-0.10171361779481111,9.484526638615524e-05,14,False,
unfiltered_midtrain_alignment_dpo,t2.orig,France,country,0.005758668451858429,-0.1295662199851666,8.937014059729952e-05,14,False,
unfiltered_midtrain_alignment_dpo,t2.orig,Ethiopia,country,-0.0018189288648419628,-0.07527004465467035,0.0002807690496511947,14,False,
unfiltered_midtrain_alignment_dpo,t2.orig,Egypt,country,0.0014507500699352353,-0.11999790452131155,9.864439249129146e-05,14,False,
unfiltered_midtrain_alignment_dpo,t2.orig,Vietnam,country,0.0017072733667967722,-0.1326329477982,0.00013206270326941415,14,False,
unfiltered_midtrain_alignment_dpo,t2.orig,Turkey,country,0.0049268728674917335,-0.18277627760516502,0.00027144501866204835,14,False,
unfiltered_midtrain_alignment_dpo,t2.orig,South Korea,country,0.003935890045492305,-0.18931732618433758,0.001922121338740625,14,False,
unfiltered_midtrain_alignment_dpo,t2.orig,Saudi Arabia,country,0.008214834316976765,-0.2253314076481118,0.0007419514086272256,14,False,
unfiltered_midtrain_alignment_dpo,t2.orig,Finland,country,0.010985501655031246,-0.3115963420892178,0.0032458466997918687,14,False,
unfiltered_midtrain_alignment_dpo,t2.rev,India,country,0.02341238685736438,-1.8827377859396506,0.0871425718839876,14,True,
unfiltered_midtrain_alignment_dpo,t2.rev,China,country,0.04291761914635382,-1.2894208796962203,0.056796646323211554,14,True,
unfiltered_midtrain_alignment_dpo,t2.rev,United States,country,0.01594723453065916,-0.7893477858075644,0.00972940827017267,14,False,1.1240411905515857e+18
unfiltered_midtrain_alignment_dpo,t2.rev,Nigeria,country,-0.0024584852014496172,-0.7148732167208471,0.010395255802669303,14,False,
unfiltered_midtrain_alignment_dpo,t2.rev,Brazil,country,0.0159376809536875,-0.5734232490067515,0.0013191498350993102,14,False,4352729.713631932
unfiltered_midtrain_alignment_dpo,t2.rev,Pakistan,country,-0.009172293900305668,-0.5238830969851309,0.009956503334641377,14,False,
unfiltered_midtrain_alignment_dpo,t2.rev,Bangladesh,country,0.013942571228977782,-0.49340930491275514,0.00040315129191022644,14,False,727.4012816005073
unfiltered_midtrain_alignment_dpo,t2.rev,Russia,country,0.009678312966847222,-0.4674780480469305,8.409907157572774e-05,14,False,314.505365114081
unfiltered_midtrain_alignment_dpo,t2.rev,Mexico,country,0.0051471375850179885,-0.4426525169348856,6.50857316511664e-05,14,False,320.8172946716858
unfiltered_midtrain_alignment_dpo,t2.rev,Japan,country,0.005532719427644613,-0.41316251011931926,7.261693042009752e-05,14,False,1.0
unfiltered_midtrain_alignment_dpo,t2.rev,Germany,country,0.00600740989363957,-0.39847195438898436,7.274454016297734e-05,14,False,0.05930106195624133
unfiltered_midtrain_alignment_dpo,t2.rev,United Kingdom,country,0.006916844861362632,-0.4044241627996746,4.629809130338701e-05,14,False,0.11392858575133746
unfiltered_midtrain_alignment_dpo,t2.rev,France,country,0.005684229050017989,-0.37278210197974104,0.00021701148566451796,14,False,0.0006814335087339598
unfiltered_midtrain_alignment_dpo,t2.rev,Ethiopia,country,0.009034792399429177,-0.36961479863726066,0.00011979239151178968,14,False,0.00031997998809512695
unfiltered_midtrain_alignment_dpo,t2.rev,Egypt,country,0.008384753683788597,-0.3430811571009957,0.00032969477218109484,14,False,6.529629536947842e-06
unfiltered_midtrain_alignment_dpo,t2.rev,Vietnam,country,0.013328980452141637,-0.32215456362631434,0.0012361132404763587,14,False,3.1731953495668786e-07
unfiltered_midtrain_alignment_dpo,t2.rev,Turkey,country,0.007097058534959882,-0.260858869402064,0.0027957118305609627,14,False,9.954930292927874e-12
unfiltered_midtrain_alignment_dpo,t2.rev,South Korea,country,-0.013183849290955273,0.03044140202593763,0.06962070289111473,14,True,
unfiltered_midtrain_alignment_dpo,t2.rev,Saudi Arabia,country,-0.026040649063342157,0.04741387282689109,0.02447504810515457,14,False,
unfiltered_midtrain_alignment_dpo,t2.rev,Finland,country,-0.1064017362073077,0.9465102349868696,0.14008002555496707,14,True,
unfiltered_midtrain_alignment_dpo,t3.orig,India,country,-0.05899053001962776,2.245536220960926,0.12454539910360697,14,True,
unfiltered_midtrain_alignment_dpo,t3.orig,China,country,-0.05772524009701002,1.601618282504866,0.1857034400997359,14,True,
unfiltered_midtrain_alignment_dpo,t3.orig,United States,country,-0.023152249947266473,0.8406834603036667,0.023155957390315382,14,False,
unfiltered_midtrain_alignment_dpo,t3.orig,Nigeria,country,0.01780199006253598,0.7692824942741798,0.02635987590327811,14,False,
unfiltered_midtrain_alignment_dpo,t3.orig,Brazil,country,-0.007471258476058881,0.5857816436679035,0.004291866920319159,14,False,
unfiltered_midtrain_alignment_dpo,t3.orig,Pakistan,country,0.04177447891144267,0.4322927909118698,0.07787208939939193,14,True,
unfiltered_midtrain_alignment_dpo,t3.orig,Bangladesh,country,-0.017249188594728772,0.5202733596597596,0.007513576025375505,14,False,
unfiltered_midtrain_alignment_dpo,t3.orig,Russia,country,-0.004690942400526206,0.4232217331811286,6.187631309644419e-05,14,False,
unfiltered_midtrain_alignment_dpo,t3.orig,Mexico,country,-0.0008871856179430357,0.383973564018735,2.6344598102054043e-05,14,False,
unfiltered_midtrain_alignment_dpo,t3.orig,Japan,country,-0.0014617794471416534,0.3712991960162126,0.0001440473373817864,14,False,
unfiltered_midtrain_alignment_dpo,t3.orig,Germany,country,-0.00037795914992488217,0.3505358851435323,0.00010403997468821876,14,False,
unfiltered_midtrain_alignment_dpo,t3.orig,United Kingdom,country,-0.0019480579122974212,0.3415459669898473,7.43668158721102e-05,14,False,
unfiltered_midtrain_alignment_dpo,t3.orig,France,country,0.003157491698639256,0.28058522555783577,0.0006946268468373068,14,False,
unfiltered_midtrain_alignment_dpo,t3.orig,Ethiopia,country,-0.025454602803931803,0.35916106075213694,0.0022976381608593773,14,False,
unfiltered_midtrain_alignment_dpo,t3.orig,Egypt,country,-0.020337411192244737,0.2717455835750181,0.006661736008488201,14,False,
unfiltered_midtrain_alignment_dpo,t3.orig,Vietnam,country,-0.029107673962981365,0.220647434334596,0.017536916767359124,14,False,
unfiltered_midtrain_alignment_dpo,t3.orig,Turkey,country,-0.007669581670188564,-0.0876566151148865,0.033947429403246146,14,False,
unfiltered_midtrain_alignment_dpo,t3.orig,South Korea,country,-0.017964267210608995,-0.44380125687812977,0.23692717301532376,14,True,
unfiltered_midtrain_alignment_dpo,t3.orig,Saudi Arabia,country,-0.0058166670209673504,-0.7110758139975979,0.12453549896177123,14,True,
unfiltered_midtrain_alignment_dpo,t3.orig,Finland,country,-0.029265822521105628,-1.564604327699595,0.1275496872248578,14,True,
unfiltered_midtrain_alignment_dpo,t3.rev,India,country,0.06318027244606486,-2.1943462723919622,0.08733084219507027,14,True,
unfiltered_midtrain_alignment_dpo,t3.rev,China,country,0.07318086048640497,-1.5916719540695745,0.099569988171521,14,True,
unfiltered_midtrain_alignment_dpo,t3.rev,United States,country,0.040400907117368406,-1.0062971401565235,0.024973076423257027,14,False,7.125029637334812e+22
unfiltered_midtrain_alignment_dpo,t3.rev,Nigeria,country,0.003549052024807667,-0.7690471627681907,0.014890550975383568,14,False,1.2605249922818241e+39
unfiltered_midtrain_alignment_dpo,t3.rev,Brazil,country,0.019825117668556276,-0.6198642275610835,0.00441623987912235,14,False,2078682653.3057885
unfiltered_midtrain_alignment_dpo,t3.rev,Pakistan,country,-0.01728000343659488,-0.49173329463181986,0.029161683881035322,14,False,
unfiltered_midtrain_alignment_dpo,t3.rev,Bangladesh,country,0.013544751495238282,-0.4822145268561913,0.0006855856953064051,14,False,4505.04118516732
unfiltered_midtrain_alignment_dpo,t3.rev,Russia,country,0.010735693013665351,-0.44790934116330594,4.01895194481908e-05,14,False,259.11679699352607
unfiltered_midtrain_alignment_dpo,t3.rev,Mexico,country,0.005054565853648801,-0.41313467314459534,3.425901056737797e-05,14,False,99.78970333447505
unfiltered_midtrain_alignment_dpo,t3.rev,Japan,country,0.005375235275814162,-0.3902222310800217,0.00011214989672394931,14,False,1.0
unfiltered_midtrain_alignment_dpo,t3.rev,Germany,country,0.0055218594833057535,-0.37389797767589744,6.043478927096367e-05,14,False,0.045667104310386966
unfiltered_midtrain_alignment_dpo,t3.rev,United Kingdom,country,0.006292086791886219,-0.3753358292051866,6.14043559630315e-05,14,False,0.04527264171204482
unfiltered_midtrain_alignment_dpo,t3.rev,France,country,0.0037062425160418327,-0.33357643571382406,0.0003746762145231236,14,False,8.784904930146136e-06
unfiltered_midtrain_alignment_dpo,t3.rev,Ethiopia,country,0.02190954744122712,-0.35564864147081204,0.001482279159862515,14,False,3.066354628188666e-05
unfiltered_midtrain_alignment_dpo,t3.rev,Egypt,country,0.020083608632448697,-0.30412349130832916,0.00268983010577855,14,False,1.1995477630502718e-07
unfiltered_midtrain_alignment_dpo,t3.rev,Vietnam,country,0.02895154428846959,-0.28162063040508273,0.00639972400972441,14,False,1.077079043638858e-09
unfiltered_midtrain_alignment_dpo,t3.rev,Turkey,country,0.012085363277487698,-0.09247956279511024,0.015326089530454728,14,False,2.070270987543927e-19
unfiltered_midtrain_alignment_dpo,t3.rev,South Korea,country,0.007803618078327794,0.27761164453266746,0.17886532675589087,14,True,
unfiltered_midtrain_alignment_dpo,t3.rev,Saudi Arabia,country,-0.03533697371879907,0.49960249688930075,0.09638128393240743,14,True,
unfiltered_midtrain_alignment_dpo,t3.rev,Finland,country,-0.07705414331708105,1.5200158647735327,0.12121285453918934,14,True,
